bidx,year,n_events,longest_event_days,total_drought_days,total_deficit_mm,max_intensity,assessable_days
0,2019,3,197,198,504.47991847991943,0.777226984500885,365
1,2019,1,166,149,607.1397705078125,0.7729324102401733,365
2,2019,1,84,91,319.3931579589844,0.7499285936355591,365
3,2019,1,44,51,185.81622314453125,0.6995576024055481,308
4,2019,2,31,59,94.66732180118561,0.4426601827144623,365
5,2019,2,29,55,39.53914833068848,0.5059475898742676,365
6,2019,2,25,45,18.693190097808838,0.8578271269798279,365
7,2019,2,30,43,22.957324028015137,0.4164254665374756,365
8,2019,1,15,39,2.710120677947998,0.4554004371166229,365
9,2019,1,26,37,18.675512313842773,0.2249637246131897,365
10,2019,1,18,25,4.439681053161621,0.794666588306427,365
11,2019,1,22,46,18.057899475097656,0.163374125957489,365
12,2019,1,17,37,4.097455024719238,0.513666033744812,365
13,2019,2,28,52,13.28918719291687,0.3286171853542328,365
14,2019,1,27,45,8.724196434020996,0.45948871970176697,365
15,2019,2,29,62,23.320260047912598,0.28719985485076904,365
16,2019,2,31,74,38.321502685546875,0.4365720748901367,365
17,2019,2,30,45,32.53327751159668,0.3025960326194763,365
18,2019,2,22,38,16.049636363983154,0.30844825506210327,365
19,2019,0,0,2,0.0,,365
20,2019,0,0,1,0.0,,365
21,2019,2,23,46,28.271775245666504,0.8887556791305542,365
22,2019,0,0,23,0.0,,365
23,2019,0,0,0,0.0,,365
24,2019,0,0,0,0.0,,365
25,2019,0,0,0,0.0,,365
26,2019,0,0,0,0.0,,365
27,2019,0,0,0,0.0,,365
28,2019,0,0,0,0.0,,365
29,2019,0,0,2,0.0,,365
30,2019,0,0,12,0.0,,365
31,2019,0,0,14,0.0,,365
32,2019,0,0,15,0.0,,365
33,2019,0,0,19,0.0,,365
34,2019,0,0,3,0.0,,302
35,2019,0,0,9,0.0,,365
36,2019,0,0,5,0.0,,301
37,2019,0,0,24,0.0,,365
38,2019,0,0,1,0.0,,300
39,2019,1,21,38,2.269280195236206,0.7407938838005066,342
40,2019,0,0,23,0.0,,290
41,2019,1,17,30,6.301149845123291,0.3540254533290863,305
42,2019,2,21,49,7.731450319290161,0.8969936966896057,354
43,2019,2,50,78,18.053194999694824,0.9765830039978027,365
44,2019,2,49,63,11.994876384735107,0.8942288160324097,365
45,2019,1,40,58,6.48900032043457,0.7917110323905945,365
46,2019,1,40,40,5.354818344116211,0.810713529586792,365
47,2019,1,39,53,8.470955848693848,0.7544550895690918,328
48,2019,0,0,11,0.0,,332
49,2019,2,16,32,8.128626823425293,0.6495344638824463,313
50,2019,0,0,22,0.0,,294
51,2019,0,0,9,0.0,,252
52,2019,1,15,26,0.7115186452865601,0.3360998332500458,324
53,2019,0,0,10,0.0,,236
54,2019,0,0,13,0.0,,290
55,2019,0,0,9,0.0,,243
56,2019,0,0,11,0.0,,261
57,2019,0,0,6,0.0,,224
58,2019,0,0,1,0.0,,211
59,2019,0,0,1,0.0,,209
60,2019,0,0,6,0.0,,202
61,2019,0,0,5,0.0,,201
62,2019,0,0,0,0.0,,217
63,2019,0,0,2,0.0,,231
64,2019,0,0,3,0.0,,228
65,2019,0,0,4,0.0,,227
66,2019,0,0,6,0.0,,219
67,2019,0,0,6,0.0,,216
68,2019,0,0,6,0.0,,212
69,2019,0,0,10,0.0,,222
70,2019,1,46,42,2.4024808406829834,0.40432125329971313,224
71,2019,1,116,102,48.930782318115234,0.6080688238143921,285
72,2019,1,115,95,41.88473892211914,0.6201825141906738,291
73,2019,2,46,77,29.38661766052246,0.5954287648200989,365
74,2019,1,26,46,4.025132179260254,0.33960944414138794,299
75,2019,1,19,28,2.074261426925659,0.9321514964103699,316
76,2019,1,28,39,2.5393900871276855,0.9411913752555847,349
77,2019,1,20,38,2.9450578689575195,0.8759377598762512,365
78,2019,1,28,40,2.9609973430633545,0.9086378216743469,365
79,2019,0,0,29,0.0,,365
80,2019,1,19,27,1.5998448133468628,0.8730264902114868,311
81,2019,1,36,53,3.683840751647949,0.7764514088630676,365
82,2019,1,52,61,4.163723945617676,0.9049098491668701,365
83,2019,2,52,82,22.32317876815796,0.7986009120941162,365
84,2019,2,59,86,9.336509943008423,0.9713838696479797,365
85,2019,2,62,78,19.91745662689209,0.9359629154205322,365
86,2019,1,62,76,7.076320648193359,0.8421748280525208,365
87,2019,1,22,59,1.7218080759048462,0.35215598344802856,365
88,2019,1,62,84,7.212288856506348,0.7419012784957886,365
89,2019,2,34,70,13.613734364509583,0.46775802969932556,365
90,2019,2,29,69,19.030402660369873,0.9319109916687012,365
91,2019,2,42,60,9.637733936309814,0.8460432291030884,365
92,2019,2,21,48,3.6970845460891724,0.9243443608283997,365
93,2019,1,24,38,3.317708969116211,0.4083903729915619,365
94,2019,2,25,65,11.918105602264404,0.41540583968162537,365
95,2019,3,43,93,31.670706033706665,0.5037984848022461,365
96,2019,3,33,98,40.7019739151001,0.6737256646156311,365
97,2019,2,90,120,66.29011154174805,0.7276493906974792,365
98,2019,2,76,126,40.96373176574707,0.8618395328521729,365
99,2019,4,78,152,86.28783702850342,0.7350854873657227,365
100,2019,4,79,195,162.0921769142151,0.7705865502357483,365
101,2019,3,107,191,175.77135848999023,0.889959990978241,365
102,2019,3,98,210,159.47715950012207,0.9281874895095825,365
103,2019,3,107,170,179.68885803222656,0.7608492374420166,365
104,2019,4,74,159,86.4180154800415,0.7408427596092224,365
105,2019,3,98,176,137.68173599243164,0.8174992203712463,365
106,2019,4,97,179,120.54325819015503,0.8781577944755554,365
107,2019,2,77,130,124.73719787597656,0.9571371078491211,365
108,2019,5,57,120,41.92129945755005,0.8196456432342529,365
109,2019,4,79,163,185.64283561706543,1.0,365
110,2019,4,51,137,53.25680685043335,0.8018238544464111,365
111,2019,3,71,121,66.85701656341553,0.7481136322021484,365
112,2019,3,21,91,33.18273735046387,0.8030938506126404,365
113,2019,3,18,69,18.57191038131714,0.6078624129295349,365
114,2019,3,26,76,30.165318489074707,0.8293638229370117,365
115,2019,2,19,47,24.7846040725708,0.7954164147377014,365
116,2019,2,26,73,21.40314292907715,0.8629312515258789,365
117,2019,1,18,42,7.672526836395264,0.7441818714141846,365
118,2019,2,24,67,9.532703876495361,0.8886067271232605,365
119,2019,2,34,56,13.416672706604004,0.7667180895805359,365
120,2019,3,42,91,36.006431341171265,0.8501653075218201,365
121,2019,3,42,119,61.81317472457886,0.809394121170044,365
122,2019,3,39,92,61.4976407289505,0.7557701468467712,365
123,2019,3,57,148,108.60722923278809,0.709523618221283,365
124,2019,2,35,79,81.51070022583008,0.8497623801231384,365
125,2019,2,35,77,55.08273696899414,0.8589921593666077,365
126,2019,4,235,182,335.71008014678955,0.9118133187294006,365
127,2019,3,38,104,111.84788513183594,0.7956945896148682,365
128,2019,3,100,157,123.28036165237427,0.8386498093605042,365
129,2019,2,90,118,84.45896911621094,0.6733089089393616,365
130,2019,3,28,73,36.53330993652344,0.6178318858146667,365
131,2019,3,36,74,50.655813217163086,0.49793875217437744,365
132,2019,2,37,57,59.543113708496094,0.6932547688484192,365
133,2019,2,30,56,32.3530912399292,0.43705737590789795,365
134,2019,2,33,74,29.10686492919922,0.5123246312141418,365
135,2019,2,31,64,21.791275024414062,0.5785679221153259,365
136,2019,2,32,61,42.449642181396484,0.701190173625946,365
137,2019,2,28,46,24.87548589706421,0.633021354675293,365
138,2019,1,25,25,42.32527160644531,0.27259835600852966,365
139,2019,0,0,0,0.0,,0
140,2019,3,70,129,99.2850546836853,0.7772666811943054,365
141,2019,2,46,66,33.75495857000351,0.8568946719169617,365
142,2019,1,125,119,99.2507553100586,0.8368341326713562,365
143,2019,1,130,129,61.0565071105957,0.9172177314758301,365
144,2019,2,130,171,277.4363708496094,0.8510255217552185,365
145,2019,2,131,166,292.9488945007324,0.7999882698059082,365
146,2019,2,51,84,79.62784194946289,0.9420192837715149,365
147,2019,2,65,115,102.5315933227539,0.9669426083564758,365
148,2019,2,128,160,338.46384620666504,0.7434223890304565,365
149,2019,3,113,163,300.59630584716797,0.7461154460906982,365
150,2019,2,74,104,84.84943962097168,0.979838490486145,365
151,2019,3,51,89,63.473976135253906,0.9805881977081299,365
152,2019,1,75,120,279.3960876464844,0.6885364651679993,365
153,2019,2,64,112,200.9433994293213,0.6406967639923096,365
154,2019,2,100,141,290.4037837982178,0.7581400275230408,365
155,2019,2,45,89,180.78441047668457,0.6189987063407898,365
156,2019,2,101,125,252.1315450668335,0.7171077728271484,365
157,2019,2,110,152,286.8401355743408,0.7908574938774109,365
158,2019,1,82,100,83.51464080810547,0.9115859270095825,365
159,2019,2,78,100,97.17301446199417,0.9303996562957764,365
160,2019,1,54,64,65.28422546386719,0.32721376419067383,365
161,2019,1,54,59,88.43115234375,0.48689159750938416,365
162,2019,2,84,123,268.73936223983765,0.689123272895813,365
163,2019,2,33,52,68.78071022033691,0.47989872097969055,365
164,2019,2,73,106,208.3899154663086,0.7301525473594666,365
165,2019,2,76,120,205.01254272460938,0.6688798069953918,365
166,2019,2,42,65,86.23776578903198,0.45492151379585266,365
167,2019,2,33,49,44.65041732788086,0.31812411546707153,365
168,2019,0,0,22,0.0,,365
169,2019,0,0,10,0.0,,365
170,2019,1,84,89,171.5236358642578,0.8881857395172119,365
171,2019,1,82,84,182.92861938476562,0.9428903460502625,365
172,2019,2,77,87,97.9066071510315,0.5548442006111145,365
173,2019,1,50,62,49.574642181396484,0.3716158866882324,365
174,2019,1,73,92,81.2964096069336,0.9411535263061523,365
175,2019,1,65,65,91.62027740478516,0.9188514947891235,365
176,2019,1,61,62,37.57501983642578,0.9762272834777832,365
177,2019,1,65,72,47.28120803833008,0.973808228969574,365
178,2019,2,28,49,34.00926494598389,0.18711575865745544,365
179,2019,1,52,75,112.84049224853516,0.5499013662338257,365
180,2019,1,23,46,20.576519012451172,0.19818806648254395,365
181,2019,1,54,42,41.91310501098633,0.2845502495765686,365
182,2019,1,104,104,115.41344451904297,0.8754061460494995,365
183,2019,1,96,93,137.83151245117188,0.8906430006027222,365
184,2019,1,15,31,4.617207050323486,0.11987412720918655,365
185,2019,0,0,18,0.0,,365
186,2019,1,94,94,133.26951599121094,0.847395122051239,365
187,2019,1,65,78,108.37189483642578,0.8589270114898682,365
188,2019,1,57,59,79.92202758789062,0.4807673692703247,365
189,2019,1,54,77,85.7159194946289,0.5296952724456787,365
190,2019,1,36,47,81.31033325195312,0.4359484612941742,365
191,2019,1,65,73,89.33390045166016,0.48623499274253845,365
192,2019,1,55,70,129.58282470703125,0.577680766582489,365
193,2019,1,54,48,67.6158447265625,0.35834017395973206,365
194,2019,1,32,45,35.82789611816406,0.3521621525287628,365
195,2019,1,18,44,2.508028030395508,0.2472638487815857,365
196,2019,1,76,80,175.3277130126953,0.9341527223587036,365
197,2019,1,75,75,157.29568481445312,0.8339882493019104,365
198,2019,2,27,45,41.01307487487793,0.5916147828102112,365
199,2019,1,23,30,17.418405532836914,0.24532710015773773,365
200,2019,1,51,61,107.42294311523438,0.5785180330276489,365
201,2019,1,55,49,74.6326675415039,0.37539464235305786,365
202,2019,1,34,34,50.84373474121094,0.9145343899726868,365
203,2019,1,27,43,37.28577423095703,0.8502938151359558,365
204,2019,1,45,51,64.94258117675781,0.5486814379692078,365
205,2019,1,41,47,64.8711166381836,0.4870861768722534,365
206,2019,1,48,49,41.326053619384766,0.288232684135437,365
207,2019,1,24,33,21.892765045166016,0.2592703104019165,365
208,2019,1,63,63,165.11834716796875,0.842866837978363,365
209,2019,1,62,62,148.83042907714844,0.8136299252510071,365
210,2019,1,45,48,130.6667938232422,0.8682790994644165,365
211,2019,1,63,63,145.83584594726562,0.8808386921882629,365
212,2019,1,20,24,23.178295135498047,0.5346431136131287,365
213,2019,1,27,39,42.00343322753906,0.7799931168556213,365
214,2019,2,31,52,49.92668151855469,0.8035432696342468,365
215,2019,1,23,23,18.40909767150879,0.3768458962440491,365
216,2019,1,69,64,119.62680053710938,0.6680552959442139,365
217,2019,1,95,96,231.56466674804688,0.6768683791160583,365
218,2019,0,0,25,0.0,,365
219,2019,1,84,86,164.50839233398438,0.7123891115188599,365
220,2019,1,28,44,45.24628448486328,0.6527602076530457,365
221,2019,1,28,44,50.917449951171875,0.6880577802658081,365
222,2019,1,45,57,72.24263763427734,0.6448012590408325,365
223,2019,1,24,35,26.648635864257812,0.47852572798728943,365
224,2019,2,37,68,85.77999496459961,0.5805167555809021,365
225,2019,1,44,39,68.20887756347656,0.7732756733894348,365
226,2019,1,61,61,108.42495727539062,0.8439732193946838,365
227,2019,2,38,57,85.80094623565674,0.6678523421287537,365
228,2019,2,27,66,39.964935302734375,0.20975498855113983,365
229,2019,1,24,52,7.83289909362793,0.10991334170103073,365
230,2019,2,20,50,25.180792331695557,0.35644227266311646,365
231,2019,1,20,48,29.653663635253906,0.483222633600235,365
232,2019,1,19,48,30.835845947265625,0.4409736394882202,365
233,2019,1,16,59,8.990378379821777,0.1954214870929718,365
234,2019,1,45,67,17.91676902770996,0.5523011088371277,365
235,2019,0,0,31,0.0,,365
236,2019,2,88,106,157.8663353919983,0.4385073781013489,365
237,2019,1,62,67,28.20279884338379,0.19557835161685944,365
238,2019,2,43,68,33.65835094451904,0.16866829991340637,365
239,2019,1,24,35,54.40025329589844,0.556480348110199,365
240,2019,1,58,49,85.08712768554688,0.6309700608253479,365
241,2019,1,48,65,12.730112075805664,0.5324351191520691,365
242,2019,0,0,17,0.0,,365
243,2019,1,35,46,16.252113342285156,0.5022488832473755,365
244,2019,1,20,42,4.953444957733154,0.5041515231132507,365
245,2019,1,21,37,3.404038190841675,0.2845114469528198,365
246,2019,1,31,35,40.756187438964844,0.36802244186401367,365
247,2019,2,24,50,47.17813682556152,0.3605975806713104,365
248,2019,1,44,43,102.37457275390625,0.7462313175201416,365
249,2019,1,16,53,3.431239128112793,0.26472121477127075,365
250,2019,1,27,38,6.2608723640441895,0.20349685847759247,365
251,2019,2,21,47,18.051052570343018,0.23670744895935059,365
252,2019,1,19,46,29.31536293029785,0.4425847828388214,365
253,2019,2,22,51,16.309208869934082,0.6254532337188721,365
254,2019,0,0,28,0.0,,365
255,2019,0,0,32,0.0,,365
256,2019,2,18,37,28.51572895050049,0.43218207359313965,365
257,2019,0,0,19,0.0,,365
258,2019,1,18,34,4.551937103271484,0.3102898597717285,365
259,2019,2,26,49,50.952863693237305,0.33265382051467896,365
260,2019,1,34,39,62.307960510253906,0.5664558410644531,365
261,2019,2,37,82,52.043203353881836,0.5393080115318298,365
262,2019,1,17,34,12.531094551086426,0.20414862036705017,365
263,2019,1,33,44,72.74034118652344,0.6318553686141968,365
264,2019,2,28,44,50.706467628479004,0.48887869715690613,365
265,2019,2,34,50,95.81168746948242,0.6494998335838318,365
266,2019,2,20,34,9.703400373458862,0.36678972840309143,365
267,2019,1,27,40,12.548872947692871,0.5631163716316223,365
268,2019,2,26,70,32.76831340789795,0.39627477526664734,365
269,2019,2,20,59,37.65980768203735,0.3999050259590149,365
270,2019,1,21,32,27.708051681518555,0.37273985147476196,365
271,2019,2,23,54,13.135237693786621,0.6323994994163513,365
272,2019,1,20,33,22.328067779541016,0.3353467583656311,365
273,2019,3,27,82,33.30834770202637,0.9238371253013611,365
274,2019,2,23,62,51.5581488609314,0.5488752126693726,365
275,2019,1,31,46,74.36285400390625,0.6147486567497253,365
276,2019,3,33,86,34.31726312637329,0.7238306403160095,365
277,2019,2,57,73,44.45247483253479,0.19584274291992188,365
278,2019,1,26,39,55.44874954223633,0.4853387773036957,365
279,2019,1,22,21,31.392799377441406,0.30826497077941895,365
280,2019,1,23,45,17.185049057006836,0.48715847730636597,365
281,2019,3,31,78,44.21417832374573,0.540410041809082,365
282,2019,1,25,43,81.54873657226562,0.5934634804725647,365
283,2019,1,22,40,44.08034896850586,0.3745112717151642,365
284,2019,2,26,74,21.65338373184204,0.27103954553604126,365
285,2019,1,20,37,13.253982543945312,0.31553396582603455,365
286,2019,2,46,70,39.02865409851074,0.30070430040359497,365
287,2019,2,22,39,30.891862869262695,0.4812510013580322,365
288,2019,2,33,70,30.383530616760254,0.3700001835823059,365
289,2019,1,19,28,19.413564682006836,0.37111666798591614,365
290,2019,1,21,37,14.61569595336914,0.3439216613769531,365
291,2019,2,22,38,27.029191970825195,0.49434709548950195,365
292,2019,0,0,8,0.0,,365
293,2019,1,23,34,43.928897857666016,0.39300230145454407,365
294,2019,0,0,21,0.0,,365
295,2019,1,21,32,28.951534271240234,0.3181787431240082,365
296,2019,2,27,53,23.541922569274902,0.7590696811676025,365
297,2019,1,27,30,20.291412353515625,0.6081100702285767,365
298,2019,1,20,46,31.222991943359375,0.27313128113746643,365
299,2019,2,23,55,45.21019649505615,0.4528002440929413,365
300,2019,1,49,47,30.877700805664062,0.6189987659454346,365
301,2019,1,21,45,13.652632713317871,0.44170504808425903,365
302,2019,2,64,85,43.57881736755371,0.6811577677726746,365
303,2019,1,30,54,24.635883331298828,0.5646354556083679,365
304,2019,0,0,14,0.0,,365
305,2019,0,0,28,0.0,,365
306,2019,1,15,31,31.80109977722168,0.35650065541267395,365
307,2019,1,18,28,37.28922653198242,0.41288527846336365,365
308,2019,0,0,10,0.0,,365
309,2019,1,20,29,12.762128829956055,0.36712145805358887,365
310,2019,1,15,16,1.3859314918518066,0.5819607377052307,247
311,2019,0,0,6,0.0,,246
312,2019,0,0,34,0.0,,365
313,2019,2,32,51,37.109580993652344,0.44113993644714355,365
314,2019,0,0,18,0.0,,255
315,2019,0,0,8,0.0,,277
316,2019,1,27,37,12.852156639099121,0.49408307671546936,365
317,2019,1,29,30,15.341572761535645,0.6428387761116028,365
318,2019,1,18,22,5.192249298095703,0.4981924891471863,287
319,2019,0,0,9,0.0,,271
320,2019,0,0,14,0.0,,365
321,2019,2,50,74,19.47984218597412,0.7051324844360352,365
322,2019,1,25,39,0.36148226261138916,0.23701812326908112,365
323,2019,2,39,64,10.779202461242676,0.7580499053001404,365
324,2019,2,20,42,23.540241241455078,0.2014371156692505,365
325,2019,2,28,57,41.35549259185791,0.6704874038696289,365
326,2019,1,20,42,13.271827697753906,0.6327040195465088,365
327,2019,1,17,24,7.832678318023682,0.7036726474761963,365
328,2019,1,36,73,38.522003173828125,0.7272301912307739,365
329,2019,1,18,20,7.911871910095215,0.42753866314888,365
330,2019,1,25,32,20.256187438964844,0.6973040103912354,365
331,2019,1,31,50,29.64253807067871,0.8063144087791443,365
332,2019,2,22,44,23.201659202575684,0.2742615044116974,365
333,2019,2,24,63,49.43620681762695,0.6783855557441711,365
334,2019,2,28,69,34.67350769042969,0.7730374336242676,365
335,2019,1,22,28,3.708895444869995,0.5510877966880798,306
336,2019,0,0,12,0.0,,313
337,2019,1,15,27,3.357191801071167,0.27876052260398865,365
338,2019,2,19,53,10.598188996315002,0.5269925594329834,365
339,2019,1,25,32,15.660775184631348,0.6357821226119995,365
340,2019,1,28,61,21.761463165283203,0.7191425561904907,365
341,2019,0,0,23,0.0,,365
342,2019,0,0,24,0.0,,365
343,2019,0,0,18,0.0,,365
344,2019,1,23,39,10.110502243041992,0.12450185418128967,365
345,2019,0,0,10,0.0,,365
346,2019,1,16,32,1.7430086135864258,0.3558008074760437,365
347,2019,0,0,44,0.0,,365
348,2019,3,20,75,7.8905640840530396,0.5956243276596069,355
349,2019,2,49,78,11.48630952835083,0.7892937064170837,365
350,2019,1,32,35,11.916107177734375,0.44595110416412354,365
351,2019,0,0,14,0.0,,365
352,2019,1,17,34,5.319102764129639,0.5544156432151794,365
353,2019,2,22,49,6.74873673915863,0.6820054650306702,332
354,2019,1,22,35,5.878110885620117,0.4940066635608673,365
355,2019,0,0,21,0.0,,365
356,2019,1,21,44,6.174421787261963,0.4357287585735321,365
357,2019,2,25,53,3.5937147736549377,0.6374281048774719,365
358,2019,1,22,41,4.250123977661133,0.6610755920410156,336
359,2019,1,16,27,2.08058500289917,0.4723166227340698,317
360,2019,0,0,17,0.0,,365
361,2019,0,0,19,0.0,,365
362,2019,1,30,32,26.644147872924805,0.6263139843940735,365
363,2019,0,0,14,0.0,,365
364,2019,0,0,29,0.0,,365
365,2019,0,0,19,0.0,,365
366,2019,1,18,53,9.31187629699707,0.5803056359291077,365
367,2019,2,24,61,10.426281452178955,0.5712450742721558,365
368,2019,0,0,12,0.0,,365
369,2019,1,15,17,5.3060173988342285,0.739945113658905,365
370,2019,1,31,39,30.476099014282227,0.5764361619949341,365
371,2019,1,26,39,20.62326431274414,0.7399366497993469,365
372,2019,1,22,19,4.707380771636963,0.3487061858177185,365
373,2019,0,0,11,0.0,,365
374,2019,0,0,18,0.0,,365
375,2019,1,22,31,13.073050498962402,0.6876581907272339,365
376,2019,1,16,34,2.054995059967041,0.7685419321060181,271
377,2019,1,21,30,3.5067145824432373,0.8304098844528198,311
378,2019,1,18,43,1.1271854639053345,0.4492957293987274,293
379,2019,0,0,29,0.0,,292
380,2019,1,27,38,1.0809706449508667,0.4424996078014374,323
381,2019,1,17,44,1.0681160688400269,0.49008968472480774,293
382,2019,0,0,24,0.0,,365
383,2019,1,17,22,14.557682991027832,0.6360904574394226,365
384,2019,1,18,32,8.129932403564453,0.6889475584030151,365
385,2019,1,18,21,10.684757232666016,0.7503690719604492,365
386,2019,1,18,18,9.825417518615723,0.7276979684829712,365
387,2019,1,27,48,2.068599224090576,0.6070428490638733,286
388,2019,0,0,26,0.0,,266
389,2019,1,20,51,6.288950443267822,0.628150463104248,365
390,2019,0,0,36,0.0,,365
391,2019,0,0,30,0.0,,365
392,2019,0,0,25,0.0,,365
393,2019,3,22,86,19.331895351409912,0.7442201375961304,365
394,2019,2,24,70,14.593964099884033,0.8112931847572327,365
395,2019,1,16,31,5.028674125671387,0.7580920457839966,365
396,2019,0,0,34,0.0,,365
397,2019,0,0,47,0.0,,365
398,2019,1,28,65,8.633111000061035,0.7027859091758728,365
399,2019,2,25,85,21.713590145111084,0.5247713327407837,279
400,2019,2,60,98,41.04298210144043,0.5845845937728882,266
401,2019,2,19,73,9.481269121170044,0.6076420545578003,365
402,2019,2,27,73,6.973818302154541,0.5667385458946228,365
403,2019,0,0,16,0.0,,222
404,2019,0,0,20,0.0,,204
405,2019,0,0,13,0.0,,254
406,2019,0,0,5,0.0,,262
407,2019,1,17,16,3.060556411743164,0.274370402097702,365
408,2019,0,0,12,0.0,,365
409,2019,0,0,2,0.0,,222
410,2019,0,0,6,0.0,,216
411,2019,1,15,20,2.368370294570923,0.8867155313491821,202
412,2019,0,0,3,0.0,,186
413,2019,0,0,12,0.0,,365
414,2019,0,0,15,0.0,,365
415,2019,4,29,81,51.82216143608093,0.6828306913375854,365
416,2019,2,26,69,9.742726802825928,1.0,316
417,2019,0,0,43,0.0,,365
418,2019,4,21,84,45.49889659881592,0.9019266963005066,301
419,2019,1,27,60,8.626490592956543,0.7222707867622375,365
420,2019,0,0,20,0.0,,348
421,2019,0,0,33,0.0,,365
422,2019,4,29,94,47.29398465156555,0.7182082533836365,314
423,2019,1,17,43,2.6476664543151855,0.6807506084442139,365
424,2019,0,0,44,0.0,,365
425,2019,2,36,69,7.511863470077515,0.849849283695221,329
426,2019,4,57,103,49.555232524871826,0.8770979046821594,365
427,2019,0,0,36,0.0,,365
428,2019,1,18,45,3.4391753673553467,0.7245973348617554,365
429,2019,0,0,11,0.0,,365
430,2019,0,0,7,0.0,,365
431,2019,1,20,64,6.508842468261719,0.43277156352996826,276
432,2019,2,27,72,18.19748878479004,0.5836936235427856,365
433,2019,2,21,78,20.06990909576416,0.3664137125015259,266
434,2019,0,0,44,0.0,,365
435,2019,1,22,48,13.584962844848633,0.5458546280860901,248
436,2019,1,22,33,12.821776390075684,0.5044540166854858,243
437,2019,3,33,89,53.98385143280029,0.6273782253265381,365
438,2019,3,19,91,46.142850399017334,0.5186672210693359,365
439,2019,2,54,85,10.623128890991211,0.8520607948303223,365
440,2019,4,19,84,21.06703346967697,0.48933860659599304,338
441,2019,1,21,28,7.07227897644043,0.7773018479347229,236
442,2019,0,0,13,0.0,,247
443,2019,0,0,7,0.0,,258
444,2019,0,0,10,0.0,,240
445,2019,1,17,31,4.8016533851623535,0.8935849666595459,365
446,2019,1,18,27,1.8572067022323608,0.7591132521629333,355
447,2019,3,17,61,31.28850555419922,0.42371687293052673,365
448,2019,1,20,49,8.636241912841797,0.14159275591373444,365
449,2019,1,17,17,6.728914260864258,0.720048189163208,365
450,2019,1,20,49,10.734146118164062,0.43946945667266846,269
451,2019,2,35,53,22.03901243209839,0.5931596159934998,365
452,2019,1,21,61,8.547332763671875,0.33802270889282227,285
453,2019,2,28,57,27.308839797973633,0.4995245337486267,365
454,2019,2,52,96,35.824134826660156,0.5757873058319092,365
455,2019,2,20,70,12.513054132461548,0.34739840030670166,263
456,2019,1,22,55,17.498491287231445,0.7187390923500061,254
457,2019,0,0,30,0.0,,365
458,2019,0,0,7,0.0,,365
459,2019,1,20,59,12.16107177734375,0.5366864800453186,286
460,2019,3,21,72,32.3725643157959,0.8866432309150696,303
461,2019,1,17,19,7.396059989929199,0.6759329438209534,365
462,2019,2,49,76,41.577279567718506,0.715171754360199,365
463,2019,1,16,29,2.8159759044647217,0.8771998882293701,365
464,2019,2,19,86,38.59252405166626,0.4799242913722992,365
465,2019,1,15,21,0.6793128848075867,0.39208370447158813,365
466,2019,1,17,20,1.7726961374282837,0.6420642137527466,365
467,2019,3,21,70,56.18142127990723,0.47477707266807556,365
468,2019,1,34,28,1.4450238943099976,0.3411021828651428,217
469,2019,1,59,55,4.096917629241943,0.6097594499588013,217
470,2019,1,18,20,6.19647216796875,0.7690398097038269,365
471,2019,1,39,53,16.619657516479492,0.46932515501976013,236
472,2019,0,0,10,0.0,,243
473,2019,1,19,25,6.629605293273926,0.6455172300338745,365
474,2019,1,17,25,4.862025260925293,0.10174348205327988,325
475,2019,0,0,20,0.0,,322
476,2019,0,0,7,0.0,,224
477,2019,2,16,31,4.110934376716614,0.7762709259986877,270
478,2019,0,0,28,0.0,,365
479,2019,1,16,39,16.053810119628906,0.2850545346736908,365
480,2019,2,33,66,27.25847315788269,0.7257006168365479,299
481,2019,1,30,57,26.05315399169922,0.450731486082077,318
482,2019,1,53,43,5.4641432762146,0.5693570375442505,219
483,2019,1,62,63,6.274984359741211,0.6364739537239075,229
484,2019,3,24,75,25.649812698364258,0.7303293347358704,304
485,2019,3,20,81,35.01907658576965,0.7759760618209839,287
486,2019,1,19,26,2.3467910289764404,0.9403010606765747,222
487,2019,0,0,20,0.0,,251
488,2019,1,18,23,2.8572137355804443,0.9082300066947937,210
489,2019,0,0,11,0.0,,229
490,2019,2,18,67,34.916080474853516,0.3949931859970093,298
491,2019,2,33,61,34.103525161743164,0.4080142080783844,299
492,2019,2,18,46,34.24079179763794,0.408587247133255,365
493,2019,0,0,23,0.0,,329
494,2019,0,0,13,0.0,,217
495,2019,0,0,37,0.0,,227
496,2019,4,39,91,51.91854000091553,0.6490687727928162,313
497,2019,3,19,71,44.452895641326904,0.38767269253730774,309
498,2019,1,16,35,6.877527236938477,0.6855781674385071,365
499,2019,0,0,38,0.0,,365
500,2019,0,0,14,0.0,,233
501,2019,1,19,24,2.1958110332489014,0.8976390957832336,250
502,2019,1,15,40,8.22618579864502,0.5447030663490295,365
503,2019,0,0,28,0.0,,365
504,2019,1,39,68,17.87805938720703,0.4930160641670227,231
505,2019,2,40,80,42.92451286315918,0.5157085657119751,236
506,2019,2,17,61,6.5485680103302,0.9163451790809631,281
507,2019,2,18,65,17.687289476394653,0.9158551692962646,290
508,2019,2,25,60,41.788761138916016,0.43787115812301636,365
509,2019,1,19,45,3.798332452774048,0.2478589415550232,343
510,2019,2,25,48,3.1351425647735596,1.0,261
511,2019,0,0,13,0.0,,271
512,2019,2,26,49,27.96953010559082,0.34490668773651123,323
513,2019,0,0,29,0.0,,313
514,2019,2,80,115,96.60979175567627,0.7113699913024902,305
515,2019,2,83,112,86.36486434936523,0.6835412383079529,305
516,2019,1,52,55,3.8179702758789062,0.8547133803367615,350
517,2019,1,25,36,1.9573291540145874,0.4853980243206024,365
518,2019,0,0,43,0.0,,266
519,2019,1,15,28,21.18492317199707,0.537606418132782,234
520,2019,0,0,22,0.0,,365
521,2019,0,0,28,0.0,,365
522,2019,1,17,37,17.44651985168457,0.5153911113739014,257
523,2019,1,18,27,22.29804229736328,0.6827528476715088,244
524,2019,2,68,98,70.42603302001953,0.5013322234153748,316
525,2019,2,35,62,29.666874408721924,0.3836718499660492,316
526,2019,0,0,30,0.0,,365
527,2019,0,0,32,0.0,,354
528,2019,1,15,40,14.958390235900879,0.49226242303848267,223
529,2019,1,15,37,15.128654479980469,0.6228927969932556,234
530,2019,2,21,48,39.73929405212402,0.46798476576805115,272
531,2019,3,30,69,61.11936855316162,0.9054189324378967,284
532,2019,1,48,40,3.4969420433044434,0.8541351556777954,339
533,2019,1,36,43,18.266508102416992,0.15528298914432526,331
534,2019,1,15,34,10.561059951782227,0.5145926475524902,219
535,2019,1,15,30,13.68932819366455,0.751916229724884,210
536,2019,0,0,21,0.0,,307
537,2019,0,0,9,0.0,,304
538,2019,1,65,61,4.99221134185791,0.7454835176467896,356
539,2019,2,65,58,18.017301321029663,0.8263375759124756,340
540,2019,2,77,104,118.56046152114868,0.7519567012786865,292
541,2019,3,81,115,97.57754373550415,0.8475298285484314,292
542,2019,3,47,100,63.265538692474365,0.9363161325454712,365
543,2019,1,20,38,2.8766987323760986,0.8566507697105408,339
544,2019,0,0,33,0.0,,365
545,2019,0,0,33,0.0,,365
546,2019,3,27,71,55.25580596923828,0.5478218793869019,303
547,2019,0,0,28,0.0,,297
548,2019,1,33,54,22.568111419677734,0.7823947668075562,220
549,2019,1,21,38,18.33675193786621,0.8833951354026794,212
550,2019,2,50,111,36.697290897369385,0.7989699840545654,365
551,2019,3,51,118,57.88292455673218,0.8292898535728455,365
552,2019,3,51,127,78.35279083251953,0.9442983865737915,365
553,2019,0,0,9,0.0,,304
554,2019,1,16,19,2.3004751205444336,0.06164255365729332,313
555,2019,1,17,25,11.25356388092041,0.35466626286506653,257
556,2019,1,18,31,25.451385498046875,0.6542616486549377,256
557,2019,2,43,85,32.630826473236084,0.7828490138053894,365
558,2019,2,44,88,20.217737674713135,0.7348914742469788,365
559,2019,1,44,62,3.7305216789245605,0.8717854022979736,351
560,2019,1,21,69,2.597201347351074,0.6868005990982056,346
561,2019,1,15,20,3.4230520725250244,0.05052252486348152,297
562,2019,0,0,23,0.0,,293
563,2019,2,29,39,19.312410831451416,0.94886714220047,198
564,2019,1,40,62,18.061504364013672,0.7572370171546936,204
565,2019,1,15,25,14.100659370422363,0.6694319248199463,234
566,2019,1,16,16,19.418437957763672,0.7358519434928894,236
567,2019,0,0,21,0.0,,257
568,2019,1,16,26,3.5186643600463867,0.9493171572685242,203
569,2019,4,30,82,66.58658504486084,0.9517662525177002,281
570,2019,4,29,73,61.16408729553223,0.9953131079673767,281
571,2019,1,18,18,2.686828851699829,0.6027847528457642,287
572,2019,1,17,19,1.2395939826965332,0.48127368092536926,285
573,2019,0,0,17,0.0,,365
574,2019,0,0,18,0.0,,365
575,2019,3,30,67,42.913997173309326,0.825427234172821,281
576,2019,3,21,66,34.22527456283569,0.9545163512229919,280
577,2019,0,0,15,0.0,,313
578,2019,0,0,0,0.0,,304
579,2019,2,38,63,3.857168436050415,0.7566982507705688,267
580,2019,0,0,22,0.0,,277
581,2019,0,0,4,0.0,,309
582,2019,0,0,5,0.0,,312
583,2019,2,69,84,86.47987747192383,0.42503049969673157,271
584,2019,1,20,47,26.88870620727539,0.42900654673576355,268
585,2019,1,44,69,6.584634780883789,0.9448800683021545,365
586,2019,0,0,13,0.0,,365
587,2019,0,0,8,0.0,,365
588,2019,2,43,87,16.08470582962036,0.8948588967323303,365
589,2019,0,0,1,0.0,,301
590,2019,0,0,22,0.0,,308
591,2019,1,48,53,6.498666763305664,0.6661849617958069,365
592,2019,1,43,62,5.736557960510254,0.7158868908882141,365
593,2019,1,21,20,5.918915748596191,0.10808420181274414,300
594,2019,0,0,21,0.0,,298
595,2019,1,19,37,4.536853790283203,0.7113189697265625,279
596,2019,3,69,73,76.54200601577759,0.938595175743103,276
597,2019,1,19,23,17.784955978393555,0.3024549186229706,250
598,2019,0,0,17,0.0,,245
599,2019,1,23,47,6.621219158172607,0.7017168402671814,291
600,2019,0,0,45,0.0,,322
601,2019,2,59,61,64.80109786987305,0.5132660865783691,267
602,2019,2,32,53,69.42181015014648,0.48454222083091736,264
603,2019,1,17,29,6.536743640899658,0.9082313776016235,195
604,2019,2,24,63,4.262801647186279,0.5951898097991943,325
605,2019,1,17,17,9.525350570678711,0.3019820749759674,242
606,2019,1,17,16,8.456908226013184,0.31557953357696533,241
607,2019,1,17,15,9.546998977661133,0.3424651622772217,236
608,2019,1,17,15,6.558959484100342,0.2931278944015503,229
609,2019,1,22,22,7.4154133796691895,0.8017388582229614,365
610,2019,1,49,49,8.162773132324219,0.7381842136383057,365
611,2019,0,0,28,0.0,,326
612,2019,0,0,16,0.0,,335
613,2019,0,0,10,0.0,,281
614,2019,2,35,46,25.86397647857666,0.7875569462776184,275
615,2019,0,0,18,0.0,,365
616,2019,1,22,30,3.709367275238037,0.7793245911598206,365
617,2019,2,28,88,8.88864016532898,0.9170481562614441,327
618,2019,3,43,93,24.951484441757202,0.9890645146369934,320
619,2019,0,0,30,0.0,,273
620,2019,0,0,32,0.0,,272
621,2019,1,16,19,11.776506423950195,0.5838583111763,222
622,2019,0,0,18,0.0,,234
623,2019,2,61,66,100.1506462097168,0.4419655501842499,258
624,2019,3,32,90,12.392511129379272,0.9724422097206116,329
625,2019,4,26,107,13.002092957496643,0.9832407236099243,365
626,2019,3,34,62,78.22445869445801,0.37223154306411743,262
627,2019,2,35,44,31.25085163116455,0.9643650650978088,268
628,2019,2,27,47,40.5450496673584,0.37463313341140747,271
629,2019,3,32,108,22.37473154067993,0.9392311573028564,347
630,2019,1,29,54,3.5824179649353027,0.997678816318512,365
631,2019,2,23,41,30.5914568901062,0.819821298122406,273
632,2019,1,17,21,10.127166748046875,0.9095958471298218,195
633,2019,1,21,39,11.890156745910645,0.9309361577033997,271
634,2019,2,21,42,35.00016689300537,0.9286807179450989,272
635,2019,0,0,20,0.0,,287
636,2019,1,24,21,3.321453332901001,0.5458275079727173,284
637,2019,1,37,48,5.149831295013428,0.7827270030975342,365
638,2019,1,37,36,4.435216426849365,0.9102857112884521,365
639,2019,1,18,24,3.6757607460021973,0.7359018921852112,274
640,2019,1,20,44,5.320141315460205,0.7337853312492371,275
641,2019,1,23,37,18.54831886291504,0.8063237071037292,207
642,2019,1,28,30,13.553445816040039,0.9838896989822388,195
643,2019,1,32,36,45.3926887512207,0.4525873363018036,250
644,2019,3,35,65,87.3794059753418,0.41061994433403015,254
645,2019,3,36,53,67.99574184417725,0.9039927124977112,273
646,2019,3,70,93,110.43528461456299,0.8641648888587952,270
647,2019,1,19,19,3.26971697807312,0.6792507767677307,288
648,2019,1,18,20,4.6730570793151855,0.7027484178543091,286
649,2019,1,43,64,30.911026000976562,0.9010154008865356,200
650,2019,1,21,24,18.17389678955078,0.9683815836906433,201
651,2019,2,24,44,26.253864765167236,0.7793960571289062,273
652,2019,2,24,37,31.726720809936523,0.952702522277832,270
653,2019,0,0,21,0.0,,365
654,2019,1,44,68,48.17570877075195,0.23020070791244507,324
655,2019,0,0,12,0.0,,305
656,2019,1,21,26,1.2996402978897095,0.8165531754493713,356
657,2019,1,16,18,0.9573882818222046,0.6825927495956421,365
658,2019,0,0,15,0.0,,365
659,2019,3,41,63,63.56842517852783,1.0,270
660,2019,2,59,71,74.90032958984375,0.48519182205200195,259
661,2019,1,20,33,27.725706100463867,0.4719901978969574,250
662,2019,1,28,34,33.812538146972656,0.4792522192001343,255
663,2019,2,46,81,45.452394008636475,0.9355261921882629,266
664,2019,3,44,91,39.661860942840576,0.9929512739181519,263
665,2019,1,45,66,61.16231155395508,0.4857463836669922,257
666,2019,1,44,66,43.66991424560547,0.3974865972995758,258
667,2019,1,16,20,3.662553310394287,0.5656030774116516,291
668,2019,1,23,32,3.0519163608551025,0.4992016553878784,282
669,2019,3,39,81,27.43782341480255,0.6476039290428162,300
670,2019,1,18,24,3.663628339767456,0.44281888008117676,296
671,2019,1,43,52,29.64805793762207,0.9831701517105103,194
672,2019,1,25,35,24.157535552978516,0.9608061909675598,206
673,2019,1,43,53,26.20720100402832,0.788071870803833,201
674,2019,1,18,28,19.760784149169922,0.8069368600845337,200
675,2019,3,41,69,22.93498969078064,0.6291372179985046,273
676,2019,1,15,19,3.7616989612579346,0.9619266390800476,271
677,2019,0,0,14,0.0,,365
678,2019,1,17,21,2.659562587738037,0.7279465198516846,365
679,2019,1,72,75,9.607051849365234,0.7337967157363892,322
680,2019,2,74,108,11.047088146209717,0.8750724792480469,346
681,2019,2,19,48,6.957645893096924,0.5414883494377136,277
682,2019,3,48,91,85.69496822357178,0.44981884956359863,271
683,2019,1,128,121,13.041882514953613,0.9259653091430664,365
684,2019,3,40,105,6.897127389907837,0.8002449870109558,352
685,2019,2,70,84,131.20642471313477,0.4926358163356781,263
686,2019,2,29,60,57.77372932434082,0.36149945855140686,262
687,2019,1,88,94,9.829612731933594,0.6978825330734253,333
688,2019,3,54,128,17.65159583091736,0.9742794632911682,365
689,2019,2,28,76,6.379207968711853,0.9297782778739929,340
690,2019,2,40,79,4.244593977928162,0.699281632900238,350
691,2019,1,17,24,13.872373580932617,0.6971061825752258,211
692,2019,2,29,57,28.00263214111328,0.8050610423088074,211
693,2019,2,60,70,79.97220993041992,0.41738900542259216,255
694,2019,2,30,54,47.67319869995117,0.3542957901954651,259
695,2019,1,18,32,19.62021827697754,0.4934784471988678,245
696,2019,1,17,40,18.226219177246094,0.4151533246040344,226
697,2019,2,44,69,33.417519092559814,0.30606868863105774,249
698,2019,1,43,48,22.841821670532227,0.3051418662071228,250
699,2019,2,62,78,82.63969612121582,0.4814150333404541,255
700,2019,2,63,79,114.72827911376953,0.475686639547348,254
701,2019,2,30,61,26.550484657287598,0.648851215839386,212
702,2019,1,17,35,20.268774032592773,0.607307493686676,227
703,2019,0,0,18,0.0,,356
704,2019,1,40,53,3.3154664039611816,0.9429344534873962,365
705,2019,1,21,45,2.0596632957458496,0.7020973563194275,365
706,2019,1,36,51,2.382128953933716,0.6816495656967163,365
707,2019,2,33,53,24.251320362091064,0.5460301041603088,293
708,2019,1,20,37,4.892067909240723,0.6031812429428101,282
709,2019,1,49,71,68.09616088867188,0.41780510544776917,259
710,2019,1,45,64,60.05742645263672,0.4362414479255676,256
711,2019,2,49,58,84.5857982635498,0.4547319710254669,254
712,2019,2,49,63,86.08649444580078,0.4262189567089081,253
713,2019,1,15,24,1.2459725141525269,0.32839277386665344,365
714,2019,3,48,96,116.51798045635223,0.5331630706787109,273
715,2019,2,48,89,103.49600410461426,0.3712150454521179,273
716,2019,1,46,75,83.31471252441406,0.40425223112106323,272
717,2019,2,28,62,46.65886116027832,0.5430007576942444,249
718,2019,1,16,55,10.690723419189453,0.38794568181037903,245
719,2019,2,34,77,41.957523345947266,0.6228160262107849,216
720,2019,2,35,91,63.613595962524414,0.7831975221633911,225
721,2019,1,39,63,31.305511474609375,0.20734962821006775,276
722,2019,2,47,76,82.09945774078369,0.38678279519081116,271
723,2019,2,29,70,55.98539161682129,0.5298144221305847,253
724,2019,1,15,49,7.281239986419678,0.25614026188850403,238
725,2019,2,48,88,106.57924842834473,0.4437495768070221,272
726,2019,3,44,92,82.35462999343872,0.8255370259284973,271
727,2019,3,40,73,83.38033771514893,0.8718610405921936,285
728,2019,2,19,55,5.816593170166016,0.7152788043022156,287
729,2019,2,29,62,45.57251167297363,0.49401694536209106,250
730,2019,1,19,55,19.634601593017578,0.41006559133529663,243
731,2019,1,41,57,41.21641540527344,0.2440311312675476,268
732,2019,1,45,66,62.14420700073242,0.3362252712249756,271
733,2019,2,47,84,94.41796398162842,0.44092893600463867,261
734,2019,1,37,60,62.091697692871094,0.41262227296829224,262
735,2019,0,0,37,0.0,,365
736,2019,1,21,34,4.133221626281738,1.0,365
737,2019,2,48,59,78.35414505004883,0.40662193298339844,248
738,2019,1,41,71,7.770853519439697,0.6552707552909851,365
739,2019,2,32,41,54.840697288513184,0.4550980031490326,246
740,2019,1,76,104,16.54799461364746,0.8656426072120667,365
741,2019,1,77,107,8.377542495727539,0.5343258380889893,365
742,2019,2,44,72,12.917862892150879,0.8027458786964417,365
743,2019,3,26,70,19.54405641555786,0.9623202681541443,365
744,2019,1,21,82,2.8714427947998047,0.5692049860954285,365
745,2019,2,41,87,51.56294250488281,0.753947913646698,229
746,2019,2,43,91,78.79868507385254,0.8488535284996033,216
747,2019,2,41,99,9.148227214813232,0.7012729048728943,365
748,2019,2,69,113,22.004572868347168,0.9758149981498718,365
749,2019,2,46,82,90.93092584609985,0.43788209557533264,264
750,2019,2,45,72,89.06544971466064,0.41699156165122986,264
751,2019,2,43,58,63.41987991333008,0.5003995895385742,251
752,2019,2,35,42,43.051780700683594,0.3374461829662323,244
753,2019,1,47,57,105.54012298583984,0.4956861734390259,253
754,2019,1,37,64,62.99189758300781,0.40301942825317383,261
755,2019,3,35,84,59.351470947265625,0.8192813396453857,223
756,2019,2,64,105,73.13504028320312,0.8055025935173035,221
757,2019,2,40,59,48.294508934020996,0.3367688059806824,263
758,2019,2,40,76,64.80842971801758,0.3318752646446228,265
759,2019,2,64,98,57.63147163391113,0.8019506335258484,223
760,2019,2,62,90,47.508209228515625,0.7697180509567261,217
761,2019,2,61,88,53.26865768432617,0.7890099287033081,230
762,2019,2,61,88,56.60424613952637,0.745663046836853,226
763,2019,2,40,59,88.74443244934082,0.4730195999145508,248
764,2019,2,38,59,80.35963821411133,0.40174055099487305,246
765,2019,1,39,55,60.645206451416016,0.3761129379272461,256
766,2019,1,37,50,67.48308563232422,0.45357394218444824,254
767,2019,1,39,61,38.099876403808594,0.2548641562461853,275
768,2019,1,40,64,46.6938362121582,0.31571125984191895,275
769,2019,1,18,54,18.93697738647461,0.34216487407684326,242
770,2019,1,57,73,46.833274841308594,0.5577827095985413,228
771,2019,2,34,44,67.58566284179688,0.4232451319694519,247
772,2019,1,35,43,25.42784881591797,0.26967933773994446,245
773,2019,2,41,66,60.608264684677124,0.9782014489173889,273
774,2019,1,37,51,40.32617950439453,0.285375714302063,267
775,2019,1,33,20,18.166048049926758,0.3748140037059784,245
776,2019,1,23,25,12.879859924316406,0.19716142117977142,248
777,2019,2,35,64,53.28433036804199,0.4533020555973053,247
778,2019,2,35,48,43.13758742809296,0.3990776836872101,245
779,2019,1,59,79,51.05654525756836,0.6777531504631042,220
780,2019,2,43,95,45.846290588378906,0.8218803405761719,215
781,2019,2,41,90,44.211509704589844,0.7860318422317505,212
782,2019,2,16,59,12.942994952201843,0.4947222173213959,208
783,2019,1,42,69,28.543533325195312,0.9817318320274353,319
784,2019,3,57,152,43.281646728515625,0.9300678968429565,321
785,2019,2,37,71,88.50081062316895,0.4923916459083557,253
786,2019,2,37,71,69.76450538635254,0.4387827217578888,250
787,2019,2,41,77,35.63997459411621,0.6732177734375,212
788,2019,2,35,64,41.072476387023926,0.4335186183452606,235
789,2019,2,57,85,51.738494873046875,0.6075252294540405,213
790,2019,1,44,66,51.30434799194336,0.5764859318733215,225
791,2019,2,43,78,26.889700770378113,0.9830964207649231,365
792,2019,3,43,111,40.73187232017517,0.9402766823768616,365
793,2019,1,78,92,75.44085693359375,0.5350037217140198,235
794,2019,2,67,78,70.96464157104492,0.5426674485206604,231
795,2019,3,37,80,24.399229168891907,0.707198977470398,295
796,2019,4,21,79,34.07595765590668,0.9032455086708069,264
797,2019,1,25,55,39.58902359008789,0.3272956907749176,258
798,2019,2,26,49,36.63116645812988,0.2642032206058502,257
799,2019,3,46,91,77.2599868774414,0.503874659538269,242
800,2019,3,47,70,75.46533012390137,0.4238037168979645,242
801,2019,1,42,64,31.531415939331055,0.8413159847259521,365
802,2019,3,43,130,54.60475444793701,0.8043144941329956,365
803,2019,2,62,98,86.34480285644531,0.5135835409164429,229
804,2019,1,44,85,33.797035217285156,0.4970865845680237,214
805,2019,2,26,34,22.778754234313965,1.0,257
806,2019,2,37,45,28.45635187625885,0.9485140442848206,263
807,2019,2,40,80,67.83711242675781,0.519406259059906,252
808,2019,2,37,66,62.854135513305664,0.4860039949417114,246
809,2019,3,38,93,70.33937907218933,0.7566917538642883,262
810,2019,3,39,92,82.48755979537964,0.9589681029319763,260
811,2019,2,32,62,28.439212799072266,0.42179039120674133,218
812,2019,1,18,36,10.161479949951172,0.4557797610759735,209
813,2019,1,26,37,24.079938888549805,0.25604864954948425,262
814,2019,1,22,31,21.811363220214844,0.22610217332839966,260
815,2019,3,146,101,199.47145652770996,0.908148467540741,288
816,2019,4,87,145,133.4615557193756,0.9758453369140625,335
817,2019,2,38,50,37.138365745544434,0.990668535232544,267
818,2019,3,43,80,81.93891859054565,0.9820210933685303,277
819,2019,1,17,25,6.809429168701172,0.34258872270584106,208
820,2019,2,19,28,13.53869104385376,0.4037204086780548,212
821,2019,3,130,91,192.09648036956787,0.9674806594848633,282
822,2019,5,179,162,334.3172461986542,0.795194149017334,285
823,2019,1,32,58,11.65771484375,0.4175214171409607,216
824,2019,0,0,28,0.0,,213
825,2019,1,16,36,12.071619033813477,0.17290741205215454,260
826,2019,0,0,33,0.0,,259
827,2019,0,0,30,0.0,,263
828,2019,1,23,38,11.91268253326416,0.16935613751411438,261
829,2019,1,35,43,27.506349563598633,0.28619885444641113,259
830,2019,1,25,38,23.01779556274414,0.23784643411636353,260
831,2019,3,37,81,85.63160133361816,0.558803915977478,223
832,2019,2,37,85,49.21389579772949,0.4959287941455841,223
833,2019,1,35,37,15.61965274810791,0.6752548217773438,214
834,2019,1,38,59,29.280845642089844,0.5856201648712158,220
835,2019,2,65,99,102.65534973144531,0.5580368638038635,231
836,2019,2,38,87,43.5503625869751,0.4616151750087738,230
837,2019,1,38,51,52.781578063964844,0.37399226427078247,261
838,2019,1,35,60,31.093950271606445,0.25618240237236023,272
839,2019,2,42,74,49.92871952056885,0.980740487575531,274
840,2019,3,40,87,38.92369198799133,0.885056734085083,280
841,2019,3,45,108,103.10144376754761,0.8130112290382385,365
842,2019,5,137,149,265.3785711526871,0.7112531661987305,365
843,2019,4,37,100,71.53155946731567,0.7199369072914124,236
844,2019,4,39,95,58.560025691986084,0.8587526679039001,227
845,2019,2,43,93,66.81074714660645,0.5749585628509521,258
846,2019,2,48,88,69.48626136779785,0.619360625743866,253
847,2019,1,36,65,18.330821990966797,0.4095821976661682,224
848,2019,1,23,47,17.772014617919922,0.712648868560791,226
849,2019,3,37,84,72.72228336334229,0.5911160111427307,244
850,2019,1,39,75,34.455238342285156,0.4014209806919098,228
851,2019,3,44,111,52.38828110694885,0.87030029296875,352
852,2019,2,48,98,47.10023355484009,0.9645813703536987,365
853,2019,2,38,67,43.090527057647705,0.5817909836769104,242
854,2019,1,46,64,39.73604202270508,0.6798912286758423,232
855,2019,3,22,76,30.43057942390442,0.9238050580024719,246
856,2019,2,23,52,31.945554733276367,0.964420735836029,219
857,2019,1,15,45,12.069024085998535,0.9075494408607483,238
858,2019,1,20,54,14.576004981994629,0.9660738110542297,232
859,2019,1,21,42,18.835063934326172,0.8687196969985962,233
860,2019,1,46,47,45.523033142089844,0.818369448184967,252
861,2019,3,23,71,30.986021041870117,0.9134250283241272,240
862,2019,1,43,62,31.022117614746094,0.7976073026657104,257
863,2019,0,0,23,0.0,,261
864,2019,1,33,58,3.3102240562438965,0.5579854846000671,264
865,2019,2,65,115,108.63901901245117,0.5766940116882324,267
866,2019,2,64,108,103.13572692871094,0.662945568561554,262
867,2019,1,92,121,74.80772399902344,0.4138241708278656,331
868,2019,2,72,125,109.13264465332031,0.4307366907596588,365
869,2019,2,42,82,65.44985961914062,0.6601002216339111,251
870,2019,3,43,69,103.05641174316406,0.6921781301498413,265
871,2019,1,45,47,51.985591888427734,0.8283075094223022,240
872,2019,1,46,46,53.11386489868164,0.7099825739860535,238
873,2019,2,38,56,73.72509384155273,0.5219733715057373,245
874,2019,3,38,63,66.45741319656372,0.6081162095069885,259
875,2019,3,39,61,90.71964621543884,0.6040242314338684,254
876,2019,3,39,61,107.3096137046814,0.8059741854667664,254
877,2019,2,26,67,44.71139907836914,0.6926332116127014,263
878,2019,2,16,47,12.09765076637268,0.5294023156166077,253
879,2019,2,59,110,131.92689514160156,0.6919185519218445,265
880,2019,2,61,111,112.2575798034668,0.7451057434082031,266
881,2019,4,137,162,301.08586621284485,0.8031356334686279,313
882,2019,4,92,153,111.77416038513184,0.8167619705200195,290
883,2019,3,90,151,102.24012088775635,0.3773362934589386,365
884,2019,2,79,136,93.24710083007812,0.4174300730228424,342
885,2019,2,58,114,108.97726631164551,0.6946864724159241,265
886,2019,1,38,64,62.81415557861328,0.665998101234436,261
887,2019,4,90,134,98.75775051116943,0.7415693998336792,365
888,2019,3,90,166,118.260582447052,0.557519257068634,365
889,2019,0,0,28,0.0,,271
890,2019,1,17,43,14.415536880493164,0.36683422327041626,272
891,2019,4,92,169,134.36994409561157,0.6391185522079468,365
892,2019,3,90,176,120.01918125152588,0.42747554183006287,365
893,2019,1,41,44,19.726699829101562,0.30738475918769836,272
894,2019,3,40,75,32.30352020263672,0.5646793842315674,285
895,2019,2,45,71,59.93208885192871,0.6288267374038696,278
896,2019,2,44,66,44.686270236968994,0.5766043066978455,274
897,2019,1,41,52,38.28779983520508,0.32075557112693787,275
898,2019,1,40,41,18.8542423248291,0.3044697642326355,272
899,2019,1,44,66,70.87022399902344,0.6294789910316467,267
900,2019,1,44,56,77.84881591796875,0.6427698731422424,266
901,2019,2,52,93,89.21025943756104,0.7223257422447205,263
902,2019,1,43,68,76.71916961669922,0.49743741750717163,297
903,2019,2,44,66,92.10486793518066,0.6176408529281616,265
904,2019,2,45,69,110.27252197265625,0.6589726805686951,264
905,2019,2,45,73,105.59541893005371,0.6751253604888916,266
906,2019,2,44,69,58.40275681018829,0.6924391388893127,327
907,2019,1,43,50,88.40345001220703,0.5349125266075134,264
908,2019,1,43,46,67.74737548828125,0.3666243255138397,272
909,2019,1,41,53,90.4948959350586,0.6734040379524231,269
910,2019,2,45,72,121.6207103729248,0.6067103147506714,270
911,2019,1,43,52,74.75850677490234,0.3999733030796051,262
912,2019,1,44,57,70.83314514160156,0.3818103075027466,263
913,2019,1,41,53,52.93294906616211,0.3604660630226135,276
914,2019,2,43,74,65.04506063461304,0.4965296983718872,270
915,2019,2,42,67,82.0448625087738,0.8577596545219421,273
916,2019,2,48,89,84.04114818572998,0.8342368602752686,295
917,2019,3,41,77,41.85380744934082,0.4455204904079437,279
918,2019,2,51,96,28.110551834106445,0.38719961047172546,333
919,2019,3,33,93,8.621605336666107,0.7518123984336853,328
920,2019,3,40,91,10.03777027130127,0.7092511653900146,326
921,2019,3,41,89,65.43510127067566,0.7109997272491455,286
922,2019,3,44,95,115.877081990242,0.5903077125549316,284
923,2019,3,42,84,87.72969150543213,0.7743892073631287,285
924,2019,3,51,136,116.57075881958008,1.0,328
925,2019,3,90,196,120.68408155441284,0.692908525466919,365
926,2019,3,50,130,52.7874870300293,0.7469379305839539,350
927,2019,2,42,68,51.54857063293457,0.9352395534515381,282
928,2019,2,60,80,62.797096252441406,0.8562026023864746,308
929,2019,3,56,142,78.41148376464844,0.7705789804458618,365
930,2019,3,57,142,84.99024105072021,0.7755553722381592,340
931,2019,4,49,122,125.42051553726196,0.8226551413536072,345
932,2019,3,50,145,109.08902263641357,0.8696272969245911,327
933,2019,4,57,163,74.72124552726746,0.7622366547584534,365
934,2019,3,52,105,59.93165874481201,0.7341901063919067,365
935,2019,1,128,103,9.613919258117676,0.6890361905097961,346
936,2019,3,39,96,12.824001908302307,0.6433367133140564,365
937,2019,3,48,89,65.16188108921051,0.9206211566925049,329
938,2019,4,40,116,65.21366703510284,0.8531165719032288,365
939,2019,4,58,143,140.43372797966003,0.768517017364502,365
940,2019,3,57,147,118.05239629745483,0.8686833381652832,335
941,2019,2,45,76,61.968097448349,0.4615271985530853,286
942,2019,3,46,101,92.11395215988159,0.736352801322937,316
943,2019,4,51,124,76.96278953552246,0.9508801102638245,332
944,2019,4,52,129,81.5853681564331,0.9253255128860474,336
945,2019,2,19,67,18.93753957748413,0.5895315408706665,336
946,2019,2,35,60,18.705880165100098,0.49820390343666077,318
947,2019,3,45,96,63.751882553100586,0.8671399354934692,365
948,2019,2,48,74,60.711730003356934,0.8498879671096802,315
949,2019,3,56,147,145.07178020477295,0.8433098196983337,342
950,2019,3,61,158,98.9508867263794,0.9229547381401062,321
951,2019,2,45,92,31.99455738067627,0.7073339819908142,320
952,2019,2,45,98,51.856645584106445,1.0,346
953,2019,3,52,114,52.77138900756836,0.9799009561538696,343
954,2019,4,56,126,85.51562881469727,0.9484691023826599,346
955,2019,4,52,127,62.85134220123291,0.8876078128814697,350
956,2019,3,30,99,73.06508445739746,0.9537336826324463,336
957,2019,3,57,156,118.87941455841064,0.8827558159828186,332
958,2019,3,63,140,79.34066963195801,0.6985880732536316,331
959,2019,1,71,79,2.956003189086914,0.42472222447395325,365
960,2019,2,18,52,1.5912526845932007,0.5382421016693115,365
961,2019,3,58,150,139.91272258758545,0.9010399580001831,365
962,2019,3,58,155,102.82948780059814,1.0,365
963,2019,3,68,113,26.32797622680664,0.7769665122032166,326
964,2019,2,47,95,3.4045268297195435,0.6480091214179993,358
965,2019,2,43,98,55.772342681884766,0.9035733342170715,365
966,2019,2,48,74,9.889382600784302,0.7638651728630066,317
967,2019,3,64,98,35.80447483062744,0.7671629786491394,331
968,2019,3,58,145,103.16572570800781,0.8320443630218506,349
969,2019,3,41,138,58.58578586578369,0.696971595287323,338
970,2019,3,47,130,79.94649600982666,0.9686041474342346,365
971,2019,3,38,122,105.78624725341797,0.7701663374900818,365
972,2019,3,70,140,72.90499877929688,0.8899043202400208,338
973,2019,3,85,115,71.75405311584473,0.8922881484031677,354
974,2019,3,54,146,83.01720190048218,0.7801549434661865,365
975,2019,3,48,114,50.31287217140198,0.7173126935958862,365
976,2019,3,45,138,96.06826758384705,0.7979425191879272,365
977,2019,3,46,111,107.59645462036133,0.7383973002433777,365
978,2019,3,70,135,74.35608291625977,0.6607467532157898,328
979,2019,3,57,110,34.75517129898071,0.6198167204856873,325
980,2019,4,44,153,82.31537818908691,0.751728892326355,344
981,2019,3,36,119,53.37059497833252,0.7442708611488342,357
982,2019,2,70,113,24.09703826904297,0.693819522857666,336
983,2019,3,47,100,36.2165093421936,0.7931815981864929,345
984,2019,4,48,131,84.46170115470886,0.9596779346466064,365
985,2019,4,41,124,53.07993125915527,1.0,365
986,2019,4,46,136,81.76699542999268,0.9769229888916016,365
987,2019,3,48,105,92.75958251953125,0.9079345464706421,365
988,2019,3,72,119,58.84790515899658,0.7397497892379761,365
989,2019,3,72,122,46.40974521636963,0.9274570941925049,365
990,2019,2,73,96,42.89256572723389,0.6789348721504211,365
991,2019,2,40,80,11.065452694892883,0.4533193111419678,365
992,2019,3,44,106,88.64325141906738,1.0,365
993,2019,4,49,121,109.87466859817505,0.8979528546333313,365
994,2019,3,72,108,48.52180004119873,0.8098499178886414,365
995,2019,3,50,111,36.189703822135925,0.9759150743484497,365
996,2019,2,29,72,29.633392810821533,0.9200333952903748,365
997,2019,2,50,93,26.43549633026123,0.9371662139892578,365
998,2019,3,38,124,54.854347705841064,0.9550459980964661,362
999,2019,3,35,112,55.1982364654541,0.8553813695907593,365
1000,2019,3,44,111,76.72621250152588,1.0,365
1001,2019,3,38,119,62.644564628601074,0.9956477284431458,365
1002,2019,3,29,100,45.68484926223755,0.8691723346710205,365
1003,2019,3,60,126,93.18723487854004,0.9560152888298035,365
1004,2019,3,50,101,38.20222187042236,0.7879912853240967,365
1005,2019,2,35,81,46.77628946304321,0.9008448719978333,365
1006,2019,3,36,96,74.16568183898926,0.8885529637336731,365
1007,2019,3,35,94,43.47494697570801,0.8479738235473633,365
1008,2019,2,34,82,41.06662034988403,0.8157917857170105,365
1009,2019,2,33,84,28.13065242767334,0.8203595876693726,365
1010,2019,3,45,104,39.66789698600769,0.6787406802177429,365
1011,2019,2,44,99,62.52249336242676,1.0,365
1012,2019,2,39,101,53.78913116455078,0.9862842559814453,365
1013,2019,3,35,87,59.3010835647583,0.8208446502685547,365
1014,2019,2,35,87,58.40700340270996,0.7927656769752502,365
1015,2019,2,68,109,73.69221496582031,0.9856386184692383,365
1016,2019,3,64,111,75.37507677078247,1.0,365
1017,2019,2,41,109,70.56970310211182,1.0,365
1018,2019,2,66,94,72.15371704101562,0.9976435303688049,365
1019,2019,2,68,106,81.66448497772217,0.9816884398460388,365
1020,2019,2,66,115,96.10858726501465,0.9888647198677063,365
1021,2019,4,55,146,139.97027397155762,1.0,365
1022,2019,2,69,104,86.37603664398193,0.9730847477912903,365
1023,2019,2,131,131,104.05047369003296,0.8641238212585449,365
1024,2019,2,65,89,98.41686916351318,0.9931870102882385,365
1025,2019,3,54,106,98.13967704772949,0.9761073589324951,365
1026,2019,2,59,106,102.48423385620117,0.859920084476471,365
1027,2019,3,41,102,105.71068000793457,0.9484890699386597,365
1028,2019,2,41,79,104.71377182006836,0.9268144965171814,365
1029,2019,2,66,105,127.0035171508789,0.9752382636070251,365
1030,2019,3,38,78,96.95740509033203,0.9179465770721436,365
1031,2019,2,41,100,111.29606628417969,0.8249629735946655,365
1032,2019,2,42,91,115.00113868713379,0.8358351588249207,365
1033,2019,2,40,96,86.01956176757812,0.9446240067481995,365
1034,2019,2,36,85,74.06542015075684,0.7765290141105652,365
1035,2019,2,37,98,101.91774559020996,0.868848979473114,365
1036,2019,3,39,92,105.66067886352539,0.8359836935997009,365
1037,2019,3,39,95,117.69210624694824,0.9636285901069641,365
1038,2019,2,96,111,107.01145458221436,0.9112253785133362,365
1039,2019,3,36,91,109.74285793304443,0.8825144171714783,365
1040,2019,1,87,95,82.56002807617188,0.9023190140724182,365
1041,2019,3,36,86,90.75812721252441,0.6850428581237793,365
1042,2019,3,25,67,42.24389839172363,0.6460680365562439,365
1043,2019,2,39,77,90.99869918823242,0.8865599632263184,365
1044,2019,1,33,49,56.212669372558594,0.8734723925590515,365
1045,2019,2,33,57,62.2351131439209,0.8938053846359253,365
1046,2019,2,34,61,70.27336502075195,0.9007829427719116,365
1047,2019,2,33,77,50.69013786315918,0.856080174446106,365
1048,2019,2,45,63,55.02726364135742,0.9542877674102783,365
1049,2019,2,36,69,55.32733917236328,0.9115056395530701,365
1050,2019,1,27,39,50.558311462402344,0.7751755714416504,365
1051,2019,2,33,62,68.85713386535645,0.7647943496704102,365
1052,2019,1,33,53,41.454933166503906,0.6951578855514526,365
1053,2019,1,27,46,34.21706771850586,0.6318461894989014,365
1054,2019,3,33,76,53.987390995025635,0.5987735986709595,365
1055,2019,1,33,53,50.53215789794922,0.6596325039863586,365
1056,2019,3,37,83,44.84906196594238,0.5837246775627136,365
1057,2019,2,37,59,60.36970901489258,0.622535765171051,365
1058,2019,2,34,78,48.93442153930664,0.6483922004699707,365
1059,2019,2,35,73,54.096519470214844,0.5115724205970764,365
1060,2019,2,34,68,59.79768466949463,0.6129903197288513,365
1061,2019,2,33,65,55.165003299713135,0.6499647498130798,365
1062,2019,2,34,60,30.752299308776855,0.9115931987762451,365
1063,2019,2,19,65,22.949759483337402,0.5362998247146606,365
1064,2019,2,48,82,38.139352798461914,0.7303120493888855,365
1065,2019,0,0,42,0.0,,365
1066,2019,0,0,62,0.0,,365
1067,2019,2,31,61,26.948911666870117,0.5164679884910583,365
1068,2019,1,31,52,13.688811302185059,0.42258304357528687,365
1069,2019,2,31,53,17.102227210998535,0.582173228263855,365
1070,2019,1,32,60,25.04001808166504,0.6340968608856201,365
1071,2019,2,45,67,51.01571464538574,0.7779596447944641,365
0,2020,1,79,88,248.7266387939453,0.7366946339607239,366
1,2020,2,105,109,321.6818838119507,0.6453486680984497,366
2,2020,2,131,114,294.3880443572998,0.5459201335906982,366
3,2020,2,61,95,199.18431854248047,0.5351920127868652,309
4,2020,2,61,92,93.6411669254303,0.7032485008239746,366
5,2020,2,23,66,33.3831729888916,0.5859267115592957,366
6,2020,3,23,59,53.390286445617676,0.4434903860092163,366
7,2020,2,23,62,40.363006591796875,0.5792495012283325,366
8,2020,1,21,51,4.938127040863037,0.5299115180969238,366
9,2020,2,19,48,23.235926866531372,0.48688367009162903,366
10,2020,0,0,45,0.0,,366
11,2020,1,17,51,11.874722480773926,0.35423117876052856,366
12,2020,2,23,52,29.703376293182373,0.35244593024253845,366
13,2020,2,38,80,52.61699676513672,0.35332125425338745,366
14,2020,1,19,58,21.760650634765625,0.2766430079936981,366
15,2020,2,66,88,70.05526542663574,0.4468628764152527,366
16,2020,2,37,75,69.15414047241211,0.36355820298194885,366
17,2020,3,29,80,63.324225425720215,0.3049902319908142,366
18,2020,1,23,38,25.4228572845459,0.2344428300857544,366
19,2020,0,0,7,0.0,,366
20,2020,0,0,21,0.0,,366
21,2020,2,62,129,145.8734893798828,0.8651911616325378,366
22,2020,3,54,99,61.5255765914917,0.8240042924880981,366
23,2020,0,0,19,0.0,,366
24,2020,0,0,15,0.0,,366
25,2020,1,25,21,13.245657920837402,0.5056087374687195,366
26,2020,1,34,34,12.899554252624512,0.5694534182548523,366
27,2020,1,28,27,14.971713066101074,0.4831221103668213,366
28,2020,1,40,33,4.949853897094727,0.5071319937705994,366
29,2020,1,46,41,32.66099166870117,0.5424015522003174,366
30,2020,1,42,43,35.546321868896484,0.6602512001991272,366
31,2020,1,29,32,7.569332122802734,0.580678403377533,366
32,2020,1,51,45,20.293420791625977,0.5793843269348145,366
33,2020,2,27,53,6.509880304336548,0.6111547350883484,366
34,2020,0,0,11,0.0,,303
35,2020,1,30,47,4.049393177032471,0.6451361775398254,366
36,2020,0,0,17,0.0,,302
37,2020,1,30,37,4.333206653594971,0.6934866309165955,366
38,2020,0,0,9,0.0,,301
39,2020,1,28,34,4.488491058349609,0.6845028400421143,343
40,2020,1,20,21,6.272416114807129,0.7747673392295837,291
41,2020,0,0,20,0.0,,306
42,2020,2,33,62,9.873028457164764,0.9445491433143616,355
43,2020,1,97,74,19.08423614501953,0.9551988244056702,366
44,2020,1,126,73,22.11555290222168,0.718339204788208,366
45,2020,1,88,57,14.747854232788086,0.7735921144485474,366
46,2020,1,50,52,4.783560752868652,0.44548892974853516,366
47,2020,2,24,41,13.344775676727295,1.0,329
48,2020,1,31,31,1.9499142169952393,0.8651117086410522,333
49,2020,1,28,18,0.4087185859680176,0.47352948784828186,314
50,2020,0,0,14,0.0,,295
51,2020,0,0,7,0.0,,253
52,2020,0,0,11,0.0,,325
53,2020,0,0,7,0.0,,237
54,2020,0,0,18,0.0,,291
55,2020,0,0,13,0.0,,244
56,2020,0,0,12,0.0,,262
57,2020,0,0,0,0.0,,225
58,2020,0,0,0,0.0,,212
59,2020,0,0,0,0.0,,210
60,2020,0,0,0,0.0,,203
61,2020,0,0,3,0.0,,202
62,2020,0,0,0,0.0,,218
63,2020,0,0,0,0.0,,232
64,2020,0,0,0,0.0,,229
65,2020,0,0,0,0.0,,228
66,2020,0,0,0,0.0,,220
67,2020,0,0,2,0.0,,217
68,2020,0,0,0,0.0,,213
69,2020,0,0,2,0.0,,223
70,2020,0,0,5,0.0,,225
71,2020,1,46,43,7.163366317749023,0.6556835174560547,286
72,2020,1,22,22,3.6520016193389893,0.5662195086479187,292
73,2020,1,22,25,7.026376247406006,0.5199342966079712,366
74,2020,1,23,25,3.3316829204559326,0.5907565355300903,300
75,2020,1,23,35,4.247367858886719,0.6106570363044739,317
76,2020,1,47,56,15.444670677185059,0.85541832447052,350
77,2020,1,35,27,14.5421781539917,0.6545257568359375,366
78,2020,1,47,39,21.539098739624023,0.7838360071182251,366
79,2020,1,19,24,11.2793550491333,0.5908179879188538,366
80,2020,1,26,36,3.862915515899658,0.42488446831703186,312
81,2020,2,28,43,16.1156063079834,0.622873067855835,366
82,2020,0,0,19,0.0,,366
83,2020,2,28,48,13.481276750564575,0.5167227387428284,366
84,2020,1,24,47,3.039884567260742,0.5858402848243713,366
85,2020,2,28,52,17.784393310546875,0.6795811057090759,366
86,2020,1,15,34,3.1614723205566406,0.16826047003269196,366
87,2020,2,29,51,24.902326583862305,0.6469656229019165,366
88,2020,1,20,42,3.4494054317474365,0.5967942476272583,366
89,2020,1,20,40,2.3630905151367188,0.588762640953064,366
90,2020,1,20,43,2.4810187816619873,0.8501663208007812,366
91,2020,2,30,47,21.781874418258667,0.9233417510986328,366
92,2020,2,106,96,25.55598735809326,0.6833286285400391,366
93,2020,3,31,56,33.86678743362427,0.8213297128677368,366
94,2020,2,39,51,17.50179624557495,0.7655101418495178,366
95,2020,2,28,53,29.822226524353027,0.5761674046516418,366
96,2020,2,26,53,24.209250450134277,0.5960107445716858,366
97,2020,3,30,90,54.63759136199951,0.6386909484863281,366
98,2020,1,34,48,23.996482849121094,0.8070093393325806,366
99,2020,3,25,75,43.29563236236572,0.6596032381057739,366
100,2020,2,34,69,44.27509689331055,0.6816951036453247,366
101,2020,3,35,85,101.86081314086914,0.7645946741104126,366
102,2020,3,39,89,60.705074310302734,0.6789104342460632,366
103,2020,2,46,83,81.47575759887695,0.8536753058433533,366
104,2020,2,41,76,37.904043197631836,0.7468213438987732,366
105,2020,2,47,56,62.91435241699219,0.7375043630599976,366
106,2020,2,34,55,32.342615842819214,0.6458216309547424,366
107,2020,1,34,27,16.023494720458984,0.5643904209136963,366
108,2020,2,67,115,89.86247539520264,0.8360816240310669,366
109,2020,3,41,73,71.36415576934814,0.6843792796134949,366
110,2020,2,51,70,87.8447003364563,0.7743435502052307,366
111,2020,2,42,59,42.944594860076904,0.6102953553199768,366
112,2020,3,52,69,77.12768363952637,0.8806955218315125,366
113,2020,2,44,68,43.732510566711426,1.0,366
114,2020,3,53,79,77.1017017364502,0.9396893978118896,366
115,2020,3,53,83,74.05978488922119,0.7575097680091858,366
116,2020,4,50,97,66.03307700157166,0.8228502869606018,366
117,2020,2,53,73,69.56949520111084,0.850159764289856,366
118,2020,4,53,88,85.79135203361511,0.8486007452011108,366
119,2020,3,63,76,105.13553309440613,0.8679289817810059,366
120,2020,2,68,69,93.26600170135498,0.8315214514732361,366
121,2020,2,23,42,17.836172580718994,0.5727110505104065,366
122,2020,1,19,48,14.646007537841797,0.42990842461586,366
123,2020,3,53,102,52.20667839050293,0.6544898152351379,366
124,2020,5,58,144,126.82866096496582,0.9200323820114136,366
125,2020,4,106,171,138.86860942840576,0.9458102583885193,366
126,2020,2,75,227,102.3921709060669,0.9545886516571045,366
127,2020,4,71,164,152.01496124267578,0.8938350677490234,366
128,2020,3,93,161,176.29312705993652,0.8713903427124023,366
129,2020,2,147,153,137.0412483215332,0.7785462141036987,366
130,2020,2,103,133,126.52377700805664,0.7174644470214844,366
131,2020,3,65,144,120.84475994110107,0.7002666592597961,366
132,2020,3,48,123,71.98252201080322,0.7077980041503906,366
133,2020,3,54,119,59.400288820266724,0.7782285809516907,366
134,2020,3,54,111,78.71577262878418,0.8517042994499207,366
135,2020,2,40,109,65.71747207641602,0.8847598433494568,366
136,2020,3,44,121,90.48046493530273,0.9269723892211914,366
137,2020,3,39,108,23.79817271232605,0.6688622832298279,366
138,2020,1,55,56,62.054420471191406,0.28721529245376587,366
139,2020,0,0,0,0.0,,0
140,2020,2,31,81,63.7145209312439,0.45443403720855713,366
141,2020,1,36,47,32.84766387939453,0.29084330797195435,366
142,2020,1,101,74,72.84066009521484,0.46173664927482605,366
143,2020,1,89,105,119.20365905761719,0.450026273727417,366
144,2020,2,29,62,46.93438529968262,0.8904208540916443,366
145,2020,2,89,97,86.28233671188354,0.8570401668548584,366
146,2020,2,30,56,19.852931022644043,0.914467453956604,366
147,2020,2,22,67,23.52129077911377,0.32706013321876526,366
148,2020,1,81,81,167.13748168945312,0.6230669617652893,366
149,2020,2,80,107,186.78141164779663,0.6979010105133057,366
150,2020,2,35,74,45.94803428649902,0.3813800811767578,366
151,2020,1,18,50,15.828816413879395,0.26259949803352356,366
152,2020,3,144,140,340.80579566955566,0.6719751954078674,366
153,2020,2,79,119,176.4135160446167,0.6551983952522278,366
154,2020,2,75,106,240.18463230133057,0.7398043870925903,366
155,2020,3,65,103,185.54115629196167,0.5950754284858704,366
156,2020,1,85,65,55.56062316894531,0.5777856111526489,366
157,2020,1,87,83,98.95793151855469,0.6888357996940613,366
158,2020,1,77,94,121.07772827148438,0.44331294298171997,366
159,2020,1,75,95,103.88109588623047,0.48066145181655884,366
160,2020,3,83,136,110.22923851013184,0.3795755207538605,366
161,2020,2,70,115,94.39298725128174,0.32303738594055176,366
162,2020,3,77,136,248.78560209274292,0.6222474575042725,366
163,2020,3,37,87,98.55885791778564,0.623765766620636,366
164,2020,3,79,116,112.36303472518921,0.4765331745147705,366
165,2020,2,79,111,143.45698070526123,0.6570247411727905,366
166,2020,3,69,96,137.79562282562256,0.5701162815093994,366
167,2020,4,25,79,65.56088638305664,0.5614752769470215,366
168,2020,2,35,72,43.95900535583496,0.332190603017807,366
169,2020,3,34,98,50.63706302642822,0.4127133786678314,366
170,2020,3,35,97,57.60048580169678,0.5843028426170349,366
171,2020,2,32,82,51.30220985412598,0.6828901171684265,366
172,2020,0,0,37,0.0,,366
173,2020,1,19,50,11.742977142333984,0.8757585287094116,366
174,2020,1,65,69,44.59991455078125,0.33195558190345764,366
175,2020,1,56,73,37.377220153808594,0.30746641755104065,366
176,2020,0,0,42,0.0,,366
177,2020,1,19,47,9.414261817932129,0.21102522313594818,366
178,2020,3,71,138,89.78443813323975,0.24629442393779755,366
179,2020,1,111,122,116.69701385498047,0.4868752062320709,366
180,2020,1,63,98,44.65620040893555,0.28781214356422424,366
181,2020,2,54,99,83.61612606048584,0.38279032707214355,366
182,2020,3,27,84,49.559895515441895,0.601394772529602,366
183,2020,2,71,97,85.92564964294434,0.6969160437583923,366
184,2020,1,18,63,8.325882911682129,0.1562242954969406,366
185,2020,1,19,62,6.185203552246094,0.11965826898813248,366
186,2020,2,20,62,26.783002853393555,0.5275261402130127,366
187,2020,2,17,51,21.61760902404785,0.4844202697277069,366
188,2020,2,128,155,192.28067588806152,0.5378204584121704,366
189,2020,3,130,161,206.85346126556396,0.5522416234016418,366
190,2020,2,27,71,26.922800064086914,0.3549076020717621,366
191,2020,4,19,87,39.06932091712952,0.4586282968521118,366
192,2020,1,130,155,172.29837036132812,0.5594152808189392,366
193,2020,3,65,132,122.35499095916748,0.38549190759658813,366
194,2020,1,16,35,9.262598037719727,0.5533881783485413,366
195,2020,1,21,40,12.323095321655273,0.7079548835754395,366
196,2020,3,30,84,60.539748191833496,0.7424007058143616,366
197,2020,2,64,98,87.21158981323242,0.6811009049415588,366
198,2020,1,30,60,20.912504196166992,0.6686035394668579,366
199,2020,2,96,96,48.59629726409912,0.3105921149253845,366
200,2020,1,128,121,141.15673828125,0.6948480010032654,366
201,2020,4,66,151,122.5213737487793,0.33758142590522766,366
202,2020,2,48,65,42.86624717712402,0.7581644654273987,366
203,2020,1,29,40,21.429712295532227,0.7834055423736572,366
204,2020,2,97,120,99.54239082336426,0.37142759561538696,366
205,2020,2,75,136,105.34542846679688,0.3375643193721771,366
206,2020,1,21,50,18.663433074951172,0.29518938064575195,366
207,2020,1,17,40,14.15758228302002,0.6253367066383362,366
208,2020,1,20,60,33.77429962158203,0.603665292263031,366
209,2020,3,50,95,75.87338829040527,0.6178023815155029,366
210,2020,2,29,65,63.58785820007324,0.5964457988739014,366
211,2020,1,16,53,23.79513168334961,0.536812424659729,366
212,2020,2,30,47,39.11781883239746,0.5511418581008911,366
213,2020,2,40,57,58.768123626708984,0.6660919189453125,366
214,2020,1,30,45,58.57893753051758,0.6771259307861328,366
215,2020,2,27,52,24.817874908447266,0.3070922791957855,366
216,2020,2,32,74,82.75075340270996,0.698402464389801,366
217,2020,1,32,72,46.01265335083008,0.5721369981765747,366
218,2020,3,61,119,98.81874942779541,0.5419551730155945,366
219,2020,2,34,90,71.41865730285645,0.6117388010025024,366
220,2020,1,47,67,37.38124465942383,0.4696633219718933,366
221,2020,1,30,59,35.38478088378906,0.5227484703063965,366
222,2020,2,28,71,25.801148414611816,0.34452956914901733,366
223,2020,2,28,51,30.42991542816162,0.3121754825115204,366
224,2020,1,53,88,32.11757278442383,0.3844945430755615,366
225,2020,2,28,51,31.2947416305542,0.5263664722442627,366
226,2020,1,15,53,7.415156841278076,0.16968819499015808,366
227,2020,1,32,77,23.20745086669922,0.4814475476741791,366
228,2020,4,79,144,129.66809558868408,0.35227999091148376,366
229,2020,2,19,57,36.54937267303467,0.4790533185005188,366
230,2020,1,22,37,18.835790634155273,0.49916866421699524,366
231,2020,2,52,94,58.49930763244629,0.5965752005577087,366
232,2020,1,44,72,50.82607650756836,0.7632043361663818,366
233,2020,1,19,35,11.836326599121094,0.3950202763080597,366
234,2020,1,27,40,6.572896957397461,0.5260492563247681,366
235,2020,3,67,135,126.78207778930664,0.6181066632270813,366
236,2020,1,30,55,31.003173828125,0.4011406898498535,366
237,2020,2,86,169,97.23697280883789,0.28399673104286194,366
238,2020,6,109,211,195.56474256515503,0.39261698722839355,366
239,2020,2,71,139,152.6134490966797,0.5024481415748596,366
240,2020,2,69,117,118.0544900894165,0.6317804455757141,366
241,2020,0,0,21,0.0,,366
242,2020,1,16,19,5.91367244720459,0.24034114181995392,366
243,2020,1,16,51,2.843104839324951,0.2544151842594147,366
244,2020,1,31,38,12.19790267944336,0.1520616114139557,366
245,2020,2,46,90,25.08426284790039,0.6671961545944214,366
246,2020,2,72,98,150.2261037826538,0.5364747047424316,366
247,2020,1,28,63,16.823768615722656,0.2266566902399063,366
248,2020,2,19,69,47.57881736755371,0.440461128950119,366
249,2020,2,22,39,24.339014053344727,0.47473397850990295,366
250,2020,1,16,37,13.017772674560547,0.48899418115615845,366
251,2020,1,18,49,18.42253875732422,0.3655376732349396,366
252,2020,1,42,60,43.43387222290039,0.8688226938247681,366
253,2020,2,47,74,22.626983642578125,0.8575200438499451,366
254,2020,2,52,101,67.98018836975098,0.6763193011283875,366
255,2020,3,30,95,86.04213237762451,0.5866690278053284,366
256,2020,3,77,144,172.86909675598145,0.8705137968063354,366
257,2020,0,0,22,0.0,,366
258,2020,2,17,36,17.497997283935547,0.6834357976913452,366
259,2020,2,46,90,51.06386089324951,0.480835497379303,366
260,2020,2,44,90,58.537370681762695,0.5632076263427734,366
261,2020,2,24,78,43.5405855178833,0.5956746339797974,366
262,2020,2,44,69,48.57577323913574,0.4496711492538452,366
263,2020,2,60,109,82.10762405395508,0.5286585688591003,366
264,2020,2,62,118,103.13146209716797,0.6443064212799072,366
265,2020,3,52,107,88.25849723815918,0.5387463569641113,366
266,2020,2,59,67,31.442748069763184,0.8291135430335999,366
267,2020,2,53,74,62.95235252380371,0.7933007478713989,366
268,2020,1,25,37,10.98913288116455,0.8246675729751587,366
269,2020,2,27,49,40.09991645812988,0.9410262107849121,366
270,2020,2,45,78,42.91934776306152,0.4386289417743683,366
271,2020,1,44,71,11.978382110595703,0.8243308067321777,366
272,2020,2,27,56,30.24745464324951,0.6310698986053467,366
273,2020,1,26,43,6.729246139526367,0.8045785427093506,366
274,2020,2,81,122,175.3737030029297,0.5183931589126587,366
275,2020,2,81,115,146.33796048164368,0.5487671494483948,366
276,2020,1,26,45,8.093571662902832,0.7984326481819153,366
277,2020,1,17,41,6.174337863922119,0.5705112218856812,366
278,2020,2,95,151,172.9123706817627,0.5383417010307312,366
279,2020,2,77,120,183.35027408599854,0.5795848965644836,366
280,2020,2,40,80,44.01938343048096,0.25219595432281494,366
281,2020,2,40,95,35.58808135986328,0.23868948221206665,366
282,2020,2,82,103,161.7681074142456,0.5452618598937988,366
283,2020,2,79,98,143.42503929138184,0.6929489970207214,366
284,2020,2,69,114,74.4310827255249,0.35322442650794983,366
285,2020,2,40,82,37.584044456481934,0.271208256483078,366
286,2020,3,83,121,103.94945049285889,0.41440728306770325,366
287,2020,2,124,137,72.79552459716797,0.436838835477829,366
288,2020,1,53,55,24.46059799194336,0.5366467833518982,366
289,2020,2,18,37,13.40418291091919,0.40168607234954834,366
290,2020,5,46,134,75.72639274597168,0.33082908391952515,366
291,2020,3,55,129,104.7639274597168,0.4343656897544861,366
292,2020,1,49,46,7.563838481903076,0.591081976890564,366
293,2020,2,70,99,101.45968055725098,0.5037660002708435,366
294,2020,1,26,35,4.407337188720703,0.7161315679550171,366
295,2020,3,31,79,70.3143367767334,0.7180723547935486,366
296,2020,2,50,82,72.71949195861816,0.9686421155929565,366
297,2020,2,53,74,67.84866714477539,0.846924364566803,366
298,2020,2,101,166,218.99739456176758,0.5314679145812988,366
299,2020,2,71,126,182.46653175354004,0.5353009104728699,366
300,2020,3,39,91,41.844348430633545,0.49789178371429443,366
301,2020,2,85,123,112.72836494445801,0.6507722735404968,366
302,2020,2,77,118,67.17586612701416,0.323928564786911,366
303,2020,3,82,127,130.89781093597412,0.8560822606086731,366
304,2020,2,30,75,10.83072805404663,0.48169735074043274,366
305,2020,1,16,29,11.95344066619873,0.31936535239219666,366
306,2020,2,75,144,145.90427780151367,0.6934493780136108,366
307,2020,2,75,119,102.08637619018555,0.6213316321372986,366
308,2020,1,21,58,13.081854820251465,0.15689919888973236,366
309,2020,3,74,123,145.27140092849731,0.5567098259925842,366
310,2020,0,0,2,0.0,,248
311,2020,0,0,4,0.0,,247
312,2020,2,75,139,138.91413497924805,0.6548556089401245,366
313,2020,2,56,127,102.74435424804688,0.6333684325218201,366
314,2020,0,0,10,0.0,,256
315,2020,0,0,3,0.0,,278
316,2020,2,52,79,85.35838508605957,0.7298617362976074,366
317,2020,2,51,83,75.47403335571289,0.6792002320289612,366
318,2020,0,0,14,0.0,,288
319,2020,0,0,15,0.0,,272
320,2020,1,26,36,2.4853644371032715,0.8057498335838318,366
321,2020,1,55,69,8.394396781921387,0.5282418131828308,366
322,2020,1,26,34,1.8976863622665405,0.5617316365242004,366
323,2020,1,15,55,2.3772566318511963,0.3972986936569214,366
324,2020,2,100,155,182.2390480041504,0.5928841829299927,366
325,2020,2,80,134,193.6018466949463,0.528435468673706,366
326,2020,2,69,126,125.24985694885254,0.5885936617851257,366
327,2020,2,29,60,35.13456153869629,0.4749944508075714,366
328,2020,3,82,137,94.17532348632812,0.7301859855651855,366
329,2020,3,52,128,98.00039196014404,0.8186944723129272,366
330,2020,2,81,114,115.30566787719727,0.8364711403846741,366
331,2020,3,34,131,75.13989639282227,0.7784656286239624,366
332,2020,5,31,120,48.83852565288544,0.33264344930648804,366
333,2020,2,101,143,185.67009925842285,0.5296831130981445,366
334,2020,2,96,136,168.79782676696777,0.6268108487129211,366
335,2020,1,19,19,0.7744276523590088,0.4953654706478119,307
336,2020,0,0,1,0.0,,314
337,2020,2,51,81,55.00327014923096,0.6780752539634705,366
338,2020,3,51,93,77.42705154418945,0.8006275296211243,366
339,2020,3,72,150,153.27513122558594,0.8656989336013794,366
340,2020,2,96,142,180.50017738342285,0.6488978862762451,366
341,2020,2,51,87,37.74792289733887,0.672886312007904,366
342,2020,2,49,87,21.55655860900879,0.7017391324043274,366
343,2020,2,16,57,18.904160499572754,0.7226520776748657,366
344,2020,2,34,59,46.21818923950195,0.8126040697097778,366
345,2020,2,40,71,58.407936096191406,0.8096474409103394,366
346,2020,1,15,18,1.0221471786499023,0.6346218585968018,366
347,2020,1,15,33,0.6016227602958679,0.5040090084075928,366
348,2020,2,34,75,6.018776178359985,0.6304275989532471,356
349,2020,2,19,57,5.165538668632507,0.8483157157897949,366
350,2020,2,50,107,55.15246772766113,0.6471545696258545,366
351,2020,2,45,73,52.108707427978516,0.908298671245575,366
352,2020,1,27,34,1.659125566482544,0.7605065107345581,366
353,2020,1,15,25,1.5251336097717285,0.8538849353790283,333
354,2020,0,0,28,0.0,,366
355,2020,0,0,19,0.0,,366
356,2020,1,28,42,0.838081955909729,0.42254638671875,366
357,2020,1,22,45,1.8477437496185303,0.5712418556213379,366
358,2020,0,0,32,0.0,,337
359,2020,1,24,33,2.257143497467041,0.9351242780685425,318
360,2020,1,29,44,34.315711975097656,0.40381622314453125,366
361,2020,1,24,40,13.573274612426758,0.264548659324646,366
362,2020,2,30,67,42.46275329589844,0.4908252954483032,366
363,2020,1,32,39,10.937329292297363,0.6317073702812195,366
364,2020,3,33,74,43.10205054283142,0.5488899350166321,366
365,2020,2,39,77,57.27402877807617,0.7323017716407776,366
366,2020,3,43,96,91.45367050170898,0.8056277632713318,366
367,2020,3,52,95,76.57467937469482,0.8784236907958984,366
368,2020,2,51,100,46.841819763183594,0.7166772484779358,366
369,2020,2,52,106,46.35403060913086,0.7138712406158447,366
370,2020,2,61,96,53.328951835632324,0.4808994233608246,366
371,2020,2,79,101,96.20830535888672,0.8045333027839661,366
372,2020,1,32,35,10.840377807617188,0.6758125424385071,366
373,2020,1,20,31,15.554128646850586,0.8971244692802429,366
374,2020,2,18,38,19.356106758117676,0.7935755848884583,366
375,2020,2,80,102,95.00555229187012,0.8980771899223328,366
376,2020,0,0,25,0.0,,272
377,2020,0,0,27,0.0,,312
378,2020,1,32,53,3.2056894302368164,0.5731406211853027,294
379,2020,1,17,43,1.4722802639007568,0.8416666388511658,293
380,2020,1,19,40,1.5879942178726196,0.5287688374519348,324
381,2020,1,37,52,2.8815712928771973,0.547701358795166,294
382,2020,2,81,85,49.7410831451416,0.6884565353393555,366
383,2020,2,40,88,42.71441459655762,0.37849161028862,366
384,2020,2,56,63,32.31482982635498,0.5383418798446655,366
385,2020,2,58,118,59.751705169677734,0.7039483785629272,366
386,2020,2,58,115,60.12545967102051,0.7306141257286072,366
387,2020,1,18,24,1.3939273357391357,0.633614182472229,287
388,2020,0,0,14,0.0,,267
389,2020,1,21,39,25.88385581970215,0.36610719561576843,366
390,2020,2,19,41,5.125878810882568,0.48829787969589233,366
391,2020,1,84,83,24.7669677734375,0.8938542008399963,366
392,2020,2,19,47,21.210107803344727,0.8795081377029419,366
393,2020,2,52,86,18.54640769958496,0.9894073605537415,366
394,2020,2,52,86,23.4589900970459,1.0,366
395,2020,2,51,60,29.02889060974121,0.7856965065002441,366
396,2020,1,40,53,17.979320526123047,0.9280094504356384,366
397,2020,3,24,72,21.731847524642944,0.5120826363563538,366
398,2020,1,16,37,3.542684316635132,0.5547701120376587,366
399,2020,0,0,22,0.0,,280
400,2020,0,0,14,0.0,,267
401,2020,1,52,82,16.132774353027344,0.9692506194114685,366
402,2020,1,52,66,8.155740737915039,0.797330379486084,366
403,2020,1,23,22,1.190653681755066,0.7067626118659973,223
404,2020,1,30,21,6.215202331542969,0.7486255764961243,205
405,2020,0,0,1,0.0,,255
406,2020,1,16,26,2.451671600341797,0.8583513498306274,263
407,2020,2,53,80,43.992013931274414,0.9501149654388428,366
408,2020,2,64,79,40.14999580383301,0.9514636397361755,366
409,2020,0,0,0,0.0,,223
410,2020,0,0,3,0.0,,217
411,2020,0,0,4,0.0,,203
412,2020,0,0,2,0.0,,187
413,2020,2,81,102,68.10724067687988,0.8052252531051636,366
414,2020,3,40,81,56.27519702911377,0.9376408457756042,366
415,2020,1,52,65,6.981478691101074,0.8276757001876831,366
416,2020,1,16,33,3.075937271118164,1.0,317
417,2020,2,22,58,31.11396360397339,0.8457117080688477,366
418,2020,0,0,31,0.0,,302
419,2020,2,52,83,46.49053955078125,0.7614656686782837,366
420,2020,5,18,73,20.06281542778015,0.5248320698738098,349
421,2020,3,54,94,19.32622742652893,0.5775119066238403,366
422,2020,0,0,38,0.0,,315
423,2020,2,30,81,38.48761224746704,0.6181379556655884,366
424,2020,2,36,59,15.05314826965332,0.8842049837112427,366
425,2020,2,19,50,5.48464560508728,0.9341739416122437,330
426,2020,2,51,95,14.898300170898438,0.9528511762619019,366
427,2020,3,46,98,38.65313768386841,0.8374373912811279,366
428,2020,2,40,80,46.05570411682129,0.8887223601341248,366
429,2020,2,41,58,31.497695922851562,0.9742298722267151,366
430,2020,2,51,83,54.42313003540039,0.9939150214195251,366
431,2020,0,0,20,0.0,,277
432,2020,2,51,82,39.139387130737305,0.6145447492599487,366
433,2020,0,0,9,0.0,,267
434,2020,2,53,81,22.52889633178711,0.8730605244636536,366
435,2020,2,57,25,29.953542232513428,0.8643656373023987,249
436,2020,0,0,19,0.0,,244
437,2020,4,55,130,60.510457038879395,0.8582984209060669,366
438,2020,2,55,117,27.88206911087036,0.9154300689697266,366
439,2020,2,52,89,16.354466438293457,0.9693883061408997,366
440,2020,2,34,80,18.785855531692505,0.9623277187347412,339
441,2020,1,30,14,8.982497215270996,0.30653005838394165,237
442,2020,0,0,8,0.0,,248
443,2020,0,0,18,0.0,,259
444,2020,0,0,1,0.0,,241
445,2020,1,51,51,6.893526077270508,0.580498456954956,366
446,2020,2,30,81,21.095518589019775,0.4855789244174957,356
447,2020,2,98,104,35.072120666503906,0.8419564366340637,366
448,2020,2,26,74,9.46850335597992,0.865959644317627,366
449,2020,2,31,50,35.36617088317871,0.9627513885498047,366
450,2020,0,0,38,0.0,,270
451,2020,3,43,110,103.9484748840332,0.8722952604293823,366
452,2020,0,0,29,0.0,,286
453,2020,3,33,83,55.79555797576904,0.7571620941162109,366
454,2020,5,39,140,126.15074300765991,0.8313480019569397,366
455,2020,0,0,21,0.0,,264
456,2020,0,0,21,0.0,,255
457,2020,3,40,107,87.34043741226196,0.9479349255561829,366
458,2020,2,43,85,58.6224308013916,0.7661075592041016,366
459,2020,0,0,27,0.0,,287
460,2020,0,0,37,0.0,,304
461,2020,2,41,56,27.73984432220459,0.8168555498123169,366
462,2020,2,40,89,80.99656772613525,0.9582480192184448,366
463,2020,1,56,64,8.515867233276367,0.6377260088920593,366
464,2020,3,65,127,86.42650318145752,0.666142463684082,366
465,2020,3,17,49,17.71125316619873,0.9680467844009399,366
466,2020,2,28,49,6.292525768280029,0.9550632834434509,366
467,2020,4,91,133,50.06349855661392,0.8824981451034546,366
468,2020,0,0,0,0.0,,218
469,2020,0,0,1,0.0,,218
470,2020,2,30,62,38.70793628692627,0.9489676356315613,366
471,2020,1,55,15,44.419151306152344,0.46313828229904175,237
472,2020,0,0,14,0.0,,244
473,2020,2,25,45,38.508347511291504,0.8910627961158752,366
474,2020,3,33,73,46.531415939331055,0.37508323788642883,326
475,2020,3,30,57,49.77020573616028,0.3710300624370575,323
476,2020,0,0,10,0.0,,225
477,2020,1,15,18,0.9250414967536926,0.2834939658641815,271
478,2020,2,30,87,12.901456356048584,0.6441969871520996,366
479,2020,2,69,106,28.10851961374283,0.9530901908874512,366
480,2020,1,30,65,13.029987335205078,0.45892390608787537,300
481,2020,1,43,69,24.21411895751953,0.6740890145301819,319
482,2020,0,0,12,0.0,,220
483,2020,1,27,25,3.4326541423797607,0.8860687613487244,230
484,2020,1,48,63,16.161781311035156,0.7254809141159058,305
485,2020,1,42,54,11.030547142028809,0.6987487077713013,288
486,2020,0,0,5,0.0,,223
487,2020,0,0,4,0.0,,252
488,2020,0,0,6,0.0,,211
489,2020,0,0,0,0.0,,230
490,2020,1,51,60,14.235136032104492,0.7027402520179749,299
491,2020,1,29,57,11.709612846374512,0.40821215510368347,300
492,2020,2,112,129,49.38855743408203,0.7771119475364685,366
493,2020,2,40,94,37.95707702636719,0.7806897759437561,330
494,2020,0,0,0,0.0,,218
495,2020,1,49,13,38.46234893798828,0.41829267144203186,228
496,2020,2,52,74,43.85124206542969,0.6798730492591858,314
497,2020,1,28,62,10.242959976196289,0.32829147577285767,310
498,2020,3,27,74,51.91320610046387,0.3996681272983551,366
499,2020,1,30,47,19.686779022216797,0.20981673896312714,366
500,2020,0,0,4,0.0,,234
501,2020,0,0,4,0.0,,251
502,2020,2,56,81,52.72201347351074,0.28060421347618103,366
503,2020,1,24,52,12.34852409362793,0.17389145493507385,366
504,2020,0,0,18,0.0,,232
505,2020,0,0,8,0.0,,237
506,2020,1,43,50,15.59127140045166,0.6944605112075806,282
507,2020,1,48,62,19.379209518432617,0.9310282468795776,291
508,2020,2,85,128,58.57309341430664,0.9053295254707336,366
509,2020,1,84,94,28.470970153808594,0.8430978059768677,344
510,2020,0,0,12,0.0,,262
511,2020,1,16,19,2.887968063354492,0.7081296443939209,272
512,2020,2,53,92,42.31623363494873,0.6756914258003235,324
513,2020,2,52,84,49.79844856262207,0.7618830800056458,314
514,2020,2,61,82,87.43165969848633,0.6749399304389954,306
515,2020,2,55,72,48.56618309020996,0.5242393016815186,306
516,2020,2,78,103,35.21642303466797,0.9900075793266296,351
517,2020,1,27,42,9.215540885925293,1.0,366
518,2020,1,33,38,5.064962863922119,0.6079949736595154,267
519,2020,0,0,18,0.0,,235
520,2020,2,24,55,25.446125030517578,0.2732674777507782,366
521,2020,3,18,66,26.480457305908203,0.42046836018562317,366
522,2020,2,61,35,60.17090177536011,0.5392444729804993,258
523,2020,1,62,20,79.8454818725586,0.507014811038971,245
524,2020,2,71,99,117.90309143066406,0.8254283666610718,317
525,2020,1,48,73,30.469057083129883,0.6305311918258667,317
526,2020,1,27,35,6.816519737243652,0.9481023550033569,366
527,2020,1,21,32,5.247505187988281,1.0,355
528,2020,1,59,24,59.02351760864258,0.5512683987617493,224
529,2020,1,59,23,90.41893768310547,0.6999302506446838,235
530,2020,2,66,60,78.87595176696777,0.7724558711051941,273
531,2020,2,80,83,100.9045467376709,0.7985503077507019,285
532,2020,2,44,61,19.694801330566406,0.8964762687683105,340
533,2020,1,39,57,6.989108562469482,0.8852412104606628,332
534,2020,1,119,19,82.41387939453125,0.6288780570030212,220
535,2020,1,59,18,45.04620361328125,0.5520641803741455,211
536,2020,2,23,49,19.685951232910156,0.6514316201210022,308
537,2020,2,23,49,22.4464750289917,0.7957777976989746,305
538,2020,3,42,80,16.36411952972412,0.9754217267036438,357
539,2020,1,16,52,2.9767627716064453,0.8561380505561829,341
540,2020,2,75,82,71.24221801757812,0.7465183734893799,293
541,2020,2,72,90,86.07684326171875,0.7511734366416931,293
542,2020,3,48,98,118.6185393333435,0.8609685301780701,366
543,2020,2,31,76,38.420613288879395,0.9205462336540222,340
544,2020,1,51,81,24.3471736907959,0.2454061061143875,366
545,2020,1,49,64,24.218263626098633,0.19788992404937744,366
546,2020,2,48,72,44.0467472076416,0.8177090287208557,304
547,2020,1,50,61,24.582351684570312,0.7598052620887756,298
548,2020,1,58,17,81.30370330810547,0.6616771817207336,221
549,2020,1,58,14,58.203285217285156,0.6844538450241089,213
550,2020,5,40,131,148.651433467865,0.9498341679573059,366
551,2020,4,31,116,128.6831488609314,0.902655303478241,366
552,2020,3,81,118,138.24443531036377,0.9034066200256348,366
553,2020,2,19,46,11.115950345993042,0.4773167073726654,305
554,2020,1,17,31,8.242406845092773,0.09941805899143219,314
555,2020,1,75,37,127.52792358398438,0.5168465375900269,258
556,2020,1,63,23,98.43904113769531,0.5200597047805786,257
557,2020,4,94,152,140.71091842651367,0.6822558045387268,366
558,2020,5,27,116,89.32077026367188,0.6790106296539307,366
559,2020,4,42,117,75.58787178993225,0.6058034896850586,352
560,2020,3,37,111,69.9087815284729,0.6789978742599487,347
561,2020,3,31,70,23.345530033111572,0.7410200834274292,298
562,2020,1,40,58,14.841920852661133,0.8619633316993713,294
563,2020,1,49,11,39.01757049560547,0.8381097316741943,199
564,2020,1,57,11,68.76113891601562,0.843870997428894,205
565,2020,1,58,15,98.051513671875,0.7279753684997559,235
566,2020,1,61,17,91.97325897216797,0.6719799041748047,237
567,2020,0,0,5,0.0,,258
568,2020,1,32,10,10.160945892333984,0.8296821117401123,204
569,2020,2,48,83,68.3370132446289,0.8362182974815369,282
570,2020,2,41,70,47.1461706161499,0.9618653655052185,282
571,2020,2,18,42,16.431597232818604,0.951094925403595,288
572,2020,2,18,41,12.774107933044434,0.9141004681587219,286
573,2020,2,31,85,50.177202224731445,0.5172505378723145,366
574,2020,1,77,98,71.71221160888672,0.44973787665367126,366
575,2020,1,44,66,12.338360786437988,0.9363129138946533,282
576,2020,2,42,68,32.04075336456299,1.0,281
577,2020,2,36,74,23.72245502471924,0.9535308480262756,314
578,2020,2,22,52,24.740391731262207,0.605019748210907,305
579,2020,2,35,47,6.647236347198486,0.6372866630554199,268
580,2020,0,0,23,0.0,,278
581,2020,2,30,65,43.767287254333496,0.9787389039993286,310
582,2020,2,31,65,43.31582450866699,0.9027827978134155,313
583,2020,2,75,87,63.409361839294434,0.5831009149551392,272
584,2020,2,77,65,76.8854250907898,0.4732460379600525,269
585,2020,4,41,124,70.00270318984985,0.8271883726119995,366
586,2020,1,82,91,75.22469329833984,0.4435485005378723,366
587,2020,1,57,63,59.487754821777344,0.3961294889450073,366
588,2020,5,61,130,95.65750503540039,0.7452182769775391,366
589,2020,2,19,36,10.597853183746338,0.5164586901664734,302
590,2020,3,44,81,31.15922975540161,0.7431890964508057,309
591,2020,3,26,106,52.93055820465088,0.745620846748352,366
592,2020,3,27,86,45.92418384552002,0.5951588153839111,366
593,2020,2,30,61,40.753414154052734,0.894806981086731,301
594,2020,3,32,76,41.92615509033203,0.8585588932037354,299
595,2020,2,43,68,36.39767932891846,0.9323496222496033,280
596,2020,2,43,86,53.18466567993164,0.9430493116378784,277
597,2020,1,73,39,130.21612548828125,0.6490342020988464,251
598,2020,1,62,17,112.5457992553711,0.5856910347938538,246
599,2020,0,0,34,0.0,,292
600,2020,0,0,20,0.0,,323
601,2020,2,81,83,84.67895698547363,0.6322034001350403,268
602,2020,2,81,69,149.2508749961853,0.5988168716430664,265
603,2020,1,56,10,19.62807846069336,0.9401563405990601,196
604,2020,2,41,50,24.667529106140137,0.9320303797721863,326
605,2020,1,62,23,88.59471130371094,0.6381534934043884,243
606,2020,1,62,18,79.00872802734375,0.6649560928344727,242
607,2020,1,60,18,61.76586151123047,0.6562325954437256,237
608,2020,1,59,15,65.74107360839844,0.704535961151123,230
609,2020,2,25,46,23.793025493621826,0.42097586393356323,366
610,2020,1,18,29,8.572807312011719,0.5267004370689392,366
611,2020,1,25,63,11.271113395690918,0.17823462188243866,327
612,2020,1,52,66,1.6639761924743652,0.7673979997634888,336
613,2020,1,31,41,7.2357869148254395,0.8802177309989929,282
614,2020,1,33,50,15.580888748168945,0.9986070990562439,276
615,2020,2,29,71,25.94860553741455,0.3964236080646515,366
616,2020,0,0,11,0.0,,366
617,2020,1,20,31,1.5357857942581177,0.3183980882167816,328
618,2020,0,0,25,0.0,,321
619,2020,2,39,68,48.62739181518555,1.0,274
620,2020,2,39,71,50.118149757385254,1.0,273
621,2020,1,58,14,77.51737976074219,0.8312456011772156,223
622,2020,1,59,17,66.74382781982422,0.6755113005638123,235
623,2020,2,83,79,110.00381565093994,0.5274883508682251,259
624,2020,0,0,29,0.0,,330
625,2020,1,20,51,3.101750612258911,0.7316778898239136,366
626,2020,1,25,60,15.657517433166504,0.3596563935279846,263
627,2020,2,40,71,34.525808334350586,0.9798834323883057,269
628,2020,2,41,81,62.084933280944824,1.0,272
629,2020,2,27,64,7.405238151550293,0.681511640548706,348
630,2020,0,0,42,0.0,,366
631,2020,2,41,72,41.384599685668945,0.9857807755470276,274
632,2020,1,48,11,42.289764404296875,0.9271204471588135,196
633,2020,1,47,25,41.84590148925781,0.8880066275596619,272
634,2020,2,42,70,49.339582443237305,1.0,273
635,2020,1,28,38,12.059160232543945,0.9716359376907349,288
636,2020,1,22,35,8.539327621459961,0.9912269711494446,285
637,2020,3,27,80,30.90437376499176,0.43650901317596436,366
638,2020,1,70,90,7.544264793395996,0.6032351851463318,366
639,2020,1,17,31,5.3494462966918945,0.9992884993553162,275
640,2020,1,33,59,13.531203269958496,0.9994189143180847,276
641,2020,1,57,14,67.267333984375,0.889716625213623,208
642,2020,1,46,15,35.700950622558594,0.8770687580108643,196
643,2020,1,78,61,141.88343811035156,0.5825657844543457,251
644,2020,1,77,72,70.85272216796875,0.3998117446899414,255
645,2020,2,42,84,64.90707492828369,0.9800350069999695,274
646,2020,2,40,92,61.58163642883301,0.8772039413452148,271
647,2020,2,29,52,16.767271995544434,0.8977280259132385,289
648,2020,1,31,42,10.873109817504883,1.0,287
649,2020,1,46,15,52.9842643737793,0.957392156124115,201
650,2020,1,49,15,54.223873138427734,0.964386522769928,202
651,2020,2,42,77,37.30966377258301,0.9957603216171265,274
652,2020,2,37,60,25.53048801422119,0.9999980926513672,271
653,2020,0,0,9,0.0,,366
654,2020,2,85,146,50.97115135192871,0.8066510558128357,325
655,2020,2,28,63,41.348708152770996,0.6477540731430054,306
656,2020,1,22,33,7.159137725830078,0.1488594263792038,357
657,2020,0,0,21,0.0,,366
658,2020,1,16,31,8.527015686035156,0.28489917516708374,366
659,2020,2,42,82,54.284629821777344,1.0,271
660,2020,1,46,66,52.27901077270508,0.4038059413433075,260
661,2020,1,73,43,80.3993911743164,0.5691021680831909,251
662,2020,1,56,59,58.03449630737305,0.4569787383079529,256
663,2020,1,40,57,10.048654556274414,0.9905655384063721,267
664,2020,1,40,59,9.215734481811523,0.9999932050704956,264
665,2020,1,27,40,28.478384017944336,0.27703753113746643,258
666,2020,1,27,45,18.411184310913086,0.22661837935447693,259
667,2020,2,34,64,26.649746894836426,0.913047730922699,292
668,2020,2,33,65,36.369126319885254,0.9523972272872925,283
669,2020,2,74,120,40.02699851989746,0.7761054039001465,301
670,2020,2,34,69,35.08104133605957,0.8958208560943604,297
671,2020,1,44,14,40.46092987060547,0.9495552182197571,195
672,2020,1,47,15,62.63886260986328,0.9513208866119385,207
673,2020,1,47,15,54.428863525390625,0.9343821406364441,202
674,2020,1,47,15,54.70500946044922,0.928112268447876,201
675,2020,1,30,68,10.734281539916992,1.0,274
676,2020,0,0,41,0.0,,272
677,2020,1,17,41,5.523120880126953,0.21798820793628693,366
678,2020,1,24,42,12.888097763061523,0.23096711933612823,366
679,2020,2,89,95,31.062620162963867,0.9135862588882446,323
680,2020,2,72,80,30.2764949798584,0.9289969801902771,347
681,2020,1,31,48,9.875870704650879,0.7190170884132385,278
682,2020,2,36,52,18.024827003479004,0.7264403104782104,272
683,2020,3,59,86,39.40194344520569,0.991272509098053,366
684,2020,3,40,44,29.78159487247467,0.9745935201644897,353
685,2020,1,47,67,50.32358169555664,0.42883676290512085,264
686,2020,0,0,43,0.0,,263
687,2020,2,96,92,33.52416801452637,0.962777853012085,334
688,2020,2,116,91,49.28567123413086,0.995812177658081,366
689,2020,3,44,77,27.966736793518066,0.9052855372428894,341
690,2020,3,50,90,32.77551865577698,0.9160785675048828,351
691,2020,1,48,16,60.13962173461914,0.8781506419181824,212
692,2020,1,48,16,69.67990112304688,0.8978129625320435,212
693,2020,1,48,61,35.01494598388672,0.32846304774284363,256
694,2020,1,30,51,23.718372344970703,0.2712136209011078,260
695,2020,1,49,29,64.11561584472656,0.6153386831283569,246
696,2020,1,51,25,76.58535766601562,0.6871808171272278,227
697,2020,0,0,25,0.0,,250
698,2020,0,0,24,0.0,,251
699,2020,1,28,57,21.672828674316406,0.32273778319358826,256
700,2020,1,45,61,33.12791061401367,0.38091135025024414,255
701,2020,1,49,19,74.37995910644531,0.8554765582084656,213
702,2020,1,49,22,66.66744995117188,0.8756887316703796,228
703,2020,3,38,81,34.81628751754761,0.9604198932647705,357
704,2020,1,73,78,39.96133041381836,0.5032911896705627,366
705,2020,2,72,145,45.64086723327637,0.787868082523346,366
706,2020,2,92,148,31.628731727600098,0.7734841108322144,366
707,2020,1,51,76,20.17195701599121,0.650231122970581,294
708,2020,1,43,65,13.6422758102417,0.674701988697052,283
709,2020,1,28,43,7.339846611022949,0.6073306798934937,260
710,2020,1,27,40,18.812152862548828,0.2401023656129837,257
711,2020,1,62,54,69.95160675048828,0.472942978143692,255
712,2020,1,47,57,50.74309539794922,0.4215889275074005,254
713,2020,2,35,62,32.967310190200806,0.6785812377929688,366
714,2020,0,0,39,0.0,,274
715,2020,1,17,32,3.6038272380828857,0.2820720970630646,274
716,2020,1,27,45,5.1878662109375,0.4459366202354431,273
717,2020,1,52,34,78.42533874511719,0.6061260104179382,250
718,2020,2,61,37,80.63960552215576,0.990478515625,246
719,2020,1,50,20,59.09893035888672,0.8154423832893372,217
720,2020,1,45,16,58.526527404785156,0.8182952404022217,226
721,2020,1,40,58,12.951131820678711,0.7878460884094238,277
722,2020,1,28,43,7.018399715423584,0.43707022070884705,272
723,2020,1,63,38,110.15046691894531,0.5844320058822632,254
724,2020,1,60,29,80.40216827392578,0.5603185296058655,239
725,2020,2,29,54,13.553093433380127,0.429983526468277,273
726,2020,2,26,60,20.779354095458984,0.4767910838127136,272
727,2020,2,49,114,56.9981689453125,0.7572110891342163,286
728,2020,1,43,67,16.563337326049805,0.6858137845993042,288
729,2020,1,65,42,94.50030517578125,0.5750205516815186,251
730,2020,1,62,30,68.89869689941406,0.5016408562660217,244
731,2020,1,28,43,6.340025424957275,0.4698634147644043,269
732,2020,1,30,53,8.254190444946289,0.45512109994888306,272
733,2020,1,26,37,5.690442085266113,0.5562407374382019,262
734,2020,1,70,49,114.90453338623047,0.4103301763534546,263
735,2020,2,82,130,64.24213790893555,0.4058440029621124,366
736,2020,2,62,107,53.96973133087158,1.0,366
737,2020,1,43,40,59.61223220825195,0.45872271060943604,249
738,2020,2,36,43,23.386690378189087,0.9510797262191772,366
739,2020,1,31,43,47.37540817260742,0.4257570803165436,247
740,2020,2,42,66,19.625329971313477,0.8737976551055908,366
741,2020,1,47,25,31.829883575439453,0.9762563705444336,366
742,2020,1,47,29,37.97783660888672,0.8820924758911133,366
743,2020,1,49,38,50.55030059814453,0.9450645446777344,366
744,2020,2,48,44,48.971633434295654,0.8909516334533691,366
745,2020,1,47,14,70.6375961303711,0.8054358959197998,230
746,2020,1,46,19,48.42778015136719,0.8085015416145325,217
747,2020,2,38,47,27.29149866104126,0.9419999718666077,366
748,2020,1,35,34,22.735912322998047,0.8426699042320251,366
749,2020,2,67,51,68.35042572021484,0.5469361543655396,265
750,2020,1,17,40,3.4680614471435547,0.4459471106529236,265
751,2020,1,64,54,83.96887969970703,0.4675239026546478,252
752,2020,1,47,33,42.6345329284668,0.3114355504512787,245
753,2020,1,53,32,43.42631912231445,0.235249862074852,254
754,2020,1,69,47,117.50518798828125,0.38235360383987427,262
755,2020,1,48,15,54.47234344482422,0.7204556465148926,224
756,2020,1,50,14,68.93040466308594,0.7720098495483398,222
757,2020,1,59,46,63.18132019042969,0.32357943058013916,264
758,2020,1,26,43,21.72272300720215,0.24636930227279663,266
759,2020,1,122,14,91.26830291748047,0.7749189734458923,224
760,2020,1,50,14,70.93901824951172,0.7975858449935913,218
761,2020,1,50,20,73.26406860351562,0.693576991558075,231
762,2020,1,41,21,53.459747314453125,0.68879234790802,227
763,2020,1,50,34,84.8674087524414,0.4817630648612976,249
764,2020,1,51,34,70.38411712646484,0.3918088972568512,247
765,2020,1,66,42,103.9895248413086,0.37351009249687195,257
766,2020,1,66,42,77.61134338378906,0.3640386760234833,255
767,2020,3,45,89,68.62248802185059,0.9877725839614868,276
768,2020,3,44,88,67.0180492401123,0.9589129686355591,276
769,2020,1,63,31,50.54762649536133,0.5121899843215942,243
770,2020,1,30,26,48.47836685180664,0.6081669330596924,229
771,2020,1,49,33,42.54283142089844,0.28154364228248596,248
772,2020,1,49,24,53.995208740234375,0.325975239276886,246
773,2020,2,50,73,72.98008060455322,0.5853460431098938,274
774,2020,2,48,66,55.485257148742676,0.49882787466049194,268
775,2020,1,48,33,43.30195236206055,0.38707274198532104,246
776,2020,0,0,24,0.0,,249
777,2020,1,48,23,63.167015075683594,0.3851594924926758,248
778,2020,1,49,23,43.0383415222168,0.33005619049072266,246
779,2020,1,44,29,58.91963577270508,0.7404550313949585,221
780,2020,1,52,18,46.463199615478516,0.7820206880569458,216
781,2020,1,54,21,37.42339324951172,0.6179396510124207,213
782,2020,1,53,20,58.197635650634766,0.7590915560722351,209
783,2020,1,48,26,41.13238525390625,0.8968705534934998,320
784,2020,3,49,75,42.5579400062561,0.9179011583328247,322
785,2020,1,53,25,111.96161651611328,0.5230887532234192,254
786,2020,1,55,38,61.144325256347656,0.42680636048316956,251
787,2020,1,45,31,44.669891357421875,0.6234430074691772,213
788,2020,1,80,61,77.71171569824219,0.5377647280693054,236
789,2020,1,42,33,47.83338928222656,0.6666297316551208,214
790,2020,1,79,38,90.73992919921875,0.6999805569648743,226
791,2020,1,35,48,30.460987091064453,0.7982621788978577,366
792,2020,2,35,48,30.52240562438965,0.9919578433036804,366
793,2020,1,82,63,92.98513793945312,0.5020049810409546,236
794,2020,1,80,53,97.415283203125,0.6177306771278381,232
795,2020,3,50,57,78.55663669109344,0.9082655310630798,296
796,2020,1,62,55,81.25579071044922,0.8817143440246582,265
797,2020,1,71,50,127.46837615966797,0.5352872610092163,259
798,2020,2,71,76,100.29313564300537,0.7094844579696655,258
799,2020,1,25,51,17.227338790893555,0.287735253572464,243
800,2020,1,24,46,16.187301635742188,0.2755703628063202,243
801,2020,2,34,44,36.64264106750488,0.9805489182472229,366
802,2020,3,35,67,47.58952045440674,0.7994834184646606,366
803,2020,1,78,42,91.88268280029297,0.5877646803855896,230
804,2020,1,78,33,88.67455291748047,0.759767472743988,215
805,2020,2,71,53,93.11785817146301,0.4907892644405365,258
806,2020,2,60,61,56.00169563293457,0.5162211656570435,264
807,2020,0,0,17,0.0,,253
808,2020,0,0,33,0.0,,247
809,2020,2,45,71,64.85210132598877,0.670478343963623,263
810,2020,1,33,34,31.435653686523438,0.48608753085136414,261
811,2020,1,68,35,71.4879379272461,0.6088315844535828,219
812,2020,1,76,33,70.26629638671875,0.7991504669189453,210
813,2020,2,51,58,77.75541973114014,0.44950681924819946,263
814,2020,2,48,57,62.94435787200928,0.5399124026298523,261
815,2020,1,145,217,144.78404235839844,0.8882861733436584,289
816,2020,2,185,233,244.35631561279297,0.9999997019767761,336
817,2020,2,48,64,46.130581855773926,0.49780750274658203,268
818,2020,3,52,131,117.45531845092773,0.7230367660522461,278
819,2020,1,76,32,76.55730438232422,0.8498023748397827,209
820,2020,1,75,31,93.52478790283203,0.8611816167831421,213
821,2020,1,138,202,122.59321594238281,0.9008334875106812,283
822,2020,1,267,233,254.58433532714844,0.9467049241065979,286
823,2020,1,55,31,70.54548645019531,0.7700093984603882,217
824,2020,1,67,29,78.8623046875,0.8369362950325012,214
825,2020,2,71,57,71.03622627258301,0.7229763269424438,261
826,2020,2,31,63,68.98108196258545,0.7416186332702637,260
827,2020,2,32,60,53.77307367324829,0.6006630063056946,264
828,2020,2,73,52,57.17064023017883,0.5952948331832886,262
829,2020,2,33,52,51.65401220321655,0.5529098510742188,260
830,2020,2,34,51,66.76723456382751,0.5580001473426819,261
831,2020,1,69,39,73.2292251586914,0.5169938206672668,224
832,2020,1,30,31,32.53987503051758,0.41669002175331116,224
833,2020,1,50,20,64.66400146484375,0.8019213080406189,215
834,2020,1,51,21,76.95149230957031,0.8180474042892456,221
835,2020,1,49,42,55.27127456665039,0.5289363265037537,232
836,2020,1,47,33,36.8037109375,0.5178375244140625,231
837,2020,1,31,50,51.16434097290039,0.48574987053871155,262
838,2020,2,34,74,67.05303478240967,0.5708236694335938,273
839,2020,3,37,90,63.78159809112549,0.6318935751914978,275
840,2020,3,39,94,70.29450511932373,0.7583196759223938,281
841,2020,2,254,280,298.31182861328125,0.8936761617660522,366
842,2020,2,272,278,192.18208920955658,0.9376750588417053,366
843,2020,1,43,44,38.90645980834961,0.5008739829063416,237
844,2020,1,45,37,32.989044189453125,0.5059175491333008,228
845,2020,0,0,14,0.0,,259
846,2020,1,24,22,21.712953567504883,0.39344263076782227,254
847,2020,1,50,24,25.886775970458984,0.3932178020477295,225
848,2020,1,51,27,28.12742805480957,0.27815744280815125,227
849,2020,1,25,46,26.31108856201172,0.3697461187839508,245
850,2020,1,44,37,31.6886043548584,0.4119766056537628,229
851,2020,3,158,252,198.05703353881836,0.959135115146637,353
852,2020,4,134,213,149.6699742078781,0.9763458371162415,366
853,2020,1,24,35,15.703874588012695,0.4039084017276764,243
854,2020,1,29,35,15.015381813049316,0.37207749485969543,233
855,2020,1,54,41,107.92586517333984,0.8381879329681396,247
856,2020,1,54,33,94.33295440673828,0.7390102744102478,220
857,2020,1,67,56,97.23136901855469,0.7361028790473938,239
858,2020,2,67,58,100.20805048942566,0.9164151549339294,233
859,2020,1,53,41,57.283599853515625,0.5642581582069397,234
860,2020,2,25,44,22.43513560295105,0.5295600295066833,253
861,2020,1,54,48,93.3313980102539,0.7753472924232483,241
862,2020,2,53,46,45.45410203933716,0.8276321887969971,258
863,2020,2,34,64,35.9659538269043,0.7450421452522278,262
864,2020,2,35,67,28.86594581604004,0.7244997024536133,265
865,2020,2,28,51,37.42941498756409,0.5260754823684692,268
866,2020,0,0,28,0.0,,263
867,2020,3,125,217,136.80533123016357,0.9368143081665039,332
868,2020,3,127,258,206.5567286014557,0.9680661559104919,366
869,2020,0,0,17,0.0,,252
870,2020,1,21,60,3.6943564414978027,0.6353140473365784,266
871,2020,1,24,39,8.01774787902832,0.3101504445075989,241
872,2020,2,28,53,18.389150619506836,0.5525174140930176,239
873,2020,0,0,48,0.0,,246
874,2020,2,18,69,6.206544876098633,0.7349859476089478,260
875,2020,1,16,51,2.052339553833008,0.5742914080619812,255
876,2020,1,16,55,2.881087303161621,0.6591199040412903,255
877,2020,2,18,63,4.738688230514526,0.5924005508422852,264
878,2020,2,20,40,9.01875114440918,0.8441265821456909,254
879,2020,1,26,56,8.924139976501465,0.646864116191864,266
880,2020,1,26,39,5.889588356018066,0.6667118072509766,267
881,2020,1,312,241,233.97222900390625,0.925194263458252,314
882,2020,2,176,171,177.73028564453125,0.801834762096405,291
883,2020,3,115,194,112.11515378952026,0.8603547215461731,366
884,2020,4,64,197,116.94350457191467,0.853294312953949,343
885,2020,2,36,74,26.431445121765137,0.7041639089584351,266
886,2020,2,35,65,20.693432807922363,0.7371296286582947,262
887,2020,3,78,141,72.4674745798111,0.7105717062950134,366
888,2020,3,122,248,176.18967008590698,0.8115133047103882,366
889,2020,2,40,73,41.52992248535156,0.6785750985145569,272
890,2020,2,43,86,43.60780334472656,0.7287864685058594,273
891,2020,4,78,203,89.67850756645203,0.9656280279159546,366
892,2020,3,113,215,105.88248491287231,0.7667247653007507,366
893,2020,2,41,74,44.51009654998779,0.9531975984573364,273
894,2020,2,35,79,54.81785488128662,0.7920257449150085,286
895,2020,2,26,72,26.136276245117188,0.771466076374054,279
896,2020,3,27,79,22.1182279586792,0.7550776600837708,275
897,2020,2,39,64,40.68936729431152,0.7447551488876343,276
898,2020,2,38,69,44.87431812286377,0.6903220415115356,273
899,2020,2,37,81,37.86293029785156,0.7461934685707092,268
900,2020,2,35,73,37.36578845977783,0.739017128944397,267
901,2020,1,15,35,3.422250986099243,0.5722949504852295,264
902,2020,1,26,64,9.148975372314453,0.7934500575065613,298
903,2020,2,33,65,24.745649337768555,0.6631953716278076,266
904,2020,1,22,56,5.824806213378906,0.6516321301460266,265
905,2020,1,28,53,9.279401779174805,0.6459869742393494,267
906,2020,2,38,86,14.09218418598175,0.7354651689529419,328
907,2020,1,22,44,6.213458061218262,0.7399870753288269,265
908,2020,1,25,36,8.0560302734375,0.7711730599403381,273
909,2020,1,28,47,8.373366355895996,0.7617042660713196,270
910,2020,1,29,56,8.599830627441406,0.6116377711296082,271
911,2020,1,24,38,5.4388508796691895,0.6682033538818359,263
912,2020,1,25,45,6.854976177215576,0.6562802195549011,264
913,2020,2,29,58,36.849793910980225,0.8643789291381836,277
914,2020,2,37,73,34.000847816467285,0.7345609068870544,271
915,2020,2,29,63,35.6221137046814,0.6473149657249451,274
916,2020,2,25,76,17.56823968887329,0.6244005560874939,296
917,2020,3,20,69,17.817885875701904,0.5193728804588318,280
918,2020,2,27,87,9.308249473571777,0.6332758069038391,334
919,2020,5,37,110,31.185688018798828,0.9644800424575806,329
920,2020,4,37,116,49.04235506057739,0.7511324286460876,327
921,2020,3,38,101,89.16766929626465,0.7689760327339172,287
922,2020,2,29,82,41.92281436920166,0.9158838987350464,285
923,2020,3,41,105,88.6801700592041,0.7674424052238464,286
924,2020,4,49,122,63.925941705703735,0.7479172945022583,329
925,2020,3,38,138,42.93900012969971,0.8162544965744019,366
926,2020,4,55,139,51.02720832824707,0.803978443145752,351
927,2020,4,27,80,61.711861968040466,0.6809109449386597,283
928,2020,2,29,95,10.362036228179932,0.8522918224334717,309
929,2020,3,27,84,15.593425154685974,0.9145296812057495,366
930,2020,3,39,111,27.7426518201828,0.8031352162361145,341
931,2020,3,95,166,83.2603702545166,0.7175301909446716,346
932,2020,4,136,154,87.3807954788208,0.8401047587394714,328
933,2020,2,30,84,9.022860288619995,0.838934600353241,366
934,2020,1,37,69,21.479768753051758,0.8412278890609741,366
935,2020,5,70,128,80.39285445213318,0.7263327240943909,347
936,2020,4,32,114,49.52281868457794,0.621429443359375,366
937,2020,3,27,104,25.2627055644989,0.7171592712402344,330
938,2020,2,37,92,8.851499438285828,0.6359198689460754,366
939,2020,4,36,161,71.17966288328171,0.6913079619407654,366
940,2020,4,55,149,79.89449143409729,0.8521833419799805,336
941,2020,1,33,90,27.73649024963379,0.5087999105453491,287
942,2020,3,35,115,24.115387439727783,0.7747379541397095,317
943,2020,2,59,125,23.28571105003357,0.8145808577537537,333
944,2020,4,35,107,31.536292552947998,0.9857917428016663,337
945,2020,3,49,118,18.264875411987305,0.7504826784133911,337
946,2020,5,42,133,48.10433650016785,0.8363112211227417,319
947,2020,2,23,71,16.100638389587402,0.4590960443019867,366
948,2020,2,23,77,12.42471992969513,0.49946314096450806,316
949,2020,4,65,178,71.39221477508545,0.667267918586731,343
950,2020,3,144,180,84.12498760223389,0.748533308506012,322
951,2020,3,27,102,36.3853884935379,0.773857593536377,321
952,2020,1,30,70,25.69933319091797,0.714446485042572,347
953,2020,4,35,103,42.016085147857666,0.870145857334137,344
954,2020,3,33,99,24.294261932373047,0.8850402235984802,347
955,2020,4,30,102,31.165876865386963,0.8880305886268616,351
956,2020,3,29,95,33.59677255153656,0.9290707111358643,337
957,2020,4,143,197,76.75495529174805,0.8194630742073059,333
958,2020,3,61,128,30.300247192382812,0.9475678205490112,332
959,2020,2,57,121,22.262337684631348,0.8671906590461731,366
960,2020,2,75,127,31.308106899261475,0.7338491082191467,366
961,2020,4,65,174,68.94504308700562,0.7298677563667297,366
962,2020,2,65,159,23.6301531791687,0.7185929417610168,366
963,2020,3,36,106,19.52423405647278,0.6094980239868164,327
964,2020,4,77,180,47.184354305267334,0.7896978259086609,359
965,2020,1,29,78,29.423503875732422,0.6788350939750671,366
966,2020,3,38,114,24.475393295288086,0.9547058343887329,318
967,2020,6,37,164,56.91364765167236,0.8262899518013,332
968,2020,3,55,138,37.7210955619812,0.7719293236732483,350
969,2020,3,78,150,41.01175904273987,0.9604069590568542,339
970,2020,1,25,41,1.8014194965362549,0.5495436787605286,366
971,2020,1,23,43,21.007274627685547,0.5461406707763672,366
972,2020,3,29,89,27.314120292663574,0.9855546355247498,339
973,2020,2,29,82,27.16606640815735,0.9714609384536743,355
974,2020,1,38,86,1.5194770097732544,0.4449154734611511,366
975,2020,0,0,33,0.0,,366
976,2020,2,22,62,3.745226800441742,0.3317137062549591,366
977,2020,1,20,48,1.9314818382263184,0.3577863574028015,366
978,2020,3,59,127,42.0005966424942,0.853221595287323,329
979,2020,2,72,112,29.981199979782104,0.959440290927887,326
980,2020,3,43,110,42.22197151184082,0.9860881567001343,345
981,2020,3,78,139,47.2335844039917,0.996141254901886,358
982,2020,4,74,138,53.73327875137329,0.9910627603530884,337
983,2020,4,64,140,46.82316255569458,0.9991738796234131,346
984,2020,3,38,81,34.23974132537842,0.9762380719184875,366
985,2020,3,28,86,34.92286539077759,0.9999998807907104,366
986,2020,3,34,85,35.29581952095032,0.8424880504608154,366
987,2020,2,39,89,34.45079731941223,0.8182785511016846,366
988,2020,3,80,219,84.16897010803223,0.8503872156143188,366
989,2020,4,64,180,73.98282861709595,0.9085518717765808,366
990,2020,2,34,96,26.853634119033813,0.6888081431388855,366
991,2020,2,58,89,29.371209621429443,0.5971529483795166,366
992,2020,3,33,105,55.19797420501709,0.7888056635856628,366
993,2020,4,40,115,61.31618094444275,0.8014340996742249,366
994,2020,4,73,197,60.996957778930664,0.7156703472137451,366
995,2020,4,29,131,43.37345623970032,0.7228575348854065,366
996,2020,4,63,132,55.42204189300537,0.8820300698280334,366
997,2020,4,34,108,26.945775508880615,0.9870128631591797,366
998,2020,3,43,118,47.963359355926514,0.9647789001464844,363
999,2020,4,91,143,67.03671026229858,0.942088782787323,366
1000,2020,3,41,116,48.204294204711914,0.8972594738006592,366
1001,2020,2,39,102,35.31801128387451,0.950609564781189,366
1002,2020,3,92,152,82.8914966583252,0.9957844018936157,366
1003,2020,5,35,150,90.73569965362549,0.9479436278343201,366
1004,2020,2,78,139,37.56772184371948,0.9986867904663086,366
1005,2020,3,79,147,78.04055976867676,0.9896312355995178,366
1006,2020,4,30,115,67.33419132232666,0.9846740365028381,366
1007,2020,2,78,135,69.2207407951355,0.9762871265411377,366
1008,2020,4,63,130,51.0906457901001,0.9044666290283203,366
1009,2020,5,23,116,45.070746183395386,0.9650269746780396,366
1010,2020,2,30,80,31.739550948143005,0.6099013090133667,366
1011,2020,3,92,132,64.65309262275696,0.9006081223487854,366
1012,2020,3,41,114,50.14267015457153,0.8800177574157715,366
1013,2020,4,105,166,101.59612274169922,0.986478865146637,366
1014,2020,5,34,145,84.71237850189209,0.9784443378448486,366
1015,2020,2,77,159,76.44479179382324,0.9002068042755127,366
1016,2020,3,90,149,85.30066061019897,0.8585873246192932,366
1017,2020,4,78,166,114.10669136047363,0.9251000285148621,366
1018,2020,4,78,163,158.97087383270264,0.8767039179801941,366
1019,2020,4,86,164,126.86809062957764,0.9019003510475159,366
1020,2020,5,79,171,172.39110326766968,0.9505971074104309,366
1021,2020,5,90,195,147.18632125854492,0.9430559277534485,366
1022,2020,4,88,160,133.5960397720337,0.9292649030685425,366
1023,2020,2,76,114,83.9021224975586,0.8802869319915771,366
1024,2020,4,78,163,165.81384134292603,0.8550561666488647,366
1025,2020,3,81,168,148.03857278823853,0.9499041438102722,366
1026,2020,3,80,172,129.3662929534912,0.9508861899375916,366
1027,2020,3,77,152,208.36564445495605,0.7566103935241699,366
1028,2020,4,75,148,163.66886711120605,0.790116012096405,366
1029,2020,4,76,153,177.0995534658432,0.8466610312461853,366
1030,2020,2,76,123,190.5409450531006,0.8077484369277954,366
1031,2020,4,77,158,147.88561606407166,0.9210777878761292,366
1032,2020,4,76,160,176.83139848709106,0.8214070200920105,366
1033,2020,3,102,172,126.71339702606201,0.9588894248008728,366
1034,2020,5,72,175,138.99955463409424,0.9111990928649902,366
1035,2020,4,72,156,137.6045093536377,0.9503197073936462,366
1036,2020,4,73,155,171.55337142944336,0.8581278324127197,366
1037,2020,2,79,133,207.69395637512207,0.7465259432792664,366
1038,2020,2,74,170,207.76052856445312,0.7886326313018799,366
1039,2020,4,72,156,174.6333532333374,0.8058255910873413,366
1040,2020,2,102,150,149.21641540527344,0.6754739880561829,366
1041,2020,1,79,111,177.4195098876953,0.7524387836456299,366
1042,2020,3,79,131,149.36555099487305,0.7860955595970154,366
1043,2020,1,94,102,136.64501953125,0.7463052272796631,366
1044,2020,3,54,123,127.40326881408691,0.7295119762420654,366
1045,2020,2,49,94,92.39051055908203,0.7595651745796204,366
1046,2020,2,48,104,67.6811056137085,0.7682612538337708,366
1047,2020,3,48,115,68.0697431564331,0.7982634902000427,366
1048,2020,2,48,105,42.89802932739258,0.7394862771034241,366
1049,2020,3,48,103,44.1233115196228,0.7521765828132629,366
1050,2020,3,48,107,92.71475887298584,0.6842149496078491,366
1051,2020,2,49,96,68.24086475372314,0.8181165456771851,366
1052,2020,2,49,100,74.14054107666016,0.7387540936470032,366
1053,2020,3,47,124,89.17193031311035,0.7031115293502808,366
1054,2020,3,54,122,111.85183334350586,0.7241219282150269,366
1055,2020,3,54,130,72.8228669166565,0.7926368713378906,366
1056,2020,2,102,157,164.50899505615234,0.6639411449432373,366
1057,2020,3,48,118,61.81715488433838,0.6674358248710632,366
1058,2020,2,85,136,120.89671325683594,0.6180701851844788,366
1059,2020,3,48,141,65.15048027038574,0.7350428700447083,366
1060,2020,3,50,148,69.77947998046875,0.760570228099823,366
1061,2020,3,54,134,57.352449893951416,0.8634842038154602,366
1062,2020,2,22,70,24.905395984649658,0.6095910668373108,366
1063,2020,3,47,107,59.59949207305908,0.8508234620094299,366
1064,2020,2,49,108,66.24960136413574,0.8120894432067871,366
1065,2020,2,47,93,58.58561325073242,0.7937099933624268,366
1066,2020,2,40,80,57.664039611816406,0.8132413625717163,366
1067,2020,3,44,113,74.70263195037842,0.8302857279777527,366
1068,2020,3,40,93,61.97189998626709,0.8292003870010376,366
1069,2020,3,40,94,59.82661819458008,0.8227003216743469,366
1070,2020,2,44,104,67.57589149475098,0.7963739037513733,366
1071,2020,2,41,101,73.30294227600098,0.8945977687835693,366
0,2021,0,0,3,0.0,,365
1,2021,1,31,40,33.95622634887695,0.27750954031944275,365
2,2021,1,50,97,78.30974578857422,0.49264010787010193,365
3,2021,2,47,86,46.174917221069336,0.5241939425468445,308
4,2021,1,22,56,17.438762664794922,0.340511679649353,365
5,2021,2,22,58,17.218636751174927,0.31415992975234985,365
6,2021,2,28,60,28.095189094543457,1.0,365
7,2021,1,25,42,22.918254852294922,0.28755009174346924,365
8,2021,1,23,58,18.680816650390625,0.2586069405078888,365
9,2021,1,20,42,9.572407722473145,0.14960309863090515,365
10,2021,1,25,61,20.555660247802734,0.2829633355140686,365
11,2021,1,34,47,40.59025192260742,0.2359725683927536,365
12,2021,1,24,60,21.108501434326172,0.23660223186016083,365
13,2021,1,32,56,25.968671798706055,0.19038347899913788,365
14,2021,2,36,72,45.963974475860596,0.37161359190940857,365
15,2021,3,30,74,54.22018814086914,0.3200053572654724,365
16,2021,3,26,83,52.7474479675293,0.3797123432159424,365
17,2021,3,24,77,64.57374000549316,0.3598865866661072,365
18,2021,1,19,52,13.497686386108398,0.17832118272781372,365
19,2021,1,16,28,8.920546531677246,0.2287457138299942,365
20,2021,2,18,44,13.156428813934326,0.14427563548088074,365
21,2021,1,35,46,36.585853576660156,0.2519863247871399,365
22,2021,1,26,34,30.028215408325195,0.179704487323761,365
23,2021,1,15,38,9.74765682220459,0.21184204518795013,365
24,2021,0,0,39,0.0,,365
25,2021,2,18,53,31.934545516967773,0.35064372420310974,365
26,2021,0,0,26,0.0,,365
27,2021,2,19,54,37.58630180358887,0.4573183059692383,365
28,2021,0,0,8,0.0,,365
29,2021,2,35,50,39.727142333984375,0.3502857983112335,365
30,2021,1,17,38,11.102313995361328,0.26420196890830994,365
31,2021,0,0,17,0.0,,365
32,2021,0,0,21,0.0,,365
33,2021,2,28,44,17.62394952774048,0.15517276525497437,365
34,2021,1,18,32,20.625268936157227,0.138956680893898,302
35,2021,1,69,70,59.50063705444336,0.29023584723472595,365
36,2021,1,28,53,32.76554489135742,0.20887716114521027,301
37,2021,1,69,66,78.76048278808594,0.3185586631298065,365
38,2021,1,27,44,41.863826751708984,0.29167020320892334,300
39,2021,1,66,61,79.43720245361328,0.3293880224227905,342
40,2021,1,22,32,41.08301544189453,0.2959902882575989,290
41,2021,2,23,41,36.028146266937256,0.19761227071285248,305
42,2021,1,22,37,21.151044845581055,0.16775676608085632,354
43,2021,0,0,29,0.0,,365
44,2021,0,0,25,0.0,,365
45,2021,1,21,35,27.46382713317871,0.21985101699829102,365
46,2021,0,0,26,0.0,,365
47,2021,1,23,49,27.2109432220459,0.19449478387832642,328
48,2021,0,0,21,0.0,,332
49,2021,1,27,48,53.31697082519531,0.2960803210735321,313
50,2021,2,26,62,66.40540504455566,0.48045098781585693,294
51,2021,2,35,64,49.949870109558105,0.7084730267524719,252
52,2021,1,18,40,8.949023246765137,0.3840038776397705,324
53,2021,2,24,56,30.89287567138672,0.7213932275772095,236
54,2021,1,23,50,15.93379020690918,0.668799638748169,290
55,2021,1,36,41,14.892358779907227,0.7515379786491394,243
56,2021,2,21,36,20.636162757873535,0.645122766494751,261
57,2021,1,26,40,19.117570877075195,0.25418713688850403,224
58,2021,0,0,19,0.0,,211
59,2021,1,23,37,15.630568504333496,0.2909405529499054,209
60,2021,0,0,27,0.0,,202
61,2021,2,40,74,49.73097801208496,0.8980550169944763,201
62,2021,1,17,38,2.567495584487915,0.6478907465934753,217
63,2021,0,0,40,0.0,,231
64,2021,0,0,35,0.0,,228
65,2021,0,0,31,0.0,,227
66,2021,1,15,32,2.743058443069458,0.6689180135726929,219
67,2021,1,18,26,2.598759651184082,0.6052560210227966,216
68,2021,2,24,48,7.040954113006592,0.8308348655700684,212
69,2021,2,25,65,13.024723291397095,0.9011594653129578,222
70,2021,2,40,78,12.926855087280273,0.8800359964370728,224
71,2021,2,87,135,55.40436315536499,0.9259970188140869,285
72,2021,2,81,112,41.087016582489014,0.9401087760925293,291
73,2021,1,69,60,64.13681030273438,0.9836684465408325,365
74,2021,2,74,110,38.30156183242798,0.9205926060676575,299
75,2021,2,69,114,40.71624040603638,0.9278548955917358,316
76,2021,3,78,131,48.56570863723755,0.8949167728424072,349
77,2021,2,59,92,65.7439751625061,0.899854838848114,365
78,2021,2,69,122,79.72415351867676,0.8680626749992371,365
79,2021,2,39,73,50.81367039680481,0.8255499005317688,365
80,2021,2,69,99,22.748004913330078,0.8381762504577637,311
81,2021,1,69,105,73.85674285888672,0.8630505204200745,365
82,2021,3,66,125,45.61644792556763,0.8392783403396606,365
83,2021,4,22,83,69.31629061698914,0.8305389285087585,365
84,2021,2,25,50,22.146599769592285,0.649009108543396,365
85,2021,2,27,60,23.392590522766113,0.7935137152671814,365
86,2021,1,27,34,8.930060386657715,0.6775491237640381,365
87,2021,1,28,41,3.076258420944214,0.3945074677467346,365
88,2021,1,26,40,10.331000328063965,0.7483260035514832,365
89,2021,1,27,34,9.551290512084961,0.7970866560935974,365
90,2021,2,29,56,17.95510721206665,0.9978109002113342,365
91,2021,2,30,59,20.317259073257446,0.941310703754425,365
92,2021,3,58,174,40.481194496154785,0.9908369183540344,365
93,2021,3,58,147,83.11712837219238,0.7177015542984009,365
94,2021,2,141,154,75.42006301879883,0.6225266456604004,365
95,2021,3,49,118,61.50164318084717,0.5819425582885742,365
96,2021,1,29,48,9.591561317443848,0.4127720594406128,365
97,2021,2,31,76,20.941328048706055,0.45434898138046265,365
98,2021,0,0,67,0.0,,365
99,2021,2,41,89,38.4077033996582,0.8443809151649475,365
100,2021,3,31,113,53.18639945983887,0.9610422849655151,365
101,2021,2,31,75,53.49479675292969,1.0,365
102,2021,4,44,142,64.45642852783203,0.910763680934906,365
103,2021,2,20,85,52.67130899429321,1.0,365
104,2021,3,20,87,33.79759073257446,0.690062403678894,365
105,2021,2,23,80,33.55475044250488,0.6936689615249634,365
106,2021,2,20,94,18.913567543029785,0.6342461109161377,365
107,2021,2,33,93,72.88369560241699,0.7582772970199585,365
108,2021,2,94,135,19.004552841186523,0.7740194797515869,365
109,2021,2,34,96,68.87674331665039,0.7980589270591736,365
110,2021,1,97,124,20.60381507873535,0.693578839302063,365
111,2021,2,28,97,33.07351112365723,0.9015262126922607,365
112,2021,3,30,109,29.46867799758911,0.9896499514579773,365
113,2021,1,20,56,28.2185115814209,1.0,365
114,2021,3,48,111,27.503582000732422,0.9639235138893127,365
115,2021,2,47,99,28.130046844482422,0.9858642816543579,365
116,2021,2,118,149,19.219080924987793,0.8410102725028992,365
117,2021,1,29,100,2.7151691913604736,0.35510629415512085,365
118,2021,1,95,144,14.848374366760254,0.8278298377990723,365
119,2021,1,33,85,4.730113506317139,0.4411289691925049,365
120,2021,2,37,100,20.67314624786377,0.8708655834197998,365
121,2021,3,32,90,30.97217082977295,0.8082926273345947,365
122,2021,4,28,87,49.98479890823364,0.9768144488334656,365
123,2021,4,56,127,100.18376922607422,0.6857038140296936,365
124,2021,3,48,145,103.60985565185547,0.7575191259384155,365
125,2021,3,117,143,139.35184383392334,0.7762318253517151,365
126,2021,3,59,130,107.73689317703247,0.6727663278579712,365
127,2021,3,86,137,98.69547271728516,0.6888028979301453,365
128,2021,3,71,62,178.0821304321289,0.8178584575653076,365
129,2021,3,42,82,66.58837127685547,0.744621217250824,365
130,2021,4,89,137,93.0371036529541,0.6560401320457458,365
131,2021,5,35,134,106.5745153427124,0.6622557044029236,365
132,2021,5,96,169,138.68434810638428,0.6821139454841614,365
133,2021,3,46,112,80.58061981201172,0.7271175980567932,365
134,2021,2,92,124,110.27460861206055,0.8264150619506836,365
135,2021,2,95,141,81.02070236206055,0.7778341174125671,365
136,2021,3,46,113,51.84337377548218,0.693742036819458,365
137,2021,2,32,78,20.323269367218018,0.4554174840450287,365
138,2021,1,19,38,8.310768127441406,0.23346219956874847,365
139,2021,0,0,0,0.0,,0
140,2021,1,19,22,10.472379684448242,0.14395056664943695,365
141,2021,0,0,6,0.0,,365
142,2021,0,0,14,0.0,,365
143,2021,0,0,18,0.0,,365
144,2021,0,0,7,0.0,,365
145,2021,0,0,5,0.0,,365
146,2021,1,23,26,11.833174705505371,0.2565791606903076,365
147,2021,0,0,13,0.0,,365
148,2021,0,0,4,0.0,,365
149,2021,0,0,11,0.0,,365
150,2021,0,0,4,0.0,,365
151,2021,0,0,0,0.0,,365
152,2021,1,78,125,112.39612579345703,0.4777872562408447,365
153,2021,0,0,31,0.0,,365
154,2021,0,0,12,0.0,,365
155,2021,2,50,90,48.43401908874512,0.4273395538330078,365
156,2021,0,0,7,0.0,,365
157,2021,0,0,12,0.0,,365
158,2021,0,0,6,0.0,,365
159,2021,0,0,6,0.0,,365
160,2021,1,171,157,587.9276123046875,0.543620228767395,365
161,2021,1,183,170,595.6845092773438,0.5868362784385681,365
162,2021,1,32,47,37.59306335449219,0.3599676787853241,365
163,2021,3,25,77,33.390952467918396,0.3364342451095581,365
164,2021,0,0,17,0.0,,365
165,2021,0,0,13,0.0,,365
166,2021,1,20,75,12.343375205993652,0.2588074505329132,365
167,2021,2,27,62,18.69600534439087,0.4110986590385437,365
168,2021,1,159,141,251.10250854492188,0.43407610058784485,365
169,2021,2,98,112,144.0008716583252,0.36566466093063354,365
170,2021,0,0,2,0.0,,365
171,2021,0,0,2,0.0,,365
172,2021,0,0,0,0.0,,365
173,2021,0,0,13,0.0,,365
174,2021,0,0,0,0.0,,365
175,2021,0,0,0,0.0,,365
176,2021,0,0,0,0.0,,365
177,2021,0,0,0,0.0,,365
178,2021,2,165,160,456.91857528686523,0.46688634157180786,365
179,2021,1,186,171,594.2552490234375,0.6221805214881897,365
180,2021,2,162,143,381.98222732543945,0.4376049339771271,365
181,2021,1,161,138,268.0096130371094,0.44895559549331665,365
182,2021,0,0,2,0.0,,365
183,2021,0,0,3,0.0,,365
184,2021,3,78,132,240.48981094360352,0.4367828071117401,365
185,2021,3,54,97,123.04629135131836,0.3291518986225128,365
186,2021,0,0,0,0.0,,365
187,2021,0,0,0,0.0,,365
188,2021,1,168,161,408.52734375,0.5662838220596313,365
189,2021,1,182,169,522.6339111328125,0.6223705410957336,365
190,2021,1,15,26,1.9674606323242188,0.05989339202642441,365
191,2021,0,0,10,0.0,,365
192,2021,1,175,164,477.868896484375,0.6413812041282654,365
193,2021,1,163,147,213.70108032226562,0.4778439402580261,365
194,2021,0,0,14,0.0,,365
195,2021,0,0,13,0.0,,365
196,2021,0,0,0,0.0,,365
197,2021,0,0,0,0.0,,365
198,2021,1,49,56,41.458702087402344,0.296895295381546,365
199,2021,1,49,70,66.839599609375,0.35258951783180237,365
200,2021,1,176,160,373.2300720214844,0.659075915813446,365
201,2021,2,21,71,63.12397766113281,0.3272106647491455,365
202,2021,0,0,15,0.0,,365
203,2021,0,0,3,0.0,,365
204,2021,3,63,135,231.84013557434082,0.5725702047348022,365
205,2021,2,54,78,58.93685531616211,0.4887644648551941,365
206,2021,0,0,22,0.0,,365
207,2021,0,0,9,0.0,,365
208,2021,0,0,0,0.0,,365
209,2021,0,0,0,0.0,,365
210,2021,0,0,7,0.0,,365
211,2021,0,0,0,0.0,,365
212,2021,1,41,63,22.351829528808594,0.2544476389884949,365
213,2021,1,19,31,26.486757278442383,0.3062530755996704,365
214,2021,1,16,17,29.8885498046875,0.3618611991405487,365
215,2021,1,16,41,15.040538787841797,0.17865273356437683,365
216,2021,0,0,39,0.0,,365
217,2021,0,0,0,0.0,,365
218,2021,1,66,66,127.120361328125,0.37377944588661194,365
219,2021,0,0,14,0.0,,365
220,2021,0,0,11,0.0,,365
221,2021,0,0,9,0.0,,365
222,2021,0,0,3,0.0,,365
223,2021,1,25,27,23.546371459960938,0.2505652606487274,365
224,2021,0,0,7,0.0,,365
225,2021,0,0,10,0.0,,365
226,2021,0,0,1,0.0,,365
227,2021,0,0,3,0.0,,365
228,2021,3,92,144,109.08346557617188,0.24965812265872955,365
229,2021,1,34,42,36.663570404052734,0.19580797851085663,365
230,2021,0,0,23,0.0,,365
231,2021,0,0,21,0.0,,365
232,2021,0,0,10,0.0,,365
233,2021,1,15,19,10.040121078491211,0.12072264403104782,365
234,2021,1,15,31,9.721899032592773,0.15856049954891205,365
235,2021,1,81,74,95.70411682128906,0.321534663438797,365
236,2021,0,0,9,0.0,,365
237,2021,0,0,44,0.0,,365
238,2021,0,0,24,0.0,,365
239,2021,1,18,19,9.419971466064453,0.15561461448669434,365
240,2021,1,18,21,13.197365760803223,0.17774958908557892,365
241,2021,1,16,18,13.682119369506836,0.18239489197731018,365
242,2021,1,15,21,13.851310729980469,0.1649554967880249,365
243,2021,1,82,66,76.56549072265625,0.31997987627983093,365
244,2021,2,32,63,61.85213851928711,0.3291129171848297,365
245,2021,1,77,53,64.59213256835938,0.286291241645813,365
246,2021,1,68,68,88.11858367919922,0.27239999175071716,365
247,2021,0,0,18,0.0,,365
248,2021,0,0,5,0.0,,365
249,2021,2,43,59,56.04730796813965,0.32154616713523865,365
250,2021,2,29,62,50.85737705230713,0.24048075079917908,365
251,2021,1,15,16,5.384355068206787,0.14621932804584503,365
252,2021,0,0,12,0.0,,365
253,2021,1,68,53,77.4222640991211,0.3344005048274994,365
254,2021,1,15,18,11.341901779174805,0.15379075706005096,365
255,2021,2,28,52,75.88346862792969,0.3631581664085388,365
256,2021,1,23,32,37.23979568481445,0.2143172025680542,365
257,2021,1,19,34,11.995684623718262,0.18042360246181488,365
258,2021,2,39,80,61.457258224487305,0.36200374364852905,365
259,2021,0,0,0,0.0,,365
260,2021,0,0,4,0.0,,365
261,2021,0,0,19,0.0,,365
262,2021,0,0,7,0.0,,365
263,2021,0,0,3,0.0,,365
264,2021,0,0,0,0.0,,365
265,2021,0,0,7,0.0,,365
266,2021,0,0,18,0.0,,365
267,2021,0,0,13,0.0,,365
268,2021,1,70,63,69.61658477783203,0.44313594698905945,365
269,2021,1,69,66,69.88739013671875,0.43766558170318604,365
270,2021,2,24,45,47.55974006652832,0.3679591417312622,365
271,2021,1,70,53,73.82345581054688,0.30750736594200134,365
272,2021,2,25,44,48.21584510803223,0.48580202460289,365
273,2021,2,27,49,44.46854591369629,0.4170517921447754,365
274,2021,1,77,72,70.1892318725586,0.329944372177124,365
275,2021,2,29,54,40.182562828063965,0.39990681409835815,365
276,2021,2,21,41,35.14524173736572,0.41045132279396057,365
277,2021,1,18,31,16.690814971923828,0.17059075832366943,365
278,2021,0,0,16,0.0,,365
279,2021,1,77,90,71.78234100341797,0.3236999213695526,365
280,2021,1,17,51,19.418338775634766,0.3058384954929352,365
281,2021,1,19,49,22.735755920410156,0.28228941559791565,365
282,2021,2,29,53,52.7489070892334,0.32860612869262695,365
283,2021,2,29,45,60.95118427276611,0.42583853006362915,365
284,2021,1,19,43,5.56719970703125,0.21443887054920197,365
285,2021,1,26,48,4.096458435058594,0.1538819819688797,365
286,2021,0,0,51,0.0,,365
287,2021,2,24,40,14.583837985992432,0.41012054681777954,365
288,2021,2,23,51,30.24754047393799,0.2733050584793091,365
289,2021,1,20,31,20.061071395874023,0.39906731247901917,365
290,2021,0,0,7,0.0,,365
291,2021,1,16,20,6.401871681213379,0.33271530270576477,365
292,2021,1,28,21,8.640438079833984,0.11896096169948578,365
293,2021,1,28,33,31.453126907348633,0.3540406823158264,365
294,2021,1,17,20,10.535956382751465,0.12882235646247864,365
295,2021,2,20,36,21.150851249694824,0.24601642787456512,365
296,2021,0,0,21,0.0,,365
297,2021,0,0,12,0.0,,365
298,2021,1,56,59,38.861785888671875,0.32202428579330444,365
299,2021,2,36,70,50.08333158493042,0.5872375965118408,365
300,2021,1,22,41,33.90983200073242,0.34640151262283325,365
301,2021,3,26,64,35.69326114654541,0.4426862597465515,365
302,2021,2,22,57,40.9547119140625,0.6681599617004395,365
303,2021,3,29,78,54.969494342803955,0.5246646404266357,365
304,2021,0,0,15,0.0,,365
305,2021,2,24,42,19.327476501464844,0.41037091612815857,365
306,2021,0,0,14,0.0,,365
307,2021,0,0,2,0.0,,365
308,2021,1,20,48,12.142131805419922,0.15169093012809753,365
309,2021,1,56,45,11.32955265045166,0.3023137152194977,365
310,2021,2,25,44,26.677736282348633,0.6486473679542542,247
311,2021,1,24,30,12.62292194366455,0.23080269992351532,246
312,2021,0,0,20,0.0,,365
313,2021,0,0,0,0.0,,365
314,2021,1,25,36,18.920835494995117,0.27776166796684265,255
315,2021,0,0,6,0.0,,277
316,2021,0,0,11,0.0,,365
317,2021,0,0,9,0.0,,365
318,2021,0,0,25,0.0,,287
319,2021,1,25,26,19.8864803314209,0.2793455123901367,271
320,2021,0,0,5,0.0,,365
321,2021,2,18,58,44.634488105773926,0.5005469918251038,365
322,2021,0,0,9,0.0,,365
323,2021,2,17,37,31.531973838806152,0.6152112483978271,365
324,2021,1,61,66,58.483367919921875,0.3801000118255615,365
325,2021,2,74,81,72.1713604927063,0.6315912008285522,365
326,2021,2,37,50,56.87807750701904,0.5347738862037659,365
327,2021,1,24,27,27.32520294189453,0.4382301867008209,365
328,2021,2,25,70,48.72589683532715,0.5354227423667908,365
329,2021,1,18,19,11.538414001464844,0.19637024402618408,365
330,2021,1,24,42,16.04037094116211,0.502948522567749,365
331,2021,2,33,72,71.00395393371582,0.6373395323753357,365
332,2021,0,0,20,0.0,,365
333,2021,2,74,87,87.62776851654053,0.6907724738121033,365
334,2021,1,74,81,69.66622161865234,0.692033588886261,365
335,2021,0,0,37,0.0,,306
336,2021,0,0,9,0.0,,313
337,2021,0,0,6,0.0,,365
338,2021,0,0,11,0.0,,365
339,2021,1,33,42,29.261165618896484,0.3999389708042145,365
340,2021,1,75,83,88.82527160644531,0.6658512353897095,365
341,2021,0,0,10,0.0,,365
342,2021,0,0,18,0.0,,365
343,2021,0,0,11,0.0,,365
344,2021,0,0,6,0.0,,365
345,2021,0,0,13,0.0,,365
346,2021,0,0,4,0.0,,365
347,2021,0,0,11,0.0,,365
348,2021,1,28,47,7.848692893981934,0.6951619982719421,355
349,2021,2,20,40,42.69076585769653,0.5257192850112915,365
350,2021,0,0,0,0.0,,365
351,2021,1,27,29,11.98420238494873,0.5030242800712585,365
352,2021,1,16,22,18.41558074951172,0.23703667521476746,365
353,2021,1,17,23,21.86306381225586,0.29485225677490234,332
354,2021,0,0,19,0.0,,365
355,2021,0,0,20,0.0,,365
356,2021,1,17,23,26.63298225402832,0.27572017908096313,365
357,2021,0,0,40,0.0,,365
358,2021,2,20,42,48.36105537414551,0.40080389380455017,336
359,2021,1,20,31,32.95022201538086,0.37702780961990356,317
360,2021,1,22,33,20.846567153930664,0.4189489483833313,365
361,2021,2,22,42,28.1136474609375,0.48207804560661316,365
362,2021,0,0,7,0.0,,365
363,2021,0,0,6,0.0,,365
364,2021,0,0,16,0.0,,365
365,2021,0,0,12,0.0,,365
366,2021,0,0,16,0.0,,365
367,2021,0,0,20,0.0,,365
368,2021,1,23,33,23.575223922729492,0.39140599966049194,365
369,2021,1,32,49,35.92393493652344,0.47735512256622314,365
370,2021,1,19,40,16.596403121948242,0.22375503182411194,365
371,2021,1,24,41,19.809749603271484,0.5143836736679077,365
372,2021,0,0,7,0.0,,365
373,2021,1,23,23,17.60806655883789,0.7033303380012512,365
374,2021,0,0,10,0.0,,365
375,2021,1,33,33,23.504873275756836,0.6526994705200195,365
376,2021,0,0,30,0.0,,271
377,2021,3,19,52,40.51630783081055,0.8654597997665405,311
378,2021,0,0,27,0.0,,293
379,2021,0,0,26,0.0,,292
380,2021,0,0,0,0.0,,323
381,2021,0,0,15,0.0,,293
382,2021,2,33,60,60.55600357055664,0.5382555723190308,365
383,2021,0,0,24,0.0,,365
384,2021,2,26,44,43.18101501464844,0.4419023096561432,365
385,2021,0,0,13,0.0,,365
386,2021,0,0,12,0.0,,365
387,2021,2,28,42,42.571367263793945,0.3652348518371582,286
388,2021,2,32,50,43.08212184906006,0.3600037097930908,266
389,2021,2,25,41,12.000835418701172,0.703992486000061,365
390,2021,1,23,37,19.70832061767578,0.6424275636672974,365
391,2021,1,79,73,69.99677276611328,0.6821575164794922,365
392,2021,2,29,53,61.81021499633789,0.6001039147377014,365
393,2021,0,0,12,0.0,,365
394,2021,0,0,22,0.0,,365
395,2021,1,31,42,30.06611442565918,0.5074531435966492,365
396,2021,1,56,68,47.61785125732422,0.5639331340789795,365
397,2021,1,32,47,28.83080291748047,0.5532292723655701,365
398,2021,1,29,41,24.998916625976562,0.6806666254997253,365
399,2021,1,30,40,5.504883766174316,0.4969978928565979,279
400,2021,2,23,42,21.537456274032593,0.35104256868362427,266
401,2021,0,0,35,0.0,,365
402,2021,0,0,28,0.0,,365
403,2021,1,15,16,3.4663546085357666,0.5462071299552917,222
404,2021,0,0,23,0.0,,204
405,2021,1,29,38,28.283885955810547,0.46522825956344604,254
406,2021,1,31,39,24.933996200561523,0.3813682496547699,262
407,2021,0,0,12,0.0,,365
408,2021,0,0,8,0.0,,365
409,2021,2,25,62,10.711354374885559,0.8762615919113159,222
410,2021,1,25,48,10.663317680358887,0.9950196743011475,216
411,2021,2,19,39,6.654902458190918,0.663104236125946,202
412,2021,1,16,29,1.993301272392273,0.6634896993637085,186
413,2021,1,25,39,4.399094104766846,0.4532948136329651,365
414,2021,2,34,57,10.157050132751465,0.46898573637008667,365
415,2021,0,0,12,0.0,,365
416,2021,0,0,23,0.0,,316
417,2021,1,23,38,9.106241226196289,0.3723180294036865,365
418,2021,1,15,22,15.110472679138184,0.30371779203414917,301
419,2021,0,0,27,0.0,,365
420,2021,1,17,48,1.6114518642425537,0.8578073382377625,348
421,2021,0,0,30,0.0,,365
422,2021,2,18,35,29.081774473190308,0.5254892706871033,314
423,2021,1,22,45,6.931241035461426,0.2932400405406952,365
424,2021,1,56,60,44.13026428222656,0.6329231262207031,365
425,2021,0,0,26,0.0,,329
426,2021,3,30,70,40.632285594940186,0.8037992715835571,365
427,2021,1,36,52,26.56002426147461,0.5057255029678345,365
428,2021,1,23,39,6.926799297332764,0.27335095405578613,365
429,2021,1,35,38,7.814374923706055,0.4601745307445526,365
430,2021,1,40,47,10.543148040771484,0.5476651787757874,365
431,2021,1,34,45,8.275973320007324,0.7586114406585693,276
432,2021,1,25,25,5.065601348876953,0.9264077544212341,365
433,2021,1,31,35,6.900420665740967,0.7651960253715515,266
434,2021,1,21,35,13.800005912780762,0.5288225412368774,365
435,2021,0,0,53,0.0,,248
436,2021,1,33,41,18.182809829711914,0.289715975522995,243
437,2021,3,30,80,29.421713829040527,0.8299544453620911,365
438,2021,3,38,93,51.06296753883362,0.6924142241477966,365
439,2021,2,25,56,21.82858943939209,1.0,365
440,2021,2,22,60,32.97336292266846,0.661939263343811,338
441,2021,0,0,20,0.0,,236
442,2021,1,28,35,14.376496315002441,0.26926764845848083,247
443,2021,1,30,44,21.78885841369629,0.4072527587413788,258
444,2021,0,0,22,0.0,,240
445,2021,0,0,39,0.0,,365
446,2021,1,27,36,1.6750414371490479,0.73000168800354,355
447,2021,1,30,41,9.408766746520996,0.8181328773498535,365
448,2021,2,24,41,15.977265357971191,0.6951007843017578,365
449,2021,1,40,48,20.474773406982422,0.7380146980285645,365
450,2021,1,18,31,6.355318546295166,0.9384996891021729,269
451,2021,1,40,53,11.371572494506836,0.7875335812568665,365
452,2021,2,22,38,25.10773801803589,0.7928442358970642,285
453,2021,1,43,45,23.000469207763672,0.7409024834632874,365
454,2021,3,48,77,86.30391883850098,0.8075690865516663,365
455,2021,1,22,22,4.020852088928223,0.7794705629348755,263
456,2021,0,0,15,0.0,,254
457,2021,1,39,45,8.6293363571167,0.5829377770423889,365
458,2021,1,31,39,7.1223649978637695,0.5266907215118408,365
459,2021,2,28,44,16.67285680770874,0.7446759343147278,286
460,2021,2,22,38,21.642052173614502,0.5813220143318176,303
461,2021,1,40,49,19.943817138671875,0.7695596814155579,365
462,2021,1,40,43,10.54833984375,0.8547300100326538,365
463,2021,1,37,45,4.254575729370117,0.7707804441452026,365
464,2021,1,19,91,5.387531757354736,0.4731614291667938,365
465,2021,1,29,41,2.6650965213775635,0.7605797052383423,365
466,2021,1,23,38,1.7181628942489624,0.8573420643806458,365
467,2021,2,29,62,17.669016122817993,0.6712709665298462,365
468,2021,2,23,47,11.127061605453491,0.7618691325187683,217
469,2021,2,23,46,11.09512186050415,0.9021674990653992,217
470,2021,1,40,40,14.490209579467773,0.7806128859519958,365
471,2021,0,0,68,0.0,,236
472,2021,2,30,45,38.09533882141113,0.4068862795829773,243
473,2021,1,40,41,15.749841690063477,0.8110572695732117,365
474,2021,1,16,41,5.631988048553467,0.2476329207420349,325
475,2021,0,0,33,0.0,,322
476,2021,2,25,59,11.028951644897461,0.9758737683296204,224
477,2021,2,25,54,13.353360176086426,0.7656861543655396,270
478,2021,1,17,34,6.726727485656738,0.5668647885322571,365
479,2021,1,18,42,7.95919942855835,0.6422433257102966,365
480,2021,1,20,35,6.942019462585449,0.681643545627594,299
481,2021,2,23,53,22.278752326965332,0.6297710537910461,318
482,2021,1,23,40,6.3518218994140625,0.7284405827522278,219
483,2021,1,24,51,4.7097673416137695,0.8874983191490173,229
484,2021,1,23,34,5.201531887054443,0.6403541564941406,304
485,2021,2,22,46,18.479548931121826,0.6236802339553833,287
486,2021,3,33,75,26.934042930603027,0.5612013339996338,222
487,2021,1,19,32,3.892587661743164,0.2899061143398285,251
488,2021,1,24,52,4.05485725402832,0.8114566206932068,210
489,2021,1,26,31,15.614940643310547,0.5204986333847046,229
490,2021,2,24,52,26.51816749572754,0.7720648050308228,298
491,2021,2,22,56,26.527862548828125,0.7693901062011719,299
492,2021,2,24,50,10.763342142105103,0.6756316423416138,365
493,2021,1,25,30,5.296267032623291,0.41230309009552,329
494,2021,2,27,62,14.585055351257324,0.2652546763420105,217
495,2021,1,24,80,17.75202178955078,0.3899100422859192,227
496,2021,2,18,57,12.724016189575195,0.7411357164382935,313
497,2021,2,22,66,25.54987621307373,0.7476445436477661,309
498,2021,2,53,98,48.812132835388184,0.6125364303588867,365
499,2021,1,28,55,24.553495407104492,0.30631449818611145,365
500,2021,1,25,50,7.921621322631836,0.8508145809173584,233
501,2021,1,25,73,4.448789119720459,0.7934556007385254,250
502,2021,2,28,76,42.729074478149414,0.3207884430885315,365
503,2021,1,27,55,26.297218322753906,0.3330424129962921,365
504,2021,1,25,37,8.151028633117676,0.18062150478363037,231
505,2021,1,38,60,15.767942428588867,0.28358709812164307,236
506,2021,2,26,52,23.663129329681396,0.7940979599952698,281
507,2021,2,32,52,13.767349243164062,0.7458940744400024,290
508,2021,1,23,56,8.158398628234863,0.5130356550216675,365
509,2021,1,26,42,8.921503067016602,0.7087633609771729,343
510,2021,3,24,73,11.314701557159424,0.9162882566452026,261
511,2021,3,39,85,15.10548734664917,0.6736947894096375,271
512,2021,1,24,36,7.24160099029541,0.7086678743362427,323
513,2021,1,22,22,4.321345806121826,0.4463956952095032,313
514,2021,1,23,70,3.4753365516662598,0.4011496305465698,305
515,2021,1,23,68,8.178428649902344,0.8034924268722534,305
516,2021,1,26,29,1.1697041988372803,0.8420813679695129,350
517,2021,2,25,39,5.112103462219238,0.7230461239814758,365
518,2021,1,28,51,35.12923812866211,0.38391804695129395,266
519,2021,2,23,45,17.440202713012695,0.23252855241298676,234
520,2021,2,168,116,117.70734405517578,0.8761100769042969,365
521,2021,2,45,77,76.93510246276855,0.9095010161399841,365
522,2021,1,20,73,3.3839409351348877,0.11535507440567017,257
523,2021,0,0,53,0.0,,244
524,2021,1,20,63,4.400111198425293,0.4914795160293579,316
525,2021,1,20,33,5.619682312011719,0.6809496879577637,316
526,2021,2,27,50,7.981799364089966,0.6963282823562622,365
527,2021,2,27,36,4.774756669998169,0.7457528710365295,354
528,2021,0,0,45,0.0,,223
529,2021,0,0,49,0.0,,234
530,2021,1,18,63,1.9935945272445679,0.678878128528595,272
531,2021,1,23,75,5.631476879119873,0.6707835793495178,284
532,2021,1,23,23,3.3222427368164062,0.9424804449081421,339
533,2021,0,0,13,0.0,,331
534,2021,0,0,97,0.0,,219
535,2021,1,36,90,12.991825103759766,0.3505760431289673,210
536,2021,1,24,41,16.783309936523438,0.1853935569524765,307
537,2021,1,17,42,7.274083137512207,0.24502475559711456,304
538,2021,1,26,27,1.4307129383087158,0.9343307018280029,356
539,2021,0,0,14,0.0,,340
540,2021,1,24,62,5.575254440307617,0.5587719082832336,292
541,2021,2,26,78,14.884324550628662,0.694711446762085,292
542,2021,1,37,50,6.152621269226074,0.9830950498580933,365
543,2021,1,25,28,5.122774124145508,0.9597831964492798,339
544,2021,2,47,102,86.51396751403809,0.47040531039237976,365
545,2021,1,41,73,49.11829376220703,0.44532153010368347,365
546,2021,2,33,56,39.72682523727417,0.5710538029670715,303
547,2021,1,26,30,3.65567684173584,0.3825114369392395,297
548,2021,0,0,61,0.0,,220
549,2021,1,29,83,6.130540370941162,0.23749138414859772,212
550,2021,3,51,86,110.31425380706787,0.9902930855751038,365
551,2021,3,56,86,114.70351696014404,0.9130945801734924,365
552,2021,3,58,81,59.762139320373535,0.9564551711082458,365
553,2021,0,0,0,0.0,,304
554,2021,0,0,3,0.0,,313
555,2021,0,0,59,0.0,,257
556,2021,0,0,55,0.0,,256
557,2021,3,54,96,147.91324424743652,1.0,365
558,2021,3,50,88,80.81786584854126,0.7964093089103699,365
559,2021,1,29,35,5.656137943267822,0.7937196493148804,351
560,2021,1,27,32,3.989069938659668,0.6103145480155945,346
561,2021,0,0,16,0.0,,297
562,2021,0,0,10,0.0,,293
563,2021,0,0,42,0.0,,198
564,2021,0,0,54,0.0,,204
565,2021,0,0,49,0.0,,234
566,2021,0,0,51,0.0,,236
567,2021,1,23,40,1.2323555946350098,0.2884858548641205,257
568,2021,1,25,61,11.958609580993652,0.7784647941589355,203
569,2021,1,16,36,4.1891374588012695,0.11453673243522644,281
570,2021,2,22,39,6.293677091598511,0.3964506983757019,281
571,2021,0,0,26,0.0,,287
572,2021,0,0,5,0.0,,285
573,2021,1,39,52,9.415265083312988,0.9483693838119507,365
574,2021,1,38,60,9.232646942138672,0.7804475426673889,365
575,2021,0,0,19,0.0,,281
576,2021,1,17,27,3.8615660667419434,0.09235688298940659,280
577,2021,1,26,32,11.106047630310059,0.13666270673274994,313
578,2021,0,0,2,0.0,,304
579,2021,0,0,55,0.0,,267
580,2021,1,26,71,3.793735980987549,0.5910233855247498,277
581,2021,0,0,4,0.0,,309
582,2021,0,0,5,0.0,,312
583,2021,2,16,57,11.835742473602295,0.4954478144645691,271
584,2021,0,0,65,0.0,,268
585,2021,1,46,56,7.306922435760498,0.9213212132453918,365
586,2021,1,32,46,7.33997106552124,0.8483185172080994,365
587,2021,1,19,36,16.076520919799805,0.22447995841503143,365
588,2021,2,54,82,12.534060955047607,0.9414219260215759,365
589,2021,0,0,4,0.0,,301
590,2021,2,30,54,39.42162609100342,0.2044537514448166,308
591,2021,2,41,65,61.67805767059326,0.9602210521697998,365
592,2021,2,52,75,74.77109050750732,0.8793908953666687,365
593,2021,1,26,24,12.045153617858887,0.15807461738586426,300
594,2021,2,26,54,32.295777320861816,0.22452478110790253,298
595,2021,2,23,41,22.258527517318726,0.6059200763702393,279
596,2021,2,19,37,14.601764678955078,0.5676737427711487,276
597,2021,0,0,56,0.0,,250
598,2021,0,0,50,0.0,,245
599,2021,1,31,49,19.61575698852539,0.9943696856498718,291
600,2021,2,27,71,14.834481954574585,0.7027415037155151,322
601,2021,1,15,55,1.6522388458251953,0.6241587996482849,267
602,2021,1,16,79,9.580575942993164,0.19833073019981384,264
603,2021,0,0,45,0.0,,195
604,2021,2,17,104,11.177196562290192,0.9125531911849976,325
605,2021,0,0,57,0.0,,242
606,2021,0,0,50,0.0,,241
607,2021,0,0,51,0.0,,236
608,2021,1,20,60,4.178896427154541,0.19817879796028137,229
609,2021,2,52,84,54.8406867980957,0.8500402569770813,365
610,2021,2,52,66,58.76167106628418,0.8479304909706116,365
611,2021,2,16,37,3.050112307071686,0.7719849348068237,326
612,2021,1,59,33,4.501482009887695,0.9979287385940552,335
613,2021,0,0,0,0.0,,281
614,2021,0,0,15,0.0,,275
615,2021,1,112,86,19.065357208251953,0.7180118560791016,365
616,2021,2,41,49,53.202842712402344,0.88383948802948,365
617,2021,4,49,131,27.195867776870728,0.9996695518493652,327
618,2021,2,132,145,60.525712966918945,0.992340624332428,320
619,2021,2,22,38,17.77658486366272,0.9337721467018127,273
620,2021,2,22,37,16.79518723487854,0.845380961894989,272
621,2021,1,24,67,11.339468002319336,0.382127583026886,222
622,2021,1,21,63,5.467386722564697,0.2998906075954437,234
623,2021,0,0,66,0.0,,258
624,2021,3,132,170,42.89847594499588,0.9973416924476624,329
625,2021,3,34,76,26.65511131286621,0.6792029142379761,365
626,2021,1,15,39,12.237879753112793,0.3377799093723297,262
627,2021,1,25,36,14.055411338806152,0.3179757297039032,268
628,2021,2,20,36,11.51308822631836,0.6981252431869507,271
629,2021,2,29,64,25.61278533935547,0.9970380067825317,347
630,2021,2,80,102,38.22644519805908,0.998874306678772,365
631,2021,1,21,34,10.776338577270508,0.18248090147972107,273
632,2021,0,0,52,0.0,,195
633,2021,1,69,119,4.278377532958984,0.5461974143981934,271
634,2021,1,17,28,6.022140026092529,0.23692730069160461,272
635,2021,1,16,35,16.78594207763672,0.17498555779457092,287
636,2021,2,17,39,26.66323471069336,0.18204553425312042,284
637,2021,1,33,37,8.390705108642578,0.8966922760009766,365
638,2021,1,60,72,8.37539291381836,0.8512210249900818,365
639,2021,0,0,14,0.0,,274
640,2021,0,0,8,0.0,,275
641,2021,0,0,45,0.0,,207
642,2021,0,0,34,0.0,,195
643,2021,0,0,67,0.0,,250
644,2021,0,0,61,0.0,,254
645,2021,1,23,38,10.938897132873535,0.2877073585987091,273
646,2021,2,18,34,16.641661167144775,0.5459562540054321,270
647,2021,1,18,38,18.20573616027832,0.20009174942970276,288
648,2021,0,0,27,0.0,,286
649,2021,0,0,42,0.0,,200
650,2021,0,0,50,0.0,,201
651,2021,0,0,14,0.0,,273
652,2021,1,24,26,11.832345008850098,0.26024681329727173,270
653,2021,1,70,56,8.992707252502441,1.0,365
654,2021,2,19,35,2.131717324256897,0.8492977023124695,324
655,2021,0,0,11,0.0,,305
656,2021,1,54,59,8.718345642089844,0.9913768172264099,356
657,2021,1,89,85,15.629425048828125,1.0,365
658,2021,1,69,60,7.798893928527832,0.8365684151649475,365
659,2021,1,25,37,17.528736114501953,0.39177873730659485,270
660,2021,1,29,54,23.807483673095703,0.44785749912261963,259
661,2021,0,0,57,0.0,,250
662,2021,1,15,40,11.39755916595459,0.3101414144039154,255
663,2021,0,0,16,0.0,,266
664,2021,1,27,39,13.841407775878906,0.28811681270599365,263
665,2021,1,27,44,10.393133163452148,0.20800723135471344,257
666,2021,1,27,42,9.15705680847168,0.1911928504705429,258
667,2021,1,20,29,22.33127784729004,0.21983909606933594,291
668,2021,0,0,13,0.0,,282
669,2021,0,0,13,0.0,,300
670,2021,0,0,16,0.0,,296
671,2021,0,0,46,0.0,,194
672,2021,0,0,47,0.0,,206
673,2021,0,0,46,0.0,,201
674,2021,0,0,45,0.0,,200
675,2021,0,0,9,0.0,,273
676,2021,0,0,14,0.0,,271
677,2021,1,43,59,4.400883197784424,0.7066925764083862,365
678,2021,1,41,43,7.665032386779785,0.7527788281440735,365
679,2021,4,40,144,26.637401580810547,0.9847978949546814,322
680,2021,4,47,167,24.859684705734253,0.8534517288208008,346
681,2021,0,0,14,0.0,,277
682,2021,1,16,22,9.77859878540039,0.11524806916713715,271
683,2021,4,52,174,37.02832078933716,0.9483607411384583,365
684,2021,3,48,154,28.743374824523926,0.9292870759963989,352
685,2021,1,18,47,20.234649658203125,0.4104817807674408,263
686,2021,1,16,34,16.014842987060547,0.42031922936439514,262
687,2021,2,146,184,37.51187515258789,0.9043042659759521,333
688,2021,1,149,235,40.84062194824219,0.7360625267028809,365
689,2021,3,53,169,48.7989444732666,0.9726710319519043,340
690,2021,3,69,182,42.6571569442749,0.8189423680305481,350
691,2021,0,0,50,0.0,,211
692,2021,1,30,58,9.479385375976562,0.49389785528182983,211
693,2021,1,19,42,22.145536422729492,0.5778830051422119,255
694,2021,0,0,37,0.0,,259
695,2021,0,0,50,0.0,,245
696,2021,1,30,74,11.169108390808105,0.442333847284317,226
697,2021,0,0,12,0.0,,249
698,2021,0,0,22,0.0,,250
699,2021,1,21,40,24.24144172668457,0.53884357213974,255
700,2021,1,19,32,25.01850128173828,0.6620644330978394,254
701,2021,1,25,59,10.495477676391602,0.4708312153816223,212
702,2021,1,25,65,7.362646579742432,0.5299906730651855,227
703,2021,1,37,43,5.521401882171631,0.8522332310676575,356
704,2021,1,30,54,7.413781642913818,1.0,365
705,2021,2,72,94,25.027761459350586,0.7502326369285583,365
706,2021,2,60,95,22.65338134765625,0.9977205395698547,365
707,2021,0,0,3,0.0,,293
708,2021,0,0,1,0.0,,282
709,2021,0,0,19,0.0,,259
710,2021,0,0,22,0.0,,256
711,2021,1,31,61,31.6025390625,0.4823167324066162,254
712,2021,1,19,44,20.223064422607422,0.562844455242157,253
713,2021,1,35,38,5.835422992706299,0.6958111524581909,365
714,2021,0,0,13,0.0,,273
715,2021,0,0,12,0.0,,273
716,2021,0,0,12,0.0,,272
717,2021,0,0,52,0.0,,249
718,2021,1,32,77,8.210752487182617,0.351780503988266,245
719,2021,1,26,66,10.754315376281738,0.5693654417991638,216
720,2021,1,15,58,4.225133895874023,0.4409121870994568,225
721,2021,0,0,3,0.0,,276
722,2021,0,0,15,0.0,,271
723,2021,1,20,76,15.454780578613281,0.5659435391426086,253
724,2021,2,35,95,26.5071679353714,0.6817998886108398,238
725,2021,0,0,32,0.0,,272
726,2021,0,0,16,0.0,,271
727,2021,0,0,13,0.0,,285
728,2021,0,0,1,0.0,,287
729,2021,1,28,80,22.4293155670166,0.6252828240394592,250
730,2021,1,33,74,22.89212989807129,0.5521973371505737,243
731,2021,0,0,8,0.0,,268
732,2021,0,0,12,0.0,,271
733,2021,1,17,36,12.691105842590332,0.19118846952915192,261
734,2021,0,0,47,0.0,,262
735,2021,2,46,72,12.790024280548096,0.6722750067710876,365
736,2021,2,31,53,6.920885801315308,1.0,365
737,2021,1,31,48,21.145164489746094,0.43495023250579834,248
738,2021,3,42,130,27.377418518066406,0.9521757364273071,365
739,2021,0,0,30,0.0,,246
740,2021,2,41,98,20.159316062927246,0.8958951234817505,365
741,2021,2,152,187,34.426663398742676,0.8773379921913147,365
742,2021,3,85,177,25.9311580657959,0.9253801703453064,365
743,2021,2,152,176,30.729592323303223,0.9485980272293091,365
744,2021,2,152,185,54.006065368652344,0.9913063645362854,365
745,2021,2,30,85,12.619951486587524,0.9949331283569336,229
746,2021,1,33,69,7.50761604309082,0.49996218085289,216
747,2021,3,50,163,32.460498332977295,0.9113953709602356,365
748,2021,2,32,82,20.92304515838623,0.9659991264343262,365
749,2021,0,0,47,0.0,,264
750,2021,1,26,28,18.492137908935547,0.24603238701820374,264
751,2021,1,17,54,15.05699634552002,0.4330703616142273,251
752,2021,1,26,53,10.357283592224121,0.3097076117992401,244
753,2021,0,0,51,0.0,,253
754,2021,0,0,53,0.0,,261
755,2021,1,32,79,11.361852645874023,0.5302916765213013,223
756,2021,2,42,97,23.441807508468628,0.8527953028678894,221
757,2021,0,0,30,0.0,,263
758,2021,0,0,26,0.0,,265
759,2021,1,22,104,2.871601104736328,1.0,223
760,2021,2,42,101,18.677456617355347,1.0,217
761,2021,2,35,89,24.800841331481934,0.7148041725158691,230
762,2021,2,35,76,15.602506160736084,0.9378458857536316,226
763,2021,1,37,71,48.31233215332031,0.5448314547538757,248
764,2021,1,31,70,33.9589729309082,0.49203911423683167,246
765,2021,0,0,53,0.0,,256
766,2021,1,23,63,12.179178237915039,0.29510748386383057,254
767,2021,0,0,11,0.0,,275
768,2021,0,0,10,0.0,,275
769,2021,1,28,63,12.141254425048828,0.4492746889591217,242
770,2021,1,20,35,4.087188243865967,0.5625843405723572,228
771,2021,1,30,61,27.94399642944336,0.4716772437095642,247
772,2021,1,32,67,32.987091064453125,0.5148047804832458,245
773,2021,0,0,20,0.0,,273
774,2021,0,0,13,0.0,,267
775,2021,1,29,59,20.746746063232422,0.41541343927383423,245
776,2021,2,26,53,23.6428804397583,0.3677676320075989,248
777,2021,1,32,69,33.21015930175781,0.501908004283905,247
778,2021,1,27,58,18.35411834716797,0.3803896903991699,245
779,2021,1,26,50,7.80215311050415,0.6979248523712158,220
780,2021,1,38,87,11.910673141479492,0.6859204769134521,215
781,2021,1,34,75,8.9447603225708,0.7223478555679321,212
782,2021,0,0,53,0.0,,208
783,2021,1,35,101,6.599421977996826,0.8413600325584412,319
784,2021,1,60,130,8.356316566467285,0.6293601393699646,321
785,2021,1,33,80,23.596221923828125,0.37377169728279114,253
786,2021,1,25,62,7.634560585021973,0.2573756277561188,250
787,2021,1,16,37,5.0101399421691895,0.5367258191108704,212
788,2021,1,19,67,10.22967529296875,0.6096882820129395,235
789,2021,1,20,41,8.204405784606934,0.7114475965499878,213
790,2021,1,17,42,4.992358684539795,0.5557619333267212,225
791,2021,1,26,86,2.517493963241577,0.346955269575119,365
792,2021,1,15,71,0.45499974489212036,0.46167871356010437,365
793,2021,1,23,77,13.834823608398438,0.650098443031311,235
794,2021,1,23,79,13.792475700378418,0.6924645304679871,231
795,2021,2,40,117,5.044692516326904,0.9051958322525024,295
796,2021,2,30,97,3.202037811279297,0.7818659543991089,264
797,2021,0,0,63,0.0,,258
798,2021,0,0,57,0.0,,257
799,2021,2,27,62,36.70892333984375,0.5359824299812317,242
800,2021,2,26,52,28.66104030609131,0.4235577881336212,242
801,2021,1,30,85,10.208678245544434,0.38921254873275757,365
802,2021,2,27,96,11.29733943939209,0.6499980092048645,365
803,2021,1,23,75,11.342583656311035,0.6918649077415466,229
804,2021,1,22,74,10.654025077819824,0.7312184572219849,214
805,2021,0,0,39,0.0,,257
806,2021,0,0,17,0.0,,263
807,2021,2,22,54,23.527750492095947,0.3447714149951935,252
808,2021,2,22,53,25.008286476135254,0.32338976860046387,246
809,2021,0,0,38,0.0,,262
810,2021,0,0,46,0.0,,260
811,2021,1,16,54,4.450597763061523,0.5863540768623352,218
812,2021,1,22,66,7.514283657073975,0.6825041770935059,209
813,2021,0,0,23,0.0,,262
814,2021,1,17,23,1.8046002388000488,0.8325169086456299,260
815,2021,1,35,66,18.324905395507812,0.42716407775878906,288
816,2021,2,26,113,18.21943187713623,0.7938937544822693,335
817,2021,0,0,23,0.0,,267
818,2021,1,35,59,11.946737289428711,0.3417523503303528,277
819,2021,1,21,64,5.411157131195068,0.6379159092903137,208
820,2021,0,0,56,0.0,,212
821,2021,1,38,62,24.1455020904541,0.49543580412864685,282
822,2021,1,18,160,3.2622761726379395,0.1486992985010147,285
823,2021,0,0,44,0.0,,216
824,2021,0,0,49,0.0,,213
825,2021,0,0,28,0.0,,260
826,2021,0,0,8,0.0,,259
827,2021,0,0,15,0.0,,263
828,2021,0,0,24,0.0,,261
829,2021,0,0,17,0.0,,259
830,2021,0,0,16,0.0,,260
831,2021,0,0,32,0.0,,223
832,2021,0,0,21,0.0,,223
833,2021,0,0,49,0.0,,214
834,2021,0,0,56,0.0,,220
835,2021,0,0,29,0.0,,231
836,2021,0,0,27,0.0,,230
837,2021,0,0,19,0.0,,261
838,2021,0,0,5,0.0,,272
839,2021,0,0,30,0.0,,274
840,2021,0,0,11,0.0,,280
841,2021,2,60,128,10.09081745147705,0.8850350975990295,365
842,2021,2,60,171,10.825674057006836,0.954062819480896,365
843,2021,0,0,33,0.0,,236
844,2021,0,0,41,0.0,,227
845,2021,2,17,56,19.18849468231201,0.7014855146408081,258
846,2021,2,15,55,27.293055057525635,0.9416953325271606,253
847,2021,0,0,56,0.0,,224
848,2021,0,0,49,0.0,,226
849,2021,1,16,59,12.032320022583008,0.3391333520412445,244
850,2021,1,17,41,3.5418620109558105,0.8160168528556824,228
851,2021,4,47,124,30.332186698913574,0.8779805302619934,352
852,2021,3,46,102,27.504604816436768,0.8306392431259155,365
853,2021,2,27,59,16.13622283935547,0.7870800495147705,242
854,2021,1,21,38,3.446234703063965,0.763478696346283,232
855,2021,1,26,88,2.767317771911621,0.457180917263031,246
856,2021,0,0,48,0.0,,219
857,2021,1,21,73,2.217456340789795,0.5473636388778687,238
858,2021,0,0,55,0.0,,232
859,2021,0,0,65,0.0,,233
860,2021,1,15,47,3.340384006500244,0.19461660087108612,252
861,2021,0,0,70,0.0,,240
862,2021,1,23,69,2.0355091094970703,0.5558582544326782,257
863,2021,0,0,18,0.0,,261
864,2021,0,0,14,0.0,,264
865,2021,1,30,46,10.458150863647461,0.695571780204773,267
866,2021,2,30,66,16.35108470916748,0.8689368963241577,262
867,2021,4,32,119,44.38220024108887,1.0,331
868,2021,4,58,172,64.05028867721558,1.0,365
869,2021,2,29,64,25.698275327682495,0.538203775882721,251
870,2021,3,28,79,28.535521268844604,0.9265058040618896,265
871,2021,1,24,43,3.4066994190216064,0.6812937259674072,240
872,2021,1,23,38,4.477781295776367,0.8818936347961426,238
873,2021,2,52,71,31.155034065246582,0.9411519765853882,245
874,2021,1,58,70,24.36017417907715,0.8962022662162781,259
875,2021,1,57,77,13.174482345581055,0.8177822828292847,254
876,2021,1,55,60,21.221786499023438,0.9822167754173279,254
877,2021,1,73,86,26.26852798461914,0.6832475066184998,263
878,2021,1,74,86,31.513961791992188,0.927437961101532,253
879,2021,1,29,49,6.569988250732422,0.6465530395507812,265
880,2021,1,26,43,7.140931129455566,0.7878525257110596,266
881,2021,1,21,163,6.778567790985107,0.26044782996177673,313
882,2021,1,39,77,32.609519958496094,0.5785163044929504,290
883,2021,4,46,131,36.8974027633667,1.0,365
884,2021,4,49,124,43.698455810546875,0.9867346882820129,342
885,2021,0,0,41,0.0,,265
886,2021,0,0,36,0.0,,261
887,2021,2,28,69,9.480562210083008,0.9507932662963867,365
888,2021,3,116,167,55.73114347457886,0.9921644330024719,365
889,2021,0,0,12,0.0,,271
890,2021,0,0,20,0.0,,272
891,2021,3,35,121,32.76344585418701,0.9486461877822876,365
892,2021,3,103,134,40.02884912490845,0.9902179837226868,365
893,2021,2,20,41,7.534940719604492,0.7729530334472656,272
894,2021,0,0,24,0.0,,285
895,2021,3,72,104,60.20362138748169,0.9387132525444031,278
896,2021,2,66,92,44.341845989227295,0.8934469819068909,274
897,2021,2,25,55,5.150111556053162,0.7609851360321045,275
898,2021,1,28,57,7.443130970001221,0.756881833076477,272
899,2021,0,0,24,0.0,,267
900,2021,0,0,38,0.0,,266
901,2021,3,25,63,38.01511907577515,0.8162274956703186,263
902,2021,3,111,117,67.23407769203186,0.9751872420310974,297
903,2021,1,15,49,6.2803730964660645,0.8517757058143616,265
904,2021,1,57,63,23.697494506835938,0.9267922639846802,264
905,2021,2,28,52,16.890067100524902,0.8336154818534851,266
906,2021,2,143,147,69.17689967155457,0.984155535697937,327
907,2021,2,56,84,43.778038024902344,0.9045841097831726,264
908,2021,1,69,88,29.238752365112305,0.980652928352356,272
909,2021,1,17,73,7.311073303222656,0.1302987039089203,269
910,2021,2,30,70,21.41007900238037,0.8999870419502258,270
911,2021,1,48,66,18.495807647705078,0.9529255032539368,262
912,2021,1,49,70,19.136245727539062,0.9905108213424683,263
913,2021,2,27,65,11.327237129211426,0.8576329946517944,276
914,2021,1,15,38,4.221893310546875,0.4811614751815796,270
915,2021,1,38,61,21.031982421875,0.4232217073440552,273
916,2021,1,79,98,59.33857727050781,0.8995316624641418,295
917,2021,1,72,81,29.653228759765625,0.8768895268440247,279
918,2021,3,65,137,49.2878999710083,0.9606344699859619,333
919,2021,3,69,110,21.77689552307129,0.8745602369308472,328
920,2021,4,32,101,23.372291803359985,0.7770144939422607,326
921,2021,1,15,18,5.017060279846191,0.20411375164985657,286
922,2021,1,31,50,19.784160614013672,0.4970048666000366,284
923,2021,0,0,11,0.0,,285
924,2021,2,68,79,25.34600579738617,0.7033908367156982,328
925,2021,4,46,132,45.425074100494385,0.9615785479545593,365
926,2021,2,38,64,32.363481521606445,0.9404374361038208,350
927,2021,4,32,94,48.52734684944153,0.8471536040306091,282
928,2021,3,31,101,38.75328969955444,0.9573984146118164,308
929,2021,3,45,113,35.40092754364014,1.0,365
930,2021,3,48,108,44.16946840286255,0.8918585777282715,340
931,2021,2,65,55,10.85319995880127,0.8646125793457031,345
932,2021,1,144,113,56.03772735595703,0.989939272403717,327
933,2021,3,46,107,28.925704956054688,0.9067025780677795,365
934,2021,2,84,140,53.14116096496582,0.8188812136650085,365
935,2021,2,102,122,19.2383394241333,0.894066333770752,346
936,2021,2,94,128,25.963074684143066,0.8861533403396606,365
937,2021,6,34,133,62.6152229309082,0.9863253831863403,329
938,2021,3,72,135,26.47897243499756,0.9505279660224915,365
939,2021,2,34,76,13.316737174987793,0.8443387150764465,365
940,2021,3,47,97,50.477895975112915,1.0,335
941,2021,1,76,96,59.427127838134766,0.8908224105834961,286
942,2021,3,66,118,54.01175630092621,0.906179666519165,316
943,2021,2,42,77,48.8625807762146,0.9471489191055298,332
944,2021,2,50,85,55.17539405822754,1.0,336
945,2021,3,67,123,48.87045478820801,0.9353298544883728,336
946,2021,3,61,113,46.77820825576782,0.8666935563087463,318
947,2021,3,55,138,37.94485664367676,0.9356147646903992,365
948,2021,1,139,131,86.38309478759766,1.0,315
949,2021,2,72,96,78.23243021965027,0.7446701526641846,342
950,2021,1,142,136,63.236656188964844,0.9858766794204712,321
951,2021,2,63,100,33.37180829048157,0.9060444235801697,320
952,2021,4,47,123,29.547767639160156,1.0,346
953,2021,2,83,111,78.47140884399414,0.932849645614624,343
954,2021,2,60,98,60.02732467651367,0.985886812210083,346
955,2021,2,83,115,76.90354061126709,0.9291273355484009,350
956,2021,2,84,128,90.34333944320679,0.9182490706443787,336
957,2021,2,70,112,49.2756724357605,0.829919159412384,332
958,2021,2,63,106,34.864342212677,0.7182485461235046,331
959,2021,4,75,161,99.3531141281128,0.976705014705658,365
960,2021,2,74,147,63.018704891204834,0.7688724994659424,365
961,2021,2,61,91,47.745699882507324,0.6565859913825989,365
962,2021,2,61,115,38.72868490219116,0.9421456456184387,365
963,2021,3,59,108,50.99762511253357,0.873944103717804,326
964,2021,2,95,129,52.32093524932861,0.9253528714179993,358
965,2021,4,48,139,34.18803644180298,0.6860669255256653,365
966,2021,2,118,118,59.20967102050781,0.9085275530815125,317
967,2021,2,120,138,96.24960422515869,0.8505662083625793,331
968,2021,2,83,109,68.64840364456177,0.8317468166351318,349
969,2021,2,50,103,43.92428159713745,0.8039052486419678,338
970,2021,3,28,89,46.68784713745117,0.9094970226287842,365
971,2021,3,43,135,114.40626382827759,0.756013035774231,365
972,2021,2,67,125,75.8413782119751,0.9363690614700317,338
973,2021,3,87,142,147.17594718933105,0.9740120768547058,354
974,2021,3,47,118,50.912715911865234,0.9678320288658142,365
975,2021,3,47,117,57.48318338394165,0.7762836813926697,365
976,2021,3,32,85,37.19995594024658,0.9534578323364258,365
977,2021,4,29,100,77.85995292663574,0.889438807964325,365
978,2021,1,126,145,96.41497039794922,0.8910814523696899,328
979,2021,2,131,143,43.341492652893066,0.884296715259552,325
980,2021,3,119,145,203.45529556274414,0.9518442749977112,344
981,2021,3,81,144,140.68366813659668,0.9158770442008972,357
982,2021,1,190,177,96.36018371582031,0.8201351165771484,336
983,2021,3,65,156,61.82706689834595,0.9329372048377991,345
984,2021,3,68,141,117.15372276306152,0.9368999600410461,365
985,2021,3,82,143,134.10967445373535,0.9745400547981262,365
986,2021,3,84,145,127.06922435760498,0.8483762741088867,365
987,2021,3,86,139,143.99548768997192,0.9453672170639038,365
988,2021,3,70,136,81.45513820648193,0.975847065448761,365
989,2021,2,69,127,80.14812278747559,0.865253210067749,365
990,2021,3,55,128,52.65490198135376,0.9045764803886414,365
991,2021,3,54,105,41.69941425323486,0.7378554344177246,365
992,2021,3,102,155,175.93905925750732,0.921360969543457,365
993,2021,4,95,161,196.1701135635376,0.8791069388389587,365
994,2021,3,71,132,65.3540745973587,0.6364454627037048,365
995,2021,2,78,113,66.56104564666748,0.7475681900978088,365
996,2021,3,57,117,56.457923412323,0.8336477279663086,365
997,2021,3,101,118,50.289114475250244,0.963236927986145,365
998,2021,3,82,154,188.44141006469727,0.9150252342224121,362
999,2021,3,74,153,164.5560712814331,0.9278695583343506,365
1000,2021,3,100,157,160.27315998077393,0.976352870464325,365
1001,2021,3,107,159,167.22906684875488,0.9420189261436462,365
1002,2021,3,50,121,90.05257606506348,0.942154049873352,365
1003,2021,3,117,135,137.5115509033203,0.8004150986671448,365
1004,2021,3,49,120,49.996971130371094,0.9603563547134399,365
1005,2021,3,83,108,111.54712009429932,0.961768388748169,365
1006,2021,3,82,125,97.38029384613037,0.9310430884361267,365
1007,2021,3,49,119,61.10534191131592,0.9092565774917603,365
1008,2021,4,57,172,82.96804094314575,0.7806328535079956,365
1009,2021,3,50,134,77.79877281188965,0.9388211369514465,365
1010,2021,3,86,110,75.24597942829132,0.6102388501167297,365
1011,2021,3,73,129,157.79524040222168,0.9948997497558594,365
1012,2021,3,73,146,171.83788108825684,0.947259783744812,365
1013,2021,3,82,157,81.62054538726807,0.9599571824073792,365
1014,2021,3,116,119,97.17934894561768,0.9142894744873047,365
1015,2021,2,65,120,174.99019622802734,0.9884654879570007,365
1016,2021,2,107,128,199.53526306152344,0.9784142971038818,365
1017,2021,2,107,121,160.88999938964844,0.9851264953613281,365
1018,2021,2,107,138,203.34918975830078,0.9931103587150574,365
1019,2021,2,107,118,158.86603164672852,0.9464050531387329,365
1020,2021,3,107,138,217.2140769958496,0.9664666652679443,365
1021,2021,2,116,113,170.55847549438477,0.9941157102584839,365
1022,2021,2,116,111,162.0432357788086,0.9812946319580078,365
1023,2021,2,65,134,177.72061920166016,0.9554844498634338,365
1024,2021,4,107,175,264.3169722557068,0.9664214849472046,365
1025,2021,2,116,135,166.56055450439453,0.8253198862075806,365
1026,2021,3,115,141,166.47223281860352,0.8634268045425415,365
1027,2021,4,104,170,242.2087001800537,0.9663233757019043,365
1028,2021,4,107,175,274.62848472595215,0.9459026455879211,365
1029,2021,4,116,168,237.5577049255371,0.973560094833374,365
1030,2021,3,97,172,251.29740142822266,0.9469467997550964,365
1031,2021,4,70,166,219.1366138458252,0.9668161869049072,365
1032,2021,4,72,167,232.59292602539062,0.9343363046646118,365
1033,2021,3,72,127,108.39661407470703,0.7478775382041931,365
1034,2021,3,70,139,100.53454399108887,0.7956328988075256,365
1035,2021,4,72,148,158.5715389251709,0.7935720682144165,365
1036,2021,4,72,155,185.0739231109619,0.9337942004203796,365
1037,2021,4,98,174,249.3681869506836,0.9445070028305054,365
1038,2021,4,107,173,221.2928295135498,0.9169908165931702,365
1039,2021,4,87,172,161.339693069458,0.8274563550949097,365
1040,2021,4,67,139,141.19043159484863,0.7242040038108826,365
1041,2021,4,95,140,187.5810112953186,0.8067818880081177,365
1042,2021,3,107,119,168.34876823425293,0.7471981644630432,365
1043,2021,5,84,140,201.14957427978516,0.838337242603302,365
1044,2021,3,117,121,136.9807949066162,0.7301697731018066,365
1045,2021,4,82,120,145.6563663482666,0.789014458656311,365
1046,2021,4,74,105,75.4958906173706,0.7755969762802124,365
1047,2021,4,50,109,69.37373542785645,0.7244409322738647,365
1048,2021,5,65,109,121.80621528625488,0.7148717641830444,365
1049,2021,4,65,109,93.55535793304443,0.7479327321052551,365
1050,2021,3,106,104,100.80679321289062,0.671964168548584,365
1051,2021,3,62,88,55.757612228393555,0.5529797077178955,365
1052,2021,2,31,91,36.47990703582764,0.4938252568244934,365
1053,2021,3,106,118,109.83675765991211,0.7095540761947632,365
1054,2021,3,121,151,191.81495475769043,0.8530369997024536,365
1055,2021,3,69,109,76.88138198852539,0.7673834562301636,365
1056,2021,3,87,138,162.80207443237305,0.7463541626930237,365
1057,2021,4,102,173,119.2526912689209,0.7593493461608887,365
1058,2021,3,89,155,157.46069526672363,0.7596935629844666,365
1059,2021,3,104,151,124.61958503723145,0.8290780782699585,365
1060,2021,3,143,156,141.08435821533203,0.8451961874961853,365
1061,2021,4,106,141,110.97661018371582,0.8526528477668762,365
1062,2021,4,62,100,97.3533034324646,0.7879024744033813,365
1063,2021,3,51,103,54.677266120910645,0.7563244104385376,365
1064,2021,3,26,71,37.824527740478516,0.5365655422210693,365
1065,2021,1,26,60,17.266523361206055,0.5153952240943909,365
1066,2021,2,60,108,83.58219528198242,0.8105895519256592,365
1067,2021,2,95,118,66.61474227905273,0.7569988369941711,365
1068,2021,2,45,82,29.44595241546631,0.6283268332481384,365
1069,2021,2,44,76,33.42394828796387,0.7285497784614563,365
1070,2021,3,55,106,48.146687507629395,0.6933379769325256,365
1071,2021,2,39,93,34.14978790283203,0.656592607498169,365
0,2022,0,0,13,0.0,,365
1,2022,1,30,38,35.831905364990234,0.2261360138654709,365
2,2022,1,65,85,72.82536315917969,0.503940224647522,365
3,2022,1,51,45,51.439842224121094,0.5900984406471252,308
4,2022,0,0,33,0.0,,365
5,2022,1,26,58,24.88013458251953,0.24867181479930878,365
6,2022,1,26,33,19.723369598388672,0.2159738838672638,365
7,2022,2,32,83,39.0509090423584,0.2747868299484253,365
8,2022,1,26,65,22.378597259521484,0.27387577295303345,365
9,2022,3,24,76,35.42692756652832,0.47206100821495056,365
10,2022,1,21,33,9.532181739807129,0.44204723834991455,365
11,2022,2,20,53,13.230698823928833,0.43809807300567627,365
12,2022,1,22,30,8.901068687438965,0.38846486806869507,365
13,2022,1,31,42,14.847982406616211,0.4162558317184448,365
14,2022,1,29,46,26.181713104248047,0.4820219874382019,365
15,2022,2,21,59,19.09125804901123,0.3990517556667328,365
16,2022,2,42,65,45.73678779602051,0.4231025278568268,365
17,2022,0,0,14,0.0,,365
18,2022,0,0,3,0.0,,365
19,2022,0,0,24,0.0,,365
20,2022,1,19,27,21.919355392456055,0.16826972365379333,365
21,2022,0,0,28,0.0,,365
22,2022,1,30,48,17.114316940307617,0.11935780942440033,365
23,2022,1,25,27,12.417162895202637,0.14523595571517944,365
24,2022,1,25,30,17.036409378051758,0.17917613685131073,365
25,2022,2,36,63,60.09187316894531,0.29610443115234375,365
26,2022,0,0,10,0.0,,365
27,2022,3,31,68,59.495792388916016,0.3257785141468048,365
28,2022,0,0,12,0.0,,365
29,2022,2,56,87,90.9802017211914,0.4671212434768677,365
30,2022,2,63,81,79.99311065673828,0.4825994670391083,365
31,2022,2,30,52,65.69072723388672,0.37038710713386536,365
32,2022,1,23,46,41.02818298339844,0.32217639684677124,365
33,2022,2,27,48,33.34048795700073,0.5095301270484924,365
34,2022,1,15,40,18.354639053344727,0.33987957239151,302
35,2022,1,28,52,39.94809341430664,0.2890338599681854,365
36,2022,1,20,45,34.4455451965332,0.41852909326553345,301
37,2022,1,27,32,24.07590675354004,0.22990600764751434,365
38,2022,1,15,21,13.872994422912598,0.26968914270401,300
39,2022,2,32,42,22.97018426656723,0.915635347366333,342
40,2022,0,0,17,0.0,,290
41,2022,0,0,24,0.0,,305
42,2022,1,19,41,5.378254413604736,0.30010977387428284,354
43,2022,2,32,65,7.434492826461792,0.6791648268699646,365
44,2022,0,0,28,0.0,,365
45,2022,1,16,32,0.942751407623291,0.2542291581630707,365
46,2022,1,16,26,0.8574034571647644,0.20495975017547607,365
47,2022,1,19,32,20.73234748840332,0.320277601480484,328
48,2022,1,16,14,5.357973098754883,0.14464129507541656,332
49,2022,2,26,57,20.6256685256958,0.5949530601501465,313
50,2022,2,22,46,12.103986620903015,0.708771824836731,294
51,2022,1,15,24,2.3297781944274902,0.30272260308265686,252
52,2022,2,25,46,18.4787859916687,0.7289506196975708,324
53,2022,0,0,10,0.0,,236
54,2022,1,24,23,2.509247303009033,0.6900647282600403,290
55,2022,1,25,23,2.2808568477630615,0.42878636717796326,243
56,2022,1,25,25,3.834141254425049,0.5049627423286438,261
57,2022,0,0,3,0.0,,224
58,2022,0,0,6,0.0,,211
59,2022,0,0,15,0.0,,209
60,2022,0,0,11,0.0,,202
61,2022,0,0,12,0.0,,201
62,2022,0,0,0,0.0,,217
63,2022,0,0,0,0.0,,231
64,2022,0,0,0,0.0,,228
65,2022,0,0,0,0.0,,227
66,2022,0,0,0,0.0,,219
67,2022,0,0,0,0.0,,216
68,2022,0,0,7,0.0,,212
69,2022,0,0,6,0.0,,222
70,2022,0,0,0,0.0,,224
71,2022,0,0,9,0.0,,285
72,2022,0,0,16,0.0,,291
73,2022,1,21,29,0.8912463188171387,0.25035661458969116,365
74,2022,0,0,6,0.0,,299
75,2022,0,0,5,0.0,,316
76,2022,0,0,12,0.0,,349
77,2022,0,0,5,0.0,,365
78,2022,1,21,26,2.2921712398529053,0.5336259603500366,365
79,2022,0,0,19,0.0,,365
80,2022,0,0,4,0.0,,311
81,2022,0,0,26,0.0,,365
82,2022,0,0,9,0.0,,365
83,2022,0,0,14,0.0,,365
84,2022,1,17,19,17.52480125427246,0.5992469191551208,365
85,2022,1,17,21,16.213459014892578,0.6405194997787476,365
86,2022,1,22,25,44.89039611816406,0.9208548665046692,365
87,2022,2,24,50,91.546630859375,0.7802461981773376,365
88,2022,1,20,25,40.953163146972656,0.8764430284500122,365
89,2022,2,15,29,12.842193126678467,0.47934800386428833,365
90,2022,0,0,9,0.0,,365
91,2022,0,0,8,0.0,,365
92,2022,0,0,20,0.0,,365
93,2022,1,23,25,8.471830368041992,0.4502217471599579,365
94,2022,1,94,91,40.042572021484375,0.6735514402389526,365
95,2022,1,38,52,33.082984924316406,0.548936128616333,365
96,2022,1,23,33,5.321540355682373,0.27747318148612976,365
97,2022,0,0,20,0.0,,365
98,2022,1,38,50,6.016933441162109,0.4237652122974396,365
99,2022,1,36,53,21.892534255981445,0.4868067502975464,365
100,2022,1,67,87,54.48855972290039,0.6385888457298279,365
101,2022,2,59,99,60.721195220947266,0.6222543120384216,365
102,2022,1,70,89,57.782630920410156,0.6678736209869385,365
103,2022,2,34,56,34.14779281616211,0.5488942265510559,365
104,2022,1,64,88,29.250526428222656,0.6910215616226196,365
105,2022,2,54,72,32.662590980529785,0.6222250461578369,365
106,2022,2,56,97,38.77491044998169,0.6299481987953186,365
107,2022,1,56,67,28.562610626220703,0.5903370380401611,365
108,2022,3,67,117,30.13255500793457,0.9345325827598572,365
109,2022,2,31,75,68.31810188293457,0.9196572303771973,365
110,2022,2,67,99,17.308131217956543,0.6818569898605347,365
111,2022,2,27,63,21.18326234817505,0.5501693487167358,365
112,2022,2,33,61,15.285049438476562,0.7789846658706665,365
113,2022,1,26,54,13.661261558532715,0.6916356682777405,365
114,2022,3,44,87,33.10444164276123,0.9319844841957092,365
115,2022,3,44,89,48.228835105895996,0.7726005911827087,365
116,2022,2,132,131,42.30457782745361,0.931214451789856,365
117,2022,3,42,88,35.250163555145264,0.9637444615364075,365
118,2022,3,39,112,34.34401512145996,0.9270747900009155,365
119,2022,3,46,112,45.23570251464844,0.8241976499557495,365
120,2022,2,122,143,46.969865798950195,0.8369401693344116,365
121,2022,2,136,170,76.03432846069336,0.8653467893600464,365
122,2022,3,36,107,38.57406949996948,0.9862967133522034,365
123,2022,4,34,110,51.77413558959961,0.8802152276039124,365
124,2022,4,43,125,126.96676731109619,0.8995023369789124,365
125,2022,2,29,112,30.553342819213867,0.6790105700492859,365
126,2022,2,45,89,116.57306289672852,0.5401505827903748,365
127,2022,3,16,70,34.971224308013916,0.48387208580970764,365
128,2022,1,26,126,3.191673994064331,0.1352526992559433,365
129,2022,2,25,96,38.57955265045166,0.5251489281654358,365
130,2022,3,27,84,63.19569206237793,0.674616813659668,365
131,2022,2,27,76,40.6228084564209,0.6759892702102661,365
132,2022,1,165,134,125.85385131835938,0.6583104729652405,365
133,2022,2,69,103,82.11306571960449,0.6005613207817078,365
134,2022,3,60,135,82.72398281097412,0.8604087233543396,365
135,2022,2,120,150,71.65621185302734,0.8120325803756714,365
136,2022,4,35,123,76.55272698402405,0.8144992589950562,365
137,2022,4,54,135,92.08943176269531,0.7855674624443054,365
138,2022,0,0,12,0.0,,365
139,2022,0,0,0,0.0,,0
140,2022,0,0,0,0.0,,365
141,2022,0,0,0,0.0,,365
142,2022,0,0,4,0.0,,365
143,2022,0,0,8,0.0,,365
144,2022,0,0,3,0.0,,365
145,2022,0,0,0,0.0,,365
146,2022,1,16,17,4.62092924118042,0.20053765177726746,365
147,2022,1,22,22,14.884139060974121,0.3176664412021637,365
148,2022,0,0,6,0.0,,365
149,2022,0,0,8,0.0,,365
150,2022,0,0,7,0.0,,365
151,2022,0,0,2,0.0,,365
152,2022,1,61,88,82.92733764648438,0.3351248502731323,365
153,2022,0,0,41,0.0,,365
154,2022,0,0,17,0.0,,365
155,2022,1,15,52,28.20035171508789,0.3447974920272827,365
156,2022,0,0,10,0.0,,365
157,2022,0,0,5,0.0,,365
158,2022,0,0,0,0.0,,365
159,2022,0,0,8,0.0,,365
160,2022,1,18,48,11.291849136352539,0.14748795330524445,365
161,2022,1,15,26,5.624355316162109,0.11946744471788406,365
162,2022,2,30,59,47.93717575073242,0.2379961907863617,365
163,2022,2,31,74,49.27229881286621,0.22235827147960663,365
164,2022,0,0,20,0.0,,365
165,2022,0,0,35,0.0,,365
166,2022,1,32,84,30.996585845947266,0.29148879647254944,365
167,2022,1,32,80,29.196311950683594,0.28933796286582947,365
168,2022,2,19,57,26.14485454559326,0.3462775647640228,365
169,2022,2,24,62,49.912919998168945,0.46733397245407104,365
170,2022,0,0,11,0.0,,365
171,2022,0,0,10,0.0,,365
172,2022,0,0,7,0.0,,365
173,2022,0,0,17,0.0,,365
174,2022,0,0,0,0.0,,365
175,2022,0,0,0,0.0,,365
176,2022,0,0,0,0.0,,365
177,2022,0,0,0,0.0,,365
178,2022,1,18,55,10.183028221130371,0.1774909943342209,365
179,2022,0,0,9,0.0,,365
180,2022,0,0,27,0.0,,365
181,2022,1,16,22,16.701725006103516,0.28521493077278137,365
182,2022,0,0,3,0.0,,365
183,2022,0,0,10,0.0,,365
184,2022,1,15,35,6.121090888977051,0.1466483175754547,365
185,2022,2,33,49,37.741621017456055,0.3630686402320862,365
186,2022,0,0,1,0.0,,365
187,2022,0,0,0,0.0,,365
188,2022,0,0,10,0.0,,365
189,2022,0,0,12,0.0,,365
190,2022,0,0,40,0.0,,365
191,2022,0,0,9,0.0,,365
192,2022,0,0,16,0.0,,365
193,2022,1,23,33,9.51337718963623,0.22910547256469727,365
194,2022,0,0,13,0.0,,365
195,2022,0,0,23,0.0,,365
196,2022,0,0,17,0.0,,365
197,2022,0,0,21,0.0,,365
198,2022,0,0,10,0.0,,365
199,2022,1,43,45,9.99277400970459,0.19639278948307037,365
200,2022,0,0,16,0.0,,365
201,2022,1,45,45,22.71158790588379,0.278618186712265,365
202,2022,0,0,3,0.0,,365
203,2022,0,0,4,0.0,,365
204,2022,0,0,12,0.0,,365
205,2022,1,49,56,28.20975112915039,0.27925190329551697,365
206,2022,1,17,40,13.242648124694824,0.21845680475234985,365
207,2022,0,0,27,0.0,,365
208,2022,0,0,6,0.0,,365
209,2022,0,0,20,0.0,,365
210,2022,0,0,12,0.0,,365
211,2022,0,0,1,0.0,,365
212,2022,0,0,11,0.0,,365
213,2022,0,0,5,0.0,,365
214,2022,0,0,15,0.0,,365
215,2022,0,0,31,0.0,,365
216,2022,0,0,2,0.0,,365
217,2022,0,0,13,0.0,,365
218,2022,0,0,16,0.0,,365
219,2022,0,0,14,0.0,,365
220,2022,0,0,25,0.0,,365
221,2022,0,0,14,0.0,,365
222,2022,0,0,14,0.0,,365
223,2022,0,0,35,0.0,,365
224,2022,0,0,24,0.0,,365
225,2022,0,0,5,0.0,,365
226,2022,0,0,0,0.0,,365
227,2022,0,0,19,0.0,,365
228,2022,2,37,92,68.7963752746582,0.49576547741889954,365
229,2022,1,18,34,2.700901985168457,0.5303622484207153,365
230,2022,0,0,30,0.0,,365
231,2022,1,22,47,8.13966178894043,0.37816527485847473,365
232,2022,0,0,23,0.0,,365
233,2022,0,0,17,0.0,,365
234,2022,1,18,34,4.945103168487549,0.30129989981651306,365
235,2022,0,0,12,0.0,,365
236,2022,1,18,18,2.5912373065948486,0.34197744727134705,365
237,2022,3,22,47,46.59461307525635,0.39151421189308167,365
238,2022,2,49,87,61.48949432373047,0.31257757544517517,365
239,2022,2,39,83,51.01239776611328,0.6999017596244812,365
240,2022,2,72,84,60.27018928527832,0.6555219888687134,365
241,2022,1,23,26,10.378325462341309,0.5055487751960754,365
242,2022,0,0,16,0.0,,365
243,2022,0,0,14,0.0,,365
244,2022,1,23,24,10.796370506286621,0.5953306555747986,365
245,2022,0,0,24,0.0,,365
246,2022,2,39,64,21.819125652313232,0.33164501190185547,365
247,2022,1,19,40,10.432679176330566,0.23609529435634613,365
248,2022,0,0,14,0.0,,365
249,2022,0,0,20,0.0,,365
250,2022,0,0,1,0.0,,365
251,2022,0,0,0,0.0,,365
252,2022,1,22,25,8.747512817382812,0.2906402349472046,365
253,2022,0,0,5,0.0,,365
254,2022,0,0,4,0.0,,365
255,2022,1,16,13,1.5184166431427002,0.43016302585601807,365
256,2022,0,0,20,0.0,,365
257,2022,0,0,6,0.0,,365
258,2022,0,0,1,0.0,,365
259,2022,0,0,18,0.0,,365
260,2022,0,0,21,0.0,,365
261,2022,0,0,24,0.0,,365
262,2022,0,0,3,0.0,,365
263,2022,0,0,19,0.0,,365
264,2022,0,0,26,0.0,,365
265,2022,1,26,52,18.656360626220703,0.5061991810798645,365
266,2022,0,0,6,0.0,,365
267,2022,0,0,14,0.0,,365
268,2022,0,0,0,0.0,,365
269,2022,0,0,14,0.0,,365
270,2022,0,0,3,0.0,,365
271,2022,0,0,12,0.0,,365
272,2022,0,0,8,0.0,,365
273,2022,0,0,3,0.0,,365
274,2022,2,46,103,44.75039100646973,0.6185686588287354,365
275,2022,2,35,72,17.430983543395996,0.5927047729492188,365
276,2022,0,0,19,0.0,,365
277,2022,1,19,24,2.819671630859375,0.28597700595855713,365
278,2022,2,52,76,36.87701988220215,0.5755088925361633,365
279,2022,3,80,139,103.20813846588135,0.6549957394599915,365
280,2022,2,22,51,25.126949310302734,0.318102091550827,365
281,2022,1,67,62,28.28453254699707,0.304684579372406,365
282,2022,0,0,27,0.0,,365
283,2022,0,0,17,0.0,,365
284,2022,2,65,85,48.30774116516113,0.42981430888175964,365
285,2022,2,31,66,26.351140022277832,0.3383525013923645,365
286,2022,2,101,117,70.05347633361816,0.4352226257324219,365
287,2022,2,28,70,15.317167282104492,0.22695010900497437,365
288,2022,0,0,2,0.0,,365
289,2022,0,0,4,0.0,,365
290,2022,1,57,66,18.70853042602539,0.20845581591129303,365
291,2022,2,41,73,35.263628005981445,0.2943021357059479,365
292,2022,0,0,8,0.0,,365
293,2022,1,28,47,5.259960174560547,0.322346568107605,365
294,2022,0,0,10,0.0,,365
295,2022,0,0,4,0.0,,365
296,2022,0,0,11,0.0,,365
297,2022,0,0,3,0.0,,365
298,2022,2,66,128,42.91255760192871,0.4820381999015808,365
299,2022,3,71,119,51.07960605621338,0.6484569907188416,365
300,2022,2,22,52,23.440848350524902,0.31318965554237366,365
301,2022,2,71,104,47.984360694885254,0.3657855689525604,365
302,2022,1,118,100,55.83375930786133,0.38427066802978516,365
303,2022,2,112,124,70.78018856048584,0.40608152747154236,365
304,2022,0,0,0,0.0,,365
305,2022,0,0,0,0.0,,365
306,2022,1,63,76,45.97596740722656,0.44093838334083557,365
307,2022,2,26,59,17.555886268615723,0.34276068210601807,365
308,2022,1,42,60,42.01658630371094,0.3242763578891754,365
309,2022,2,42,83,51.34426307678223,0.4034057855606079,365
310,2022,1,27,27,3.3678901195526123,0.6866108775138855,247
311,2022,1,24,24,5.640531539916992,0.6978987455368042,246
312,2022,1,63,89,40.090633392333984,0.463578999042511,365
313,2022,1,15,37,7.950483798980713,0.3428391218185425,365
314,2022,0,0,7,0.0,,255
315,2022,1,25,28,2.1780354976654053,0.6160522699356079,277
316,2022,0,0,10,0.0,,365
317,2022,0,0,12,0.0,,365
318,2022,1,28,33,18.70366859436035,0.29380002617836,287
319,2022,0,0,2,0.0,,271
320,2022,0,0,20,0.0,,365
321,2022,2,21,56,9.790516376495361,0.6090514063835144,365
322,2022,0,0,13,0.0,,365
323,2022,1,53,42,7.541870594024658,0.7901591658592224,365
324,2022,2,64,116,49.19347381591797,0.4015961289405823,365
325,2022,3,63,133,91.11192321777344,0.7067173719406128,365
326,2022,2,38,78,25.764241218566895,0.44007769227027893,365
327,2022,0,0,23,0.0,,365
328,2022,1,118,125,66.25283813476562,0.4109097421169281,365
329,2022,1,34,52,14.633404731750488,0.27935945987701416,365
330,2022,4,51,118,67.0536036491394,0.4113330841064453,365
331,2022,3,68,117,79.93936729431152,0.4999080002307892,365
332,2022,1,55,65,23.585100173950195,0.28378748893737793,365
333,2022,3,63,126,81.57940673828125,0.6048580408096313,365
334,2022,3,79,121,54.30944347381592,0.5684666633605957,365
335,2022,0,0,9,0.0,,306
336,2022,1,18,24,13.233988761901855,0.26213932037353516,313
337,2022,1,19,34,3.669090747833252,0.37073078751564026,365
338,2022,1,19,34,4.639926433563232,0.48135611414909363,365
339,2022,3,37,82,52.350008964538574,0.38941192626953125,365
340,2022,2,78,104,27.982097148895264,0.4528699219226837,365
341,2022,1,16,19,3.458188772201538,0.6650221943855286,365
342,2022,1,16,16,5.882848262786865,0.442335307598114,365
343,2022,0,0,12,0.0,,365
344,2022,0,0,1,0.0,,365
345,2022,0,0,1,0.0,,365
346,2022,1,16,34,0.6993104815483093,0.2968026101589203,365
347,2022,1,25,40,1.9667980670928955,0.9314805865287781,365
348,2022,1,25,43,1.5980192422866821,0.5201351046562195,355
349,2022,0,0,5,0.0,,365
350,2022,1,29,31,14.609268188476562,0.35888198018074036,365
351,2022,1,27,45,5.717975616455078,0.3324882984161377,365
352,2022,0,0,22,0.0,,365
353,2022,1,19,28,2.9160072803497314,0.480775386095047,332
354,2022,0,0,1,0.0,,365
355,2022,0,0,14,0.0,,365
356,2022,1,24,34,1.3358300924301147,0.38670602440834045,365
357,2022,1,25,39,1.9360473155975342,0.5434313416481018,365
358,2022,2,31,46,10.701792001724243,0.930658757686615,336
359,2022,1,24,29,26.132583618164062,0.31064504384994507,317
360,2022,1,17,20,20.012474060058594,0.408789724111557,365
361,2022,1,16,18,18.710359573364258,0.3953876793384552,365
362,2022,1,23,30,16.910696029663086,0.32558250427246094,365
363,2022,1,18,16,7.23136043548584,0.2220200002193451,365
364,2022,1,27,31,5.704916954040527,0.6753485798835754,365
365,2022,0,0,12,0.0,,365
366,2022,1,20,49,5.131417274475098,0.606095552444458,365
367,2022,2,27,68,8.259757995605469,0.6667142510414124,365
368,2022,2,27,66,31.74925994873047,0.49335283041000366,365
369,2022,1,22,31,8.715167999267578,0.4569469094276428,365
370,2022,2,23,54,22.643927574157715,0.3524331748485565,365
371,2022,3,63,113,49.700308322906494,0.4412827491760254,365
372,2022,1,15,14,8.744938850402832,0.3382565677165985,365
373,2022,0,0,3,0.0,,365
374,2022,1,19,13,7.26576566696167,0.29411423206329346,365
375,2022,3,39,75,27.842082977294922,0.29972314834594727,365
376,2022,0,0,11,0.0,,271
377,2022,1,19,34,1.7262943983078003,0.528455376625061,311
378,2022,0,0,2,0.0,,293
379,2022,0,0,9,0.0,,292
380,2022,1,25,41,2.111048936843872,0.5333006978034973,323
381,2022,0,0,18,0.0,,293
382,2022,1,17,26,21.595245361328125,0.37048226594924927,365
383,2022,1,19,29,10.430925369262695,0.33357447385787964,365
384,2022,0,0,15,0.0,,365
385,2022,3,29,63,36.78380870819092,0.5430707931518555,365
386,2022,2,53,64,44.18080711364746,0.549125075340271,365
387,2022,1,19,21,20.288658142089844,0.32533103227615356,286
388,2022,1,18,16,10.395051002502441,0.2585812211036682,266
389,2022,1,16,33,11.89046859741211,0.30590298771858215,365
390,2022,0,0,17,0.0,,365
391,2022,1,16,21,21.455516815185547,0.370568186044693,365
392,2022,1,15,19,21.249980926513672,0.433980792760849,365
393,2022,2,36,71,8.981298923492432,0.5783774256706238,365
394,2022,1,19,59,6.052771091461182,0.8713971376419067,365
395,2022,1,15,29,12.687385559082031,0.28717467188835144,365
396,2022,1,16,29,19.72480583190918,0.3769055902957916,365
397,2022,1,16,39,15.503473281860352,0.33878156542778015,365
398,2022,1,17,40,15.837203979492188,0.34844353795051575,365
399,2022,0,0,9,0.0,,279
400,2022,0,0,7,0.0,,266
401,2022,3,27,77,23.527307987213135,0.8514961004257202,365
402,2022,3,23,70,27.642258644104004,0.804868757724762,365
403,2022,0,0,7,0.0,,222
404,2022,0,0,5,0.0,,204
405,2022,0,0,6,0.0,,254
406,2022,0,0,1,0.0,,262
407,2022,1,25,28,4.872901439666748,0.31650111079216003,365
408,2022,1,27,28,6.148271083831787,0.4511237144470215,365
409,2022,0,0,6,0.0,,222
410,2022,0,0,6,0.0,,216
411,2022,0,0,9,0.0,,202
412,2022,0,0,6,0.0,,186
413,2022,1,24,30,8.075210571289062,0.5103856325149536,365
414,2022,1,24,29,7.392035484313965,0.6916149854660034,365
415,2022,3,55,107,36.00243854522705,0.625773012638092,365
416,2022,1,19,43,11.142129898071289,0.2646559178829193,316
417,2022,2,21,59,16.884116172790527,0.3963569402694702,365
418,2022,2,43,59,15.987475395202637,0.6621352434158325,301
419,2022,2,27,52,8.328683257102966,0.5091516971588135,365
420,2022,2,32,63,23.486263275146484,0.6724869608879089,348
421,2022,3,22,72,15.70352029800415,0.6337736248970032,365
422,2022,2,53,99,34.79685592651367,0.9544341564178467,314
423,2022,3,25,88,26.38608407974243,0.5581861138343811,365
424,2022,2,24,51,14.723088264465332,0.3179815411567688,365
425,2022,2,52,89,33.08773851394653,0.7440819144248962,329
426,2022,2,102,140,63.612613677978516,0.9374438524246216,365
427,2022,3,26,62,18.508551120758057,0.4124954342842102,365
428,2022,3,23,75,18.126816272735596,0.6564439535140991,365
429,2022,0,0,15,0.0,,365
430,2022,1,29,34,6.118457317352295,0.6667926907539368,365
431,2022,0,0,0,0.0,,276
432,2022,2,29,66,10.405892372131348,0.4350219666957855,365
433,2022,0,0,0,0.0,,266
434,2022,3,38,76,25.286617636680603,0.3199709355831146,365
435,2022,0,0,3,0.0,,248
436,2022,0,0,9,0.0,,243
437,2022,3,31,65,37.976929664611816,0.884406328201294,365
438,2022,3,19,80,22.83027458190918,0.985740065574646,365
439,2022,3,52,108,40.19172954559326,1.0,365
440,2022,2,47,96,24.541600227355957,0.6244903802871704,338
441,2022,0,0,0,0.0,,236
442,2022,1,16,17,4.221938133239746,0.16895510256290436,247
443,2022,0,0,1,0.0,,258
444,2022,0,0,9,0.0,,240
445,2022,3,24,65,16.771273851394653,0.5016574263572693,365
446,2022,2,30,78,25.65078616142273,0.33919671177864075,355
447,2022,2,28,59,12.513537406921387,0.6010799407958984,365
448,2022,2,16,55,8.80626392364502,0.8496428728103638,365
449,2022,1,21,18,5.12466287612915,0.37140339612960815,365
450,2022,0,0,27,0.0,,269
451,2022,2,27,63,13.74093770980835,0.7685019373893738,365
452,2022,1,23,39,4.390076637268066,0.581595778465271,285
453,2022,3,26,61,39.95404553413391,0.35337722301483154,365
454,2022,3,89,126,162.99302673339844,0.6665603518486023,365
455,2022,0,0,0,0.0,,263
456,2022,0,0,1,0.0,,254
457,2022,1,25,46,5.1646013259887695,0.726900577545166,365
458,2022,1,22,31,3.645897150039673,0.6519324779510498,365
459,2022,0,0,41,0.0,,286
460,2022,3,40,71,19.959228038787842,0.8180665969848633,303
461,2022,1,19,18,2.560425043106079,0.39881715178489685,365
462,2022,3,29,81,30.354159832000732,0.7914918661117554,365
463,2022,2,26,70,18.228718996047974,0.6142677068710327,365
464,2022,3,35,81,29.039864778518677,0.9425125122070312,365
465,2022,1,24,32,4.9465203285217285,0.6896488070487976,365
466,2022,2,22,57,15.345087051391602,0.7056810855865479,365
467,2022,4,41,96,31.5772545337677,0.7359756231307983,365
468,2022,0,0,0,0.0,,217
469,2022,0,0,1,0.0,,217
470,2022,1,29,43,5.6878790855407715,0.7248480319976807,365
471,2022,0,0,4,0.0,,236
472,2022,0,0,14,0.0,,243
473,2022,1,29,33,7.085144996643066,0.6163926124572754,365
474,2022,3,31,96,36.97878170013428,0.5610043406486511,325
475,2022,3,25,74,31.84052324295044,0.7772732377052307,322
476,2022,0,0,6,0.0,,224
477,2022,0,0,6,0.0,,270
478,2022,2,36,64,22.22369074821472,0.8494664430618286,365
479,2022,2,22,52,9.20854377746582,0.5604665279388428,365
480,2022,2,52,105,62.483802795410156,1.0,299
481,2022,2,61,122,51.180511474609375,0.962200939655304,318
482,2022,0,0,5,0.0,,219
483,2022,0,0,1,0.0,,229
484,2022,2,51,112,60.072402000427246,0.9832096695899963,304
485,2022,2,43,84,25.294257164001465,0.9250203371047974,287
486,2022,0,0,0,0.0,,222
487,2022,0,0,9,0.0,,251
488,2022,0,0,9,0.0,,210
489,2022,0,0,6,0.0,,229
490,2022,2,52,103,69.31801223754883,0.8456049561500549,298
491,2022,2,55,108,62.0665283203125,1.0,299
492,2022,2,26,63,13.72915768623352,0.8964546322822571,365
493,2022,0,0,15,0.0,,329
494,2022,0,0,2,0.0,,217
495,2022,0,0,11,0.0,,227
496,2022,2,44,84,33.975335121154785,0.6935774683952332,313
497,2022,2,63,115,71.22684478759766,0.8596945405006409,309
498,2022,0,0,18,0.0,,365
499,2022,1,19,39,8.141528129577637,0.6282916069030762,365
500,2022,0,0,8,0.0,,233
501,2022,0,0,8,0.0,,250
502,2022,1,19,31,6.954050064086914,0.4747479557991028,365
503,2022,1,17,21,6.373402118682861,0.6125829815864563,365
504,2022,0,0,3,0.0,,231
505,2022,0,0,11,0.0,,236
506,2022,2,41,87,35.41090202331543,0.9088826179504395,281
507,2022,2,63,118,70.89313507080078,1.0,290
508,2022,3,32,89,20.238053798675537,0.5775855779647827,365
509,2022,0,0,31,0.0,,343
510,2022,0,0,16,0.0,,261
511,2022,0,0,7,0.0,,271
512,2022,1,28,25,4.1683430671691895,0.32179561257362366,323
513,2022,1,32,23,4.128005504608154,0.8463216423988342,313
514,2022,1,40,61,11.44135856628418,0.5617057085037231,305
515,2022,2,41,88,35.85550594329834,0.5940460562705994,305
516,2022,3,27,84,21.317718982696533,0.9562775492668152,350
517,2022,1,28,50,4.7158284187316895,0.8970749378204346,365
518,2022,0,0,17,0.0,,266
519,2022,0,0,0,0.0,,234
520,2022,4,87,159,141.96836280822754,0.3690185248851776,365
521,2022,4,88,169,186.61036729812622,0.6513659954071045,365
522,2022,0,0,1,0.0,,257
523,2022,0,0,2,0.0,,244
524,2022,1,41,62,8.442913055419922,0.40294817090034485,316
525,2022,2,53,39,25.86433172225952,0.869074285030365,316
526,2022,1,25,47,2.7582144737243652,0.7701582312583923,365
527,2022,1,21,56,2.9865808486938477,0.8556053042411804,354
528,2022,0,0,6,0.0,,223
529,2022,0,0,2,0.0,,234
530,2022,2,40,94,36.7349739074707,0.9177684783935547,272
531,2022,2,46,106,65.16977882385254,0.9958851337432861,284
532,2022,1,25,42,10.8710355758667,0.5602207183837891,339
533,2022,1,25,46,9.778067588806152,0.6670826077461243,331
534,2022,0,0,18,0.0,,219
535,2022,0,0,20,0.0,,210
536,2022,3,28,90,33.74138164520264,0.8043529391288757,307
537,2022,3,32,78,30.603386878967285,0.8715983629226685,304
538,2022,2,27,76,9.994153022766113,0.7043152451515198,356
539,2022,1,26,57,6.619329452514648,0.6129156351089478,340
540,2022,2,52,92,56.36165237426758,0.7601590156555176,292
541,2022,3,56,112,59.09434223175049,0.7096667289733887,292
542,2022,2,32,91,14.300044059753418,0.9525937438011169,365
543,2022,1,22,50,14.196292877197266,0.20029418170452118,339
544,2022,1,50,64,21.033031463623047,0.44499099254608154,365
545,2022,1,25,43,8.182600021362305,0.4669021964073181,365
546,2022,1,51,72,19.741037368774414,0.7610957026481628,303
547,2022,1,50,49,13.616838455200195,0.8410987854003906,297
548,2022,1,30,37,13.262712478637695,0.38921794295310974,220
549,2022,1,28,39,5.800970554351807,0.49975335597991943,212
550,2022,4,230,143,356.4886963367462,0.9519962072372437,365
551,2022,5,200,205,495.9794325828552,0.9273819923400879,365
552,2022,5,198,191,410.6107349395752,0.8772284388542175,365
553,2022,1,25,27,8.507143020629883,0.838378369808197,304
554,2022,1,17,25,5.155250549316406,0.5932236909866333,313
555,2022,0,0,24,0.0,,257
556,2022,0,0,2,0.0,,256
557,2022,4,202,186,474.44428992271423,0.8067676424980164,365
558,2022,5,206,190,404.38496255874634,0.7936578392982483,365
559,2022,3,39,93,31.44666337966919,0.8743848204612732,351
560,2022,2,38,70,32.170403838157654,0.7038695812225342,346
561,2022,1,22,38,4.510928630828857,0.8864657282829285,297
562,2022,2,42,59,21.661815643310547,0.8686615228652954,293
563,2022,1,20,22,6.0894293785095215,0.5487775206565857,198
564,2022,1,17,30,3.4829163551330566,0.36924219131469727,204
565,2022,1,15,37,2.780217170715332,0.20332135260105133,234
566,2022,0,0,25,0.0,,236
567,2022,0,0,12,0.0,,257
568,2022,0,0,5,0.0,,203
569,2022,2,53,84,41.57976245880127,0.888038158416748,281
570,2022,1,32,68,13.687154769897461,0.3353292644023895,281
571,2022,3,29,75,33.72726631164551,0.9605715274810791,287
572,2022,2,19,58,19.62399387359619,0.8791660666465759,285
573,2022,3,87,104,189.2808313369751,0.43152326345443726,365
574,2022,2,34,92,69.60207939147949,0.459943950176239,365
575,2022,1,48,62,18.108407974243164,0.8666067719459534,281
576,2022,1,51,64,21.042970657348633,0.9738142490386963,280
577,2022,3,31,85,37.658578872680664,0.9003447890281677,313
578,2022,1,25,26,9.950037956237793,0.8508935570716858,304
579,2022,0,0,6,0.0,,267
580,2022,0,0,16,0.0,,277
581,2022,1,29,55,14.55176830291748,0.8525264859199524,309
582,2022,2,26,73,23.716362953186035,0.5777891278266907,312
583,2022,1,19,39,14.006251335144043,0.48740988969802856,271
584,2022,2,32,74,18.029269218444824,0.5564679503440857,268
585,2022,6,97,141,240.04458165168762,0.9141662120819092,365
586,2022,1,27,71,19.841848373413086,0.32612699270248413,365
587,2022,1,19,49,9.637436866760254,0.17199063301086426,365
588,2022,6,207,195,412.9716672897339,0.9612973928451538,365
589,2022,1,24,31,6.474245071411133,0.707281231880188,301
590,2022,4,34,109,60.236645221710205,0.9507927894592285,308
591,2022,4,188,140,213.0940968990326,0.8246951699256897,365
592,2022,3,193,127,241.64637207984924,0.5678662061691284,365
593,2022,4,31,94,45.94192886352539,0.8585425615310669,300
594,2022,4,36,110,59.411330223083496,0.9129930138587952,298
595,2022,1,17,43,5.19762659072876,0.24022462964057922,279
596,2022,1,18,50,6.997467517852783,0.25433996319770813,276
597,2022,0,0,41,0.0,,250
598,2022,0,0,17,0.0,,245
599,2022,0,0,3,0.0,,291
600,2022,0,0,24,0.0,,322
601,2022,2,21,51,15.78511381149292,0.3827870190143585,267
602,2022,3,24,72,21.153968572616577,0.5747817754745483,264
603,2022,0,0,7,0.0,,195
604,2022,0,0,31,0.0,,325
605,2022,1,16,37,2.342925548553467,0.29179346561431885,242
606,2022,0,0,23,0.0,,241
607,2022,0,0,20,0.0,,236
608,2022,1,20,40,9.309314727783203,0.5241492986679077,229
609,2022,3,81,105,78.66624975204468,0.6656145453453064,365
610,2022,3,84,90,90.9888048171997,0.5573593974113464,365
611,2022,2,31,71,39.915618896484375,0.47121384739875793,326
612,2022,2,34,71,37.579200744628906,0.3770712912082672,335
613,2022,1,24,48,12.777135848999023,0.2569664716720581,281
614,2022,1,45,61,18.968799591064453,0.19845163822174072,275
615,2022,2,68,124,84.25760269165039,0.4308990240097046,365
616,2022,1,23,82,2.5792298316955566,0.5845026969909668,365
617,2022,1,23,32,5.1302924156188965,0.4650232493877411,327
618,2022,0,0,20,0.0,,320
619,2022,2,18,39,8.984960079193115,0.311459481716156,273
620,2022,1,15,32,4.371936321258545,0.25019925832748413,272
621,2022,2,33,66,31.711424827575684,0.5777573585510254,222
622,2022,0,0,36,0.0,,234
623,2022,0,0,41,0.0,,258
624,2022,1,24,38,4.4984354972839355,0.47344622015953064,329
625,2022,0,0,28,0.0,,365
626,2022,0,0,26,0.0,,262
627,2022,1,17,31,5.656244277954102,0.291215181350708,268
628,2022,1,15,33,3.2823870182037354,0.18669943511486053,271
629,2022,1,15,20,9.98336410522461,0.5178478360176086,347
630,2022,0,0,33,0.0,,365
631,2022,1,15,45,3.597923517227173,0.13852134346961975,273
632,2022,1,15,26,3.2215168476104736,0.4601048529148102,195
633,2022,1,31,50,1.4330708980560303,0.6791313290596008,271
634,2022,1,15,32,6.468260288238525,0.32705336809158325,272
635,2022,3,32,88,49.438934326171875,1.0,287
636,2022,4,36,107,66.34469890594482,0.8717716932296753,284
637,2022,3,88,99,144.39185285568237,0.8232678174972534,365
638,2022,2,26,72,23.69597816467285,0.7844273447990417,365
639,2022,0,0,41,0.0,,274
640,2022,1,25,47,15.431365013122559,0.2289300560951233,275
641,2022,1,28,43,9.237197875976562,0.5746468901634216,207
642,2022,1,15,23,3.526492118835449,0.5867338180541992,195
643,2022,0,0,42,0.0,,250
644,2022,0,0,31,0.0,,254
645,2022,0,0,33,0.0,,273
646,2022,0,0,25,0.0,,270
647,2022,3,37,100,52.69013595581055,1.0,288
648,2022,3,35,95,48.288862228393555,1.0,286
649,2022,1,16,35,5.241799354553223,0.5994192361831665,200
650,2022,1,19,22,3.0002191066741943,0.298139363527298,201
651,2022,1,15,38,6.507665157318115,0.28328749537467957,273
652,2022,0,0,19,0.0,,270
653,2022,2,34,73,34.146083295345306,0.3039754331111908,365
654,2022,4,54,121,124.16377067565918,0.6907860636711121,324
655,2022,3,37,87,65.87115383148193,0.71449214220047,305
656,2022,3,36,67,41.64491122961044,0.48515784740448,356
657,2022,2,27,72,26.313307642936707,0.48205962777137756,365
658,2022,2,38,63,44.6431097984314,0.4340572655200958,365
659,2022,1,17,34,14.508974075317383,0.19841308891773224,270
660,2022,0,0,11,0.0,,259
661,2022,2,20,46,7.018489599227905,0.8381143808364868,250
662,2022,1,23,45,5.886172294616699,0.7293592691421509,255
663,2022,1,25,50,10.536005973815918,0.40632209181785583,266
664,2022,1,23,45,10.232263565063477,0.45167040824890137,263
665,2022,1,21,26,2.4732553958892822,0.5460478067398071,257
666,2022,1,17,24,2.2867424488067627,0.5311241149902344,258
667,2022,3,37,108,49.46770668029785,0.99605393409729,291
668,2022,4,35,98,54.43343925476074,0.8507088422775269,282
669,2022,3,44,107,86.35777521133423,0.8214465975761414,300
670,2022,3,42,105,63.457282066345215,0.7755001783370972,296
671,2022,1,27,34,8.863628387451172,0.7308293581008911,194
672,2022,1,25,32,8.14406681060791,0.7235285639762878,206
673,2022,1,29,41,10.187042236328125,0.7177922129631042,201
674,2022,2,28,49,19.27760887145996,0.7794187068939209,200
675,2022,2,29,68,40.57442092895508,0.3049972951412201,273
676,2022,0,0,28,0.0,,271
677,2022,1,51,52,45.92498779296875,0.3855494260787964,365
678,2022,3,24,70,30.186289250850677,0.4066120982170105,365
679,2022,0,0,20,0.0,,322
680,2022,0,0,14,0.0,,346
681,2022,4,29,80,38.343130111694336,0.9228819608688354,277
682,2022,3,31,95,22.442376136779785,0.9588936567306519,271
683,2022,1,21,35,1.402510166168213,0.8621266484260559,365
684,2022,0,0,15,0.0,,352
685,2022,0,0,18,0.0,,263
686,2022,0,0,21,0.0,,262
687,2022,3,28,58,5.3104715049266815,0.5258340239524841,333
688,2022,1,57,63,10.233417510986328,0.7586468458175659,365
689,2022,1,129,109,28.426780700683594,0.7170326113700867,340
690,2022,1,133,104,17.405176162719727,0.6649454236030579,350
691,2022,1,104,84,29.21449089050293,0.5613319873809814,211
692,2022,1,55,71,16.53929901123047,0.5721614360809326,211
693,2022,0,0,17,0.0,,255
694,2022,1,22,34,2.8732049465179443,0.4849250018596649,259
695,2022,1,17,53,1.7504003047943115,0.48976564407348633,245
696,2022,1,15,39,1.8832228183746338,0.6096063256263733,226
697,2022,1,24,37,9.597076416015625,0.5181991457939148,249
698,2022,2,20,35,10.77190899848938,0.6982879042625427,250
699,2022,0,0,14,0.0,,255
700,2022,0,0,14,0.0,,254
701,2022,1,51,62,27.56532859802246,0.5177039504051208,212
702,2022,1,35,57,15.036113739013672,0.8263129591941833,227
703,2022,2,24,68,31.508258819580078,0.7015483379364014,356
704,2022,2,52,102,56.73736810684204,0.35318803787231445,365
705,2022,4,30,114,75.34702777862549,0.8842942714691162,365
706,2022,4,30,106,106.47104239463806,0.982049286365509,365
707,2022,4,44,106,97.45339250564575,0.9274469017982483,293
708,2022,3,42,102,56.44023513793945,0.9051436185836792,282
709,2022,1,20,41,3.704164981842041,0.6161507964134216,259
710,2022,2,20,45,10.496841669082642,0.8826384544372559,256
711,2022,0,0,23,0.0,,254
712,2022,0,0,18,0.0,,253
713,2022,1,18,50,1.4057695865631104,0.4667680561542511,365
714,2022,3,40,90,31.630943298339844,0.9253193140029907,273
715,2022,3,32,92,26.556385278701782,0.9654039144515991,273
716,2022,3,44,87,31.740747928619385,0.9122043251991272,272
717,2022,1,19,54,3.7786502838134766,0.6786062121391296,249
718,2022,2,20,50,7.148890018463135,0.7765528559684753,245
719,2022,1,54,66,27.66062355041504,0.5978708267211914,216
720,2022,1,83,66,32.679012298583984,0.7395108342170715,225
721,2022,4,43,98,50.0820107460022,0.9421370029449463,276
722,2022,2,25,67,7.565185546875,0.8279412388801575,271
723,2022,1,22,48,5.59042501449585,0.814582109451294,253
724,2022,1,15,38,2.159872531890869,0.579098641872406,238
725,2022,3,42,105,40.16979360580444,0.9374410510063171,272
726,2022,3,46,94,41.96594190597534,0.9778066873550415,271
727,2022,3,46,116,117.57467842102051,0.9042978882789612,285
728,2022,4,44,110,91.52632665634155,0.9936407804489136,287
729,2022,2,27,54,22.248926162719727,0.6856012940406799,250
730,2022,2,26,51,22.410417318344116,0.6990556120872498,243
731,2022,1,43,64,10.336692810058594,0.8618215322494507,268
732,2022,1,44,76,17.121904373168945,0.8222094774246216,271
733,2022,0,0,54,0.0,,261
734,2022,2,28,61,16.341604709625244,0.32634249329566956,262
735,2022,3,40,107,31.95128607749939,0.605402946472168,365
736,2022,1,18,64,1.7360179424285889,0.5371326208114624,365
737,2022,0,0,21,0.0,,248
738,2022,0,0,30,0.0,,365
739,2022,0,0,22,0.0,,246
740,2022,0,0,39,0.0,,365
741,2022,1,24,45,2.9549193382263184,0.4397394061088562,365
742,2022,1,24,51,4.007386207580566,0.6116629242897034,365
743,2022,2,31,81,4.2808997631073,0.4816661775112152,365
744,2022,1,37,67,8.738142013549805,0.48539984226226807,365
745,2022,1,71,61,25.799083709716797,0.9138033986091614,229
746,2022,1,70,60,27.853010177612305,0.7529558539390564,216
747,2022,0,0,33,0.0,,365
748,2022,0,0,19,0.0,,365
749,2022,3,40,100,26.416500568389893,0.9187998175621033,264
750,2022,3,47,103,56.503098487854004,0.9822723865509033,264
751,2022,1,19,35,4.575930118560791,0.7161179184913635,251
752,2022,0,0,25,0.0,,244
753,2022,1,69,52,15.178594589233398,0.8774215579032898,253
754,2022,3,28,63,22.198336124420166,0.9083776473999023,261
755,2022,1,42,67,22.9488468170166,0.6188969016075134,223
756,2022,2,41,65,31.47041368484497,0.7958629727363586,221
757,2022,2,54,105,39.30750274658203,0.9230749011039734,263
758,2022,2,51,103,55.417171478271484,0.8039830327033997,265
759,2022,2,39,64,27.797983646392822,0.9771313071250916,223
760,2022,1,35,48,19.924118041992188,0.8095001578330994,217
761,2022,2,42,69,32.34661030769348,0.6774628162384033,230
762,2022,2,67,68,32.68528437614441,0.777360737323761,226
763,2022,1,25,50,10.515262603759766,0.27172598242759705,248
764,2022,0,0,39,0.0,,246
765,2022,1,32,49,12.284194946289062,0.23971891403198242,256
766,2022,1,31,37,16.149505615234375,0.25399813055992126,254
767,2022,4,49,118,87.64406299591064,0.9788216948509216,275
768,2022,3,58,116,79.16801071166992,0.967921257019043,275
769,2022,2,26,52,23.994884729385376,0.6894776821136475,242
770,2022,2,69,85,35.55419921875,0.9254377484321594,228
771,2022,0,0,38,0.0,,247
772,2022,1,41,51,21.548357009887695,0.30181798338890076,245
773,2022,2,62,108,82.78733825683594,0.8477250933647156,273
774,2022,2,56,108,67.32951736450195,0.9883211851119995,267
775,2022,2,23,45,14.868905544281006,0.771575391292572,245
776,2022,2,27,47,21.266046285629272,0.7655425667762756,248
777,2022,1,71,79,31.21414566040039,0.9376618266105652,247
778,2022,2,32,51,26.49536943435669,0.9820327758789062,245
779,2022,2,44,66,27.044660091400146,0.9196146130561829,220
780,2022,1,26,34,15.506949424743652,0.806821346282959,215
781,2022,1,26,38,15.735973358154297,1.0,212
782,2022,1,26,34,12.376120567321777,0.9362956881523132,208
783,2022,1,40,46,1.8265573978424072,0.45468682050704956,319
784,2022,2,73,95,15.568061828613281,0.9777491688728333,321
785,2022,1,84,92,41.58607864379883,0.8146063089370728,253
786,2022,1,74,62,29.55668830871582,0.8178977370262146,250
787,2022,1,26,34,16.22795867919922,0.9874729514122009,212
788,2022,1,30,53,32.60271072387695,0.8059977293014526,235
789,2022,1,31,44,18.857254028320312,0.9115565419197083,213
790,2022,2,66,69,36.71666479110718,1.0,225
791,2022,2,24,62,4.411902904510498,0.7287152409553528,365
792,2022,2,68,82,7.890291690826416,0.9562228918075562,365
793,2022,1,34,53,38.478294372558594,0.8113133311271667,235
794,2022,2,37,62,45.87827682495117,0.9074140191078186,231
795,2022,2,71,101,15.369422435760498,0.9570471048355103,295
796,2022,2,36,69,16.5213360786438,0.9553470611572266,264
797,2022,2,74,78,49.12693405151367,0.9514251351356506,258
798,2022,2,33,70,23.899474143981934,0.3839646577835083,257
799,2022,2,30,45,33.0003719329834,0.6713055372238159,242
800,2022,1,33,48,30.545717239379883,0.5067546963691711,242
801,2022,1,38,66,15.849372863769531,0.556681752204895,365
802,2022,2,72,102,24.418771743774414,0.6155653595924377,365
803,2022,1,66,57,38.29888153076172,0.8666183352470398,229
804,2022,2,43,61,27.821999073028564,0.9603963494300842,214
805,2022,2,52,78,49.689645767211914,0.9826960563659668,257
806,2022,2,55,87,51.98385047912598,1.0,263
807,2022,1,75,67,45.763206481933594,0.6837974786758423,252
808,2022,2,37,55,35.07788634300232,0.5797594785690308,246
809,2022,1,82,96,55.55899429321289,0.7905868887901306,262
810,2022,1,69,71,47.907955169677734,0.5496964454650879,260
811,2022,1,29,38,25.38444709777832,0.9483339190483093,218
812,2022,2,28,44,22.90044379234314,1.0,209
813,2022,2,53,90,50.60198974609375,0.9984925389289856,262
814,2022,2,52,97,68.96939277648926,0.9971756339073181,260
815,2022,2,62,126,163.82916259765625,0.890305757522583,288
816,2022,3,68,147,127.15975141525269,0.8783750534057617,335
817,2022,2,56,104,82.80224990844727,0.9870507121086121,267
818,2022,2,60,128,137.7401580810547,0.8111801743507385,277
819,2022,1,29,41,20.38445472717285,0.8828650116920471,208
820,2022,1,26,35,15.641538619995117,0.9815673828125,212
821,2022,3,62,135,153.39858627319336,0.7630450129508972,282
822,2022,3,70,147,194.00287628173828,0.8516687154769897,285
823,2022,1,29,39,22.234895706176758,0.9667811393737793,216
824,2022,1,26,32,19.61780548095703,0.9911541938781738,213
825,2022,2,56,79,46.88882064819336,0.9925758838653564,260
826,2022,2,54,84,37.26439666748047,0.9406655430793762,259
827,2022,2,56,91,49.16605567932129,0.9300398230552673,263
828,2022,2,55,83,45.886138916015625,1.0,261
829,2022,2,53,82,45.12545204162598,1.0,259
830,2022,2,54,86,63.609474182128906,0.8753207921981812,260
831,2022,1,63,48,35.458560943603516,0.963550865650177,223
832,2022,1,29,39,27.29706382751465,0.9159578680992126,223
833,2022,1,26,31,18.4061336517334,0.9938656687736511,214
834,2022,1,28,35,22.44282341003418,0.9916220903396606,220
835,2022,1,64,46,35.608245849609375,0.9336919784545898,231
836,2022,1,66,54,32.5719108581543,0.8999038338661194,230
837,2022,2,52,89,62.92317199707031,1.0,261
838,2022,2,48,89,56.3482666015625,0.9334025979042053,272
839,2022,2,50,105,53.84468078613281,0.7614700794219971,274
840,2022,2,52,102,50.09564399719238,0.7658049464225769,280
841,2022,4,57,169,170.04238200187683,0.8868669867515564,365
842,2022,4,68,162,181.708069562912,0.8919203877449036,365
843,2022,1,60,47,35.66116714477539,0.9498727917671204,236
844,2022,1,59,50,39.604339599609375,0.9224076867103577,227
845,2022,1,80,74,51.43531799316406,0.6080011129379272,258
846,2022,1,58,62,41.00669860839844,0.5476839542388916,253
847,2022,1,29,33,28.2078857421875,0.9466376304626465,224
848,2022,1,28,33,24.963531494140625,0.9712278842926025,226
849,2022,1,61,45,35.761688232421875,0.697766125202179,244
850,2022,1,63,54,38.59017562866211,0.9223701357841492,228
851,2022,3,67,140,114.10017728805542,0.8478944301605225,352
852,2022,3,53,141,94.26106715202332,0.745936930179596,365
853,2022,1,59,50,37.299598693847656,0.8405118584632874,242
854,2022,1,30,37,35.02031326293945,0.9298515319824219,232
855,2022,1,74,81,25.305015563964844,0.9474786520004272,246
856,2022,1,59,48,18.90496826171875,1.0,219
857,2022,1,65,54,24.83633804321289,0.9552108645439148,238
858,2022,1,65,52,25.94343376159668,0.9735451340675354,232
859,2022,1,27,34,26.823650360107422,0.9889496564865112,233
860,2022,2,30,51,35.9984587430954,0.9564575552940369,252
861,2022,1,71,74,15.943550109863281,0.9147083759307861,240
862,2022,2,28,58,29.775954246520996,0.9027165770530701,257
863,2022,2,78,84,36.85900020599365,0.7766722440719604,261
864,2022,2,82,89,46.04684066772461,0.8304909467697144,264
865,2022,2,81,84,81.62422943115234,0.7082741260528564,267
866,2022,3,80,95,90.38174676895142,0.6847371459007263,262
867,2022,3,67,140,92.64621639251709,0.8924484252929688,331
868,2022,3,68,150,115.0680639743805,0.9454797506332397,365
869,2022,1,56,46,48.638023376464844,0.72270667552948,251
870,2022,1,63,55,44.150787353515625,0.8291811943054199,265
871,2022,1,31,41,36.57658004760742,0.9599257111549377,240
872,2022,1,34,43,36.81467056274414,0.8868127465248108,238
873,2022,1,58,50,43.34087371826172,0.9187262654304504,245
874,2022,1,69,57,58.76305389404297,0.862837553024292,259
875,2022,1,57,45,46.61095428466797,0.844164252281189,254
876,2022,1,61,48,51.1348991394043,0.9255956411361694,254
877,2022,1,61,58,58.219635009765625,0.8951641917228699,263
878,2022,1,72,64,56.846370697021484,0.8812164664268494,253
879,2022,2,68,102,86.21766090393066,0.8824370503425598,265
880,2022,2,66,90,83.47203826904297,0.9018211364746094,266
881,2022,2,75,138,160.74419784545898,0.9660770893096924,313
882,2022,3,66,141,153.20267868041992,0.8078721761703491,290
883,2022,3,66,123,68.7399754524231,0.8412500619888306,365
884,2022,3,69,177,97.35649836063385,0.7481101751327515,342
885,2022,2,69,103,76.36363983154297,0.9225804805755615,265
886,2022,2,64,101,86.54291534423828,0.9192666411399841,261
887,2022,2,61,130,73.11417579650879,0.770645797252655,365
888,2022,3,68,152,115.86157250404358,0.871252179145813,365
889,2022,2,40,83,34.12538719177246,0.9080913662910461,271
890,2022,3,31,85,52.296040534973145,0.8024604320526123,272
891,2022,2,72,157,73.90404891967773,0.8127882480621338,365
892,2022,2,68,139,84.19160079956055,0.7592293620109558,365
893,2022,2,42,89,53.28581142425537,0.9642615914344788,272
894,2022,2,54,105,64.53559112548828,0.9074819684028625,285
895,2022,1,71,67,63.061729431152344,0.7714551091194153,278
896,2022,1,97,73,56.01422882080078,0.6641219854354858,274
897,2022,2,61,101,59.525086402893066,0.9792699217796326,275
898,2022,3,62,115,86.276123046875,0.8782489895820618,272
899,2022,2,77,96,72.10819244384766,0.9184935688972473,267
900,2022,2,76,109,92.00865173339844,0.9135522246360779,266
901,2022,2,65,76,65.67635583877563,0.8619377613067627,263
902,2022,1,117,100,54.61240005493164,0.921912431716919,297
903,2022,2,36,80,53.35325622558594,1.0,265
904,2022,2,38,78,48.008761405944824,0.9529561400413513,264
905,2022,3,40,98,67.42315292358398,0.8964459896087646,266
906,2022,3,51,128,30.33520793914795,0.9595335721969604,327
907,2022,2,55,76,47.74477577209473,0.9814361333847046,264
908,2022,2,60,84,46.24215316772461,0.9959182739257812,272
909,2022,2,65,106,83.03895378112793,0.9014194011688232,269
910,2022,2,62,93,62.600677490234375,0.7807886004447937,270
911,2022,2,36,63,42.870670318603516,0.9380362629890442,262
912,2022,2,34,55,38.67077922821045,0.80564284324646,263
913,2022,2,64,102,50.03120803833008,0.9949035048484802,276
914,2022,3,46,101,52.17330074310303,0.855040967464447,270
915,2022,3,38,98,36.79020977020264,1.0,273
916,2022,2,27,79,57.46495819091797,0.6108724474906921,295
917,2022,1,61,63,50.65277099609375,0.864907443523407,279
918,2022,1,145,127,48.73057174682617,0.9167337417602539,333
919,2022,2,87,126,40.839003562927246,0.880149245262146,328
920,2022,1,140,101,48.55864334106445,0.9786328077316284,326
921,2022,4,53,127,101.88756561279297,0.9535109400749207,286
922,2022,4,27,100,76.44130802154541,0.9902494549751282,284
923,2022,4,33,126,113.42603492736816,0.9498182535171509,285
924,2022,3,28,76,93.79818725585938,0.7011683583259583,328
925,2022,2,103,198,80.27632522583008,0.7971063852310181,365
926,2022,4,67,157,101.16331386566162,0.8331245183944702,350
927,2022,1,65,68,64.48186492919922,0.9267352223396301,282
928,2022,2,62,80,57.71958041191101,0.9682343602180481,308
929,2022,1,24,111,12.236976623535156,1.0,365
930,2022,3,134,154,59.15026140213013,0.8160795569419861,340
931,2022,6,33,147,135.41399765014648,0.9703648090362549,345
932,2022,4,28,96,90.97170448303223,0.8542493581771851,327
933,2022,2,37,109,17.4692645072937,0.7710691690444946,365
934,2022,3,58,132,80.36611485481262,0.4217382073402405,365
935,2022,2,110,129,42.602309226989746,0.912381649017334,346
936,2022,2,136,171,54.97018051147461,0.8606452941894531,365
937,2022,2,50,104,57.797558307647705,1.0,329
938,2022,2,99,142,52.09149742126465,0.9428980350494385,365
939,2022,6,32,136,135.34294319152832,0.9656179547309875,365
940,2022,4,29,111,106.48758554458618,0.7887970805168152,335
941,2022,2,24,51,50.681514739990234,0.6849175691604614,286
942,2022,3,24,77,36.83912515640259,0.7726420164108276,316
943,2022,3,60,103,96.9150162935257,0.5557182431221008,332
944,2022,3,59,107,92.98902130126953,0.5381332039833069,336
945,2022,2,42,96,33.28695726394653,0.9514758586883545,336
946,2022,2,27,68,40.149561405181885,0.9563145637512207,318
947,2022,2,49,125,36.022215843200684,0.8853563070297241,365
948,2022,3,30,96,71.6453959941864,0.9885720610618591,315
949,2022,4,37,117,151.94045734405518,0.8237300515174866,342
950,2022,4,28,105,80.91629147529602,0.9652209281921387,321
951,2022,2,30,88,57.67229080200195,0.7890698313713074,320
952,2022,2,57,131,48.09619331359863,0.7856706380844116,346
953,2022,3,58,116,91.45241832733154,0.5014525055885315,343
954,2022,3,59,92,83.09246397018433,0.6026782989501953,346
955,2022,3,59,100,81.85080528259277,0.5744021534919739,350
956,2022,3,59,115,111.59608745574951,0.5474178791046143,336
957,2022,4,33,108,99.73218178749084,0.8072417378425598,332
958,2022,5,28,104,61.74533653259277,0.9903035163879395,331
959,2022,3,88,132,60.42710590362549,0.9718537926673889,365
960,2022,3,83,120,70.32701396942139,0.9977306127548218,365
961,2022,5,38,126,133.69369888305664,0.9479048848152161,365
962,2022,4,35,101,72.36821603775024,0.6934404373168945,365
963,2022,3,41,105,68.30371379852295,1.0,326
964,2022,3,40,113,76.47291374206543,0.9549046158790588,358
965,2022,2,68,154,51.14057922363281,0.8338879346847534,365
966,2022,3,43,112,72.08551502227783,1.0,317
967,2022,3,41,122,67.3336911201477,1.0,331
968,2022,4,34,102,111.12216758728027,0.7796772718429565,349
969,2022,4,30,122,83.1337308883667,0.9703425765037537,338
970,2022,2,88,116,44.30971145629883,1.0,365
971,2022,4,41,120,58.34096908569336,0.8382489681243896,365
972,2022,3,60,110,90.42602300643921,0.7351638078689575,338
973,2022,2,41,115,40.111403942108154,0.6256443858146667,354
974,2022,3,89,135,55.50990915298462,0.8937281966209412,365
975,2022,2,88,131,43.455177307128906,0.9116250276565552,365
976,2022,2,81,127,52.184207916259766,0.8978945016860962,365
977,2022,4,36,103,48.33353281021118,0.960041344165802,365
978,2022,3,42,128,28.908416271209717,0.9917206168174744,328
979,2022,3,35,91,38.07315540313721,0.9977113008499146,325
980,2022,3,30,122,43.85589265823364,0.9677160382270813,344
981,2022,3,29,121,50.51284694671631,0.9579705595970154,357
982,2022,5,47,134,63.64005970954895,0.9936877489089966,336
983,2022,3,37,103,49.19216251373291,0.9911069273948669,345
984,2022,2,53,112,35.377081871032715,0.6336432099342346,365
985,2022,3,21,117,31.493777751922607,0.6359736323356628,365
986,2022,2,21,129,33.26559782028198,0.49516427516937256,365
987,2022,3,29,109,30.578030586242676,0.581833004951477,365
988,2022,3,41,124,85.04373550415039,1.0,365
989,2022,3,41,124,77.66774654388428,0.9986129403114319,365
990,2022,2,136,141,49.58893013000488,0.8893238306045532,365
991,2022,3,39,93,39.60399055480957,0.8855109810829163,365
992,2022,2,30,129,34.317426681518555,0.6910874247550964,365
993,2022,2,30,135,36.93198204040527,0.7806198000907898,365
994,2022,3,40,98,53.13315391540527,1.0,365
995,2022,3,40,87,39.334232330322266,1.0,365
996,2022,4,45,124,62.393900871276855,0.9946951270103455,365
997,2022,3,32,101,45.53588676452637,0.9515687823295593,365
998,2022,2,26,96,25.56855869293213,0.9812898635864258,362
999,2022,2,22,93,17.701310634613037,0.8776350617408752,365
1000,2022,2,29,97,17.827823638916016,0.5530373454093933,365
1001,2022,2,32,112,29.4661283493042,0.7270592451095581,365
1002,2022,3,26,107,33.51165223121643,0.96197909116745,365
1003,2022,1,28,85,15.912841796875,0.5773473978042603,365
1004,2022,3,30,100,48.26569318771362,0.989065945148468,365
1005,2022,3,30,114,50.31803226470947,0.9615100622177124,365
1006,2022,2,30,111,34.58384609222412,0.8534034490585327,365
1007,2022,3,30,111,47.4944429397583,0.8752269148826599,365
1008,2022,4,44,135,83.96292781829834,0.9873859882354736,365
1009,2022,3,42,100,51.66410541534424,0.9893648624420166,365
1010,2022,2,53,163,35.56169128417969,0.5873278379440308,365
1011,2022,2,28,92,15.201955318450928,0.5370672941207886,365
1012,2022,1,23,85,11.33309268951416,0.6947296261787415,365
1013,2022,3,30,124,49.26010990142822,0.8722966909408569,365
1014,2022,2,31,122,38.737548828125,0.8541857004165649,365
1015,2022,1,21,73,6.0163187980651855,0.4590587913990021,365
1016,2022,1,21,83,10.209754943847656,0.5755779147148132,365
1017,2022,1,22,80,14.244108200073242,0.6799329519271851,365
1018,2022,1,21,73,12.547248840332031,0.5556207299232483,365
1019,2022,1,21,97,12.615466117858887,0.5503183603286743,365
1020,2022,1,25,95,11.287206649780273,0.5578362941741943,365
1021,2022,1,22,101,14.539604187011719,0.7762712240219116,365
1022,2022,2,21,86,18.211103439331055,0.4290177524089813,365
1023,2022,2,28,90,23.018169403076172,0.6594647169113159,365
1024,2022,1,18,65,10.993779182434082,0.44419166445732117,365
1025,2022,2,21,103,17.990221977233887,0.4482060372829437,365
1026,2022,1,25,83,14.796167373657227,0.5632739663124084,365
1027,2022,1,26,91,16.323617935180664,0.3781724274158478,365
1028,2022,1,26,89,15.769088745117188,0.5149248838424683,365
1029,2022,2,26,89,31.15173053741455,0.6444945931434631,365
1030,2022,2,32,70,30.696929931640625,0.5490260124206543,365
1031,2022,1,26,72,18.013179779052734,0.4373447299003601,365
1032,2022,2,26,79,34.22578239440918,0.502896785736084,365
1033,2022,2,30,64,63.97094535827637,0.5955588221549988,365
1034,2022,2,29,57,46.1724910736084,0.5899561643600464,365
1035,2022,2,26,67,36.948843002319336,0.5207428932189941,365
1036,2022,0,0,52,0.0,,365
1037,2022,0,0,69,0.0,,365
1038,2022,2,26,107,31.655220985412598,0.45246660709381104,365
1039,2022,2,20,87,19.94512939453125,0.49856504797935486,365
1040,2022,2,25,103,51.19612503051758,0.656968355178833,365
1041,2022,2,87,100,57.41693687438965,0.5754393339157104,365
1042,2022,1,162,131,117.33136749267578,0.6433938145637512,365
1043,2022,2,89,130,95.77884483337402,0.764255940914154,365
1044,2022,1,90,144,73.84165954589844,0.6791864633560181,365
1045,2022,1,194,144,112.36601257324219,0.7295344471931458,365
1046,2022,1,194,126,113.728515625,0.7086803317070007,365
1047,2022,1,156,108,97.7907485961914,0.7741143107414246,365
1048,2022,1,188,155,110.38343811035156,0.7815364599227905,365
1049,2022,1,184,165,119.76876068115234,0.7889392375946045,365
1050,2022,1,193,133,96.67888641357422,0.6536605954170227,365
1051,2022,1,120,120,92.18202209472656,0.7511169910430908,365
1052,2022,1,118,113,72.20249938964844,0.7473871111869812,365
1053,2022,1,200,154,111.06039428710938,0.6799253821372986,365
1054,2022,1,160,142,152.08377075195312,0.6299669146537781,365
1055,2022,1,154,114,68.11979675292969,0.7019004821777344,365
1056,2022,1,79,89,70.75395202636719,0.6779665946960449,365
1057,2022,1,208,131,117.7342758178711,0.7044830322265625,365
1058,2022,1,162,120,136.10137939453125,0.6675726771354675,365
1059,2022,1,162,124,107.75210571289062,0.7370141744613647,365
1060,2022,1,164,154,121.21809387207031,0.8746775388717651,365
1061,2022,3,63,111,54.03773260116577,0.6689748764038086,365
1062,2022,1,181,151,93.24638366699219,0.7685441374778748,365
1063,2022,2,177,123,105.79238700866699,0.7568711638450623,365
1064,2022,1,48,88,60.6375732421875,0.7638705968856812,365
1065,2022,2,49,91,65.76577568054199,0.7808051109313965,365
1066,2022,3,77,124,72.26380777359009,0.8671680092811584,365
1067,2022,3,125,148,71.90151619911194,0.7984837293624878,365
1068,2022,4,47,122,62.51240348815918,0.7013906836509705,365
1069,2022,3,44,103,47.4674015045166,0.8511209487915039,365
1070,2022,3,48,116,65.24689483642578,0.8464385867118835,365
1071,2022,4,41,126,75.2978982925415,0.6747721433639526,365
0,2023,2,128,201,230.484130859375,0.8421109914779663,365
1,2023,2,120,220,405.8693313598633,0.7298184037208557,365
2,2023,3,110,186,297.1899456977844,0.9771280288696289,365
3,2023,2,95,125,187.94570446014404,0.48227837681770325,308
4,2023,3,39,110,139.21188974380493,0.9635926485061646,365
5,2023,3,35,97,104.61962080001831,0.957913339138031,365
6,2023,3,36,102,86.35736751556396,0.9620426297187805,365
7,2023,3,43,117,99.0134105682373,0.8833073377609253,365
8,2023,3,35,107,63.89358425140381,0.801063060760498,365
9,2023,3,40,105,89.48611783981323,0.8246396780014038,365
10,2023,3,36,96,85.19345664978027,0.871255099773407,365
11,2023,4,35,112,98.98400688171387,0.6252663135528564,365
12,2023,4,35,110,106.00383281707764,0.6739588379859924,365
13,2023,2,137,153,146.57662963867188,0.7106999754905701,365
14,2023,2,44,115,104.22263145446777,0.7432001829147339,365
15,2023,2,129,177,216.00626373291016,0.650003969669342,365
16,2023,3,48,133,179.4835262298584,0.7378682494163513,365
17,2023,2,101,146,165.9416961669922,0.7529613375663757,365
18,2023,3,42,108,106.0569314956665,0.7887136340141296,365
19,2023,2,47,100,105.58812713623047,0.8649234771728516,365
20,2023,3,76,135,167.78428840637207,0.8810449242591858,365
21,2023,2,130,132,184.25099182128906,0.9484838843345642,365
22,2023,2,97,157,177.6571273803711,0.9377511739730835,365
23,2023,2,85,136,155.09262466430664,0.8755817413330078,365
24,2023,3,41,111,144.78425979614258,0.8912650346755981,365
25,2023,2,129,138,194.6064453125,0.9142905473709106,365
26,2023,2,85,105,58.29062080383301,0.8161802291870117,365
27,2023,2,126,153,197.05337524414062,0.9305610656738281,365
28,2023,1,66,84,19.393632888793945,0.6857444047927856,365
29,2023,2,132,171,233.50726318359375,0.6990469694137573,365
30,2023,1,220,135,180.31092834472656,0.8550544381141663,365
31,2023,2,42,94,116.35794925689697,0.48102349042892456,365
32,2023,2,62,105,72.01422882080078,0.5825226902961731,365
33,2023,3,67,103,54.54456281661987,0.698436975479126,365
34,2023,1,44,44,59.999427795410156,0.33693695068359375,302
35,2023,2,88,107,61.64153289794922,0.7538779973983765,365
36,2023,2,46,77,74.35569047927856,0.35850104689598083,301
37,2023,2,135,142,58.804378509521484,0.7936781048774719,365
38,2023,1,26,59,35.22264099121094,0.3004509210586548,300
39,2023,2,125,127,62.75096321105957,0.990945041179657,342
40,2023,1,23,35,11.948370933532715,0.5589147806167603,290
41,2023,3,38,93,39.77059054374695,0.9263384342193604,305
42,2023,2,143,144,65.19189071655273,0.9248575568199158,354
43,2023,3,79,125,64.55937194824219,1.0,365
44,2023,3,38,110,54.93439769744873,0.9485913515090942,365
45,2023,4,40,127,49.83727836608887,0.8614585399627686,365
46,2023,4,31,107,54.045326471328735,0.9556624889373779,365
47,2023,3,46,102,27.169514179229736,1.0,328
48,2023,1,72,101,8.910451889038086,0.9428791403770447,332
49,2023,2,30,67,5.67298698425293,0.8528247475624084,313
50,2023,1,58,55,1.890950083732605,0.9499390125274658,294
51,2023,1,72,84,51.77517318725586,0.2764117419719696,252
52,2023,2,33,91,26.229482889175415,0.8121964931488037,324
53,2023,1,73,70,51.39338302612305,0.3432203531265259,236
54,2023,2,27,62,28.34213161468506,0.2715781033039093,290
55,2023,0,0,14,0.0,,243
56,2023,0,0,26,0.0,,261
57,2023,0,0,13,0.0,,224
58,2023,0,0,6,0.0,,211
59,2023,0,0,2,0.0,,209
60,2023,0,0,8,0.0,,202
61,2023,1,29,38,6.738955497741699,0.7226413488388062,201
62,2023,0,0,3,0.0,,217
63,2023,0,0,4,0.0,,231
64,2023,0,0,10,0.0,,228
65,2023,0,0,13,0.0,,227
66,2023,0,0,12,0.0,,219
67,2023,0,0,8,0.0,,216
68,2023,0,0,7,0.0,,212
69,2023,0,0,2,0.0,,222
70,2023,0,0,0,0.0,,224
71,2023,0,0,19,0.0,,285
72,2023,0,0,9,0.0,,291
73,2023,2,32,75,38.03901767730713,0.7643257975578308,365
74,2023,0,0,4,0.0,,299
75,2023,0,0,19,0.0,,316
76,2023,1,28,27,0.9257065057754517,0.7700239419937134,349
77,2023,1,28,41,4.168423652648926,0.6745700240135193,365
78,2023,2,29,50,15.784968852996826,0.7237057685852051,365
79,2023,1,28,32,3.418116331100464,0.684944212436676,365
80,2023,0,0,12,0.0,,311
81,2023,1,25,34,5.838724613189697,0.6396124958992004,365
82,2023,1,21,39,2.0490334033966064,0.5471596717834473,365
83,2023,1,20,25,2.7645516395568848,0.4817589521408081,365
84,2023,1,20,21,2.282520294189453,0.3925436735153198,365
85,2023,2,31,40,12.277019023895264,0.4566338062286377,365
86,2023,2,25,49,7.144398331642151,0.3142719566822052,365
87,2023,1,46,72,6.3413591384887695,0.6084892153739929,365
88,2023,1,19,42,1.0904324054718018,0.4263612926006317,365
89,2023,1,18,41,2.334045171737671,0.6798045635223389,365
90,2023,1,16,41,1.9641258716583252,0.5019071698188782,365
91,2023,2,28,58,8.474181175231934,0.4956128001213074,365
92,2023,2,153,144,26.23188304901123,0.7092728614807129,365
93,2023,1,181,151,49.190364837646484,0.7675492167472839,365
94,2023,2,181,151,71.139967918396,0.7347314953804016,365
95,2023,3,62,100,47.602707386016846,0.8780841827392578,365
96,2023,3,18,67,19.89291548728943,0.8535231351852417,365
97,2023,2,17,56,15.641294479370117,0.7430322766304016,365
98,2023,3,52,106,38.765647411346436,0.9741504192352295,365
99,2023,3,52,107,63.97447919845581,0.8966870307922363,365
100,2023,3,103,169,128.8374309539795,0.9489356279373169,365
101,2023,4,59,140,151.2004737854004,0.9837175011634827,365
102,2023,3,103,151,105.0116958618164,0.9988751411437988,365
103,2023,4,51,135,161.25652503967285,1.0,365
104,2023,3,29,91,53.00866651535034,0.9971267580986023,365
105,2023,2,52,96,109.02258682250977,0.9863093495368958,365
106,2023,2,33,83,60.0961275100708,1.0,365
107,2023,1,53,79,61.0423583984375,1.0,365
108,2023,3,55,137,92.69947093725204,0.9071992039680481,365
109,2023,3,71,145,110.15590381622314,1.0,365
110,2023,3,55,143,87.06445360183716,0.9187132120132446,365
111,2023,1,85,131,87.70819091796875,0.9277896285057068,365
112,2023,1,58,88,77.01460266113281,0.8921453952789307,365
113,2023,3,53,119,81.19064474105835,0.7385010123252869,365
114,2023,3,56,141,104.91352105140686,0.9517733454704285,365
115,2023,3,88,162,145.02747535705566,0.9567522406578064,365
116,2023,3,58,146,164.09059119224548,0.9425808787345886,365
117,2023,3,62,107,130.1725664138794,0.9591659903526306,365
118,2023,3,54,112,135.4919834136963,0.8159304857254028,365
119,2023,1,55,75,116.19876098632812,0.8944790959358215,365
120,2023,3,59,111,142.8746235370636,0.7713611125946045,365
121,2023,2,55,113,105.5865592956543,0.7114812731742859,365
122,2023,3,53,116,96.7166657447815,0.8160837292671204,365
123,2023,3,45,88,59.60670518875122,0.4702824354171753,365
124,2023,2,43,88,98.97434997558594,0.6497194766998291,365
125,2023,2,31,62,67.62368679046631,0.9092311859130859,365
126,2023,3,52,105,100.90337562561035,0.6294621229171753,365
127,2023,1,23,44,16.061872482299805,0.36454635858535767,365
128,2023,3,39,90,66.49184226989746,0.491647332906723,365
129,2023,1,15,38,6.370082378387451,0.3068057596683502,365
130,2023,1,27,44,7.823286056518555,0.3353661298751831,365
131,2023,2,27,51,30.524635314941406,0.7280921936035156,365
132,2023,1,16,91,4.885095596313477,0.42125403881073,365
133,2023,1,15,68,14.630960464477539,0.5470499396324158,365
134,2023,3,30,90,36.48981070518494,0.5964217185974121,365
135,2023,1,21,74,11.623266220092773,0.35592028498649597,365
136,2023,2,30,91,29.78454875946045,0.6063539385795593,365
137,2023,4,37,132,57.286715507507324,0.6071130037307739,365
138,2023,3,37,97,93.9156608581543,0.8456097841262817,365
139,2023,0,0,0,0.0,,0
140,2023,2,143,131,112.16099834442139,0.6225197315216064,365
141,2023,4,59,123,103.72931480407715,0.938610851764679,365
142,2023,2,134,134,160.28056526184082,0.7566313147544861,365
143,2023,3,79,131,161.2802448272705,0.8732476234436035,365
144,2023,3,43,81,64.1852912902832,0.6159567832946777,365
145,2023,3,53,86,70.79967498779297,0.6771895885467529,365
146,2023,1,103,111,54.53826141357422,0.6798170208930969,365
147,2023,3,102,125,115.87743282318115,0.7106167674064636,365
148,2023,2,170,126,72.07226181030273,0.6813878417015076,365
149,2023,3,91,156,111.3034782409668,0.8002701997756958,365
150,2023,2,113,127,126.16720581054688,0.7053617835044861,365
151,2023,2,56,95,65.72754573822021,0.6990624070167542,365
152,2023,3,121,186,306.96833992004395,0.8847241997718811,365
153,2023,3,105,141,187.86258506774902,0.9855949878692627,365
154,2023,3,91,185,202.04832077026367,0.8713707327842712,365
155,2023,3,106,133,211.5651969909668,0.9882052540779114,365
156,2023,3,63,98,54.12066411972046,0.41339173913002014,365
157,2023,2,103,120,70.03204154968262,0.4819715619087219,365
158,2023,3,58,108,154.69347763061523,0.8738987445831299,365
159,2023,2,55,84,138.8805274963379,0.8757921457290649,365
160,2023,3,65,108,85.818359375,0.2850044071674347,365
161,2023,1,29,85,15.193877220153809,0.24939684569835663,365
162,2023,3,133,185,277.34862327575684,0.9185954928398132,365
163,2023,3,43,115,139.53488302230835,0.8932881951332092,365
164,2023,2,87,117,90.66738510131836,0.8303915858268738,365
165,2023,3,91,137,168.04874801635742,0.958873987197876,365
166,2023,3,122,135,182.67381381988525,0.853518545627594,365
167,2023,4,43,136,150.7097454071045,0.7716439962387085,365
168,2023,2,21,61,20.836020469665527,0.18511708080768585,365
169,2023,3,31,89,43.86398506164551,0.23131877183914185,365
170,2023,2,104,94,128.34153747558594,0.8222037553787231,365
171,2023,2,55,94,95.4952278137207,0.7965075373649597,365
172,2023,2,59,85,37.29746723175049,0.6515385508537292,365
173,2023,2,53,83,57.094502449035645,0.7247841954231262,365
174,2023,2,105,98,134.1008701324463,0.6768584251403809,365
175,2023,2,104,109,110.70777702331543,0.6539690494537354,365
176,2023,2,48,81,70.66207122802734,0.5807015299797058,365
177,2023,3,55,98,80.6903018951416,0.6500862240791321,365
178,2023,3,89,133,102.2727518081665,0.2659135162830353,365
179,2023,3,29,94,57.83229732513428,0.3275105655193329,365
180,2023,3,32,85,71.66434288024902,0.3059711456298828,365
181,2023,1,46,77,32.222110748291016,0.3081466257572174,365
182,2023,2,93,100,112.72455215454102,0.8092494010925293,365
183,2023,2,99,109,129.0557804107666,0.8425672054290771,365
184,2023,2,32,65,29.46512460708618,0.22498713433742523,365
185,2023,1,19,40,14.39541244506836,0.17955046892166138,365
186,2023,2,94,95,98.08245277404785,0.6849891543388367,365
187,2023,2,98,100,96.05996513366699,0.6126276254653931,365
188,2023,3,33,85,76.8801794052124,0.39651378989219666,365
189,2023,3,33,98,86.70100021362305,0.3593902885913849,365
190,2023,3,42,123,102.201003074646,0.8677434325218201,365
191,2023,1,104,83,28.156883239746094,0.7566360235214233,365
192,2023,2,38,76,45.39918899536133,0.35426563024520874,365
193,2023,3,66,116,102.78327465057373,0.34309351444244385,365
194,2023,1,53,75,42.27696990966797,0.7979753613471985,365
195,2023,2,59,92,73.39660167694092,0.7744220495223999,365
196,2023,2,73,95,108.27522277832031,0.7812545299530029,365
197,2023,2,52,81,86.66415214538574,0.820347249507904,365
198,2023,3,56,105,78.16249084472656,0.514015257358551,365
199,2023,3,54,106,90.77653884887695,0.49307653307914734,365
200,2023,2,38,68,34.67568111419678,0.36134517192840576,365
201,2023,3,67,121,121.04996490478516,0.3165229856967926,365
202,2023,1,97,87,65.89676666259766,0.5785587430000305,365
203,2023,2,52,80,67.15526580810547,0.588267982006073,365
204,2023,3,57,113,80.2662239074707,0.3969537317752838,365
205,2023,3,58,118,104.19398498535156,0.47339364886283875,365
206,2023,3,36,101,88.66404914855957,0.9002040028572083,365
207,2023,2,52,102,50.76797866821289,0.7501232624053955,365
208,2023,2,109,92,93.3941707611084,0.5921451449394226,365
209,2023,1,28,73,54.16209411621094,0.7611482739448547,365
210,2023,2,108,109,97.94971084594727,0.7465000748634338,365
211,2023,1,109,88,72.93121337890625,0.5509023666381836,365
212,2023,3,48,99,76.25259780883789,0.5433346629142761,365
213,2023,3,52,103,84.72434997558594,0.5468875169754028,365
214,2023,3,49,85,69.89850044250488,0.5955434441566467,365
215,2023,4,29,94,79.13292002677917,0.5134393572807312,365
216,2023,3,111,143,104.47451210021973,0.7645554542541504,365
217,2023,2,63,94,73.33246994018555,0.7940017580986023,365
218,2023,1,251,211,254.70184326171875,0.9012560248374939,365
219,2023,2,79,93,81.470703125,0.7861969470977783,365
220,2023,3,30,78,54.287442207336426,0.4803538918495178,365
221,2023,3,26,69,55.03244590759277,0.49704304337501526,365
222,2023,3,42,89,66.93998718261719,0.5269578099250793,365
223,2023,2,25,72,51.265995025634766,0.5362730026245117,365
224,2023,2,96,120,84.30233955383301,0.6217361092567444,365
225,2023,1,102,86,59.09062957763672,0.5115766525268555,365
226,2023,1,105,90,71.09320068359375,0.569520115852356,365
227,2023,2,61,113,63.218021392822266,0.6633971929550171,365
228,2023,2,61,129,94.62611198425293,0.26826855540275574,365
229,2023,2,61,106,85.42621994018555,0.7576773166656494,365
230,2023,1,132,103,92.89754486083984,0.824830949306488,365
231,2023,1,139,129,114.26896667480469,0.7433579564094543,365
232,2023,1,134,108,106.84069061279297,0.8594111204147339,365
233,2023,1,61,81,66.74517822265625,0.7649288773536682,365
234,2023,1,67,79,56.8415412902832,0.7925901412963867,365
235,2023,1,290,218,216.12643432617188,0.9214853048324585,365
236,2023,3,129,144,83.47869443893433,0.8314500451087952,365
237,2023,2,90,144,155.8530387878418,0.4391624331474304,365
238,2023,1,162,154,209.8131103515625,0.42262041568756104,365
239,2023,3,133,187,152.45294189453125,0.8347068428993225,365
240,2023,3,128,179,149.52597045898438,0.826108455657959,365
241,2023,1,67,80,51.80929946899414,0.9279531240463257,365
242,2023,1,66,80,53.581626892089844,0.8392482995986938,365
243,2023,1,67,77,33.94803237915039,0.7742593884468079,365
244,2023,1,65,85,47.66122055053711,0.9615051746368408,365
245,2023,2,155,176,115.1550235748291,0.8621373176574707,365
246,2023,1,264,244,191.49581909179688,0.7339694499969482,365
247,2023,1,153,101,87.63727569580078,0.6058931946754456,365
248,2023,3,51,103,99.80575370788574,0.619525671005249,365
249,2023,1,67,95,46.14348602294922,0.9271934032440186,365
250,2023,1,67,85,44.15467071533203,0.8443195819854736,365
251,2023,1,66,89,29.94720458984375,0.6844757795333862,365
252,2023,2,67,119,80.32462406158447,0.9118653535842896,365
253,2023,2,164,170,120.45831680297852,0.8251054286956787,365
254,2023,1,132,103,55.158607482910156,0.8076757788658142,365
255,2023,1,249,210,167.5635223388672,0.8757955431938171,365
256,2023,2,150,160,127.55685043334961,0.8480663895606995,365
257,2023,3,64,104,53.253615379333496,0.7691174149513245,365
258,2023,1,67,93,54.814910888671875,0.9205537438392639,365
259,2023,3,64,112,78.54172992706299,0.6575855016708374,365
260,2023,2,46,76,54.41976737976074,0.683283269405365,365
261,2023,1,67,90,55.78036117553711,0.894964873790741,365
262,2023,1,66,101,32.86659622192383,0.9153500199317932,365
263,2023,2,46,75,49.81875038146973,0.7631185054779053,365
264,2023,3,65,117,91.40447902679443,0.7146218419075012,365
265,2023,1,152,121,80.76914978027344,0.805321216583252,365
266,2023,1,83,101,40.44242858886719,0.9295806884765625,365
267,2023,2,156,146,54.58222198486328,0.8854880928993225,365
268,2023,2,66,93,68.34747314453125,0.9038119912147522,365
269,2023,2,65,95,77.49109649658203,0.9203434586524963,365
270,2023,3,98,167,105.71540641784668,0.8456228971481323,365
271,2023,3,102,166,122.24476337432861,0.8443285822868347,365
272,2023,3,94,122,51.906896352767944,0.841639518737793,365
273,2023,3,60,130,55.87283492088318,0.8083231449127197,365
274,2023,1,299,269,253.62933349609375,0.778810977935791,365
275,2023,1,267,244,279.0694274902344,0.7369652986526489,365
276,2023,3,65,128,62.89107811450958,0.8602516651153564,365
277,2023,3,130,151,69.38096284866333,0.8500626087188721,365
278,2023,2,136,166,113.93304061889648,0.8389015197753906,365
279,2023,1,280,231,267.93670654296875,0.7618387341499329,365
280,2023,3,36,97,73.2260513305664,0.7092933654785156,365
281,2023,2,36,88,64.09573364257812,0.7463761568069458,365
282,2023,1,291,263,322.8939514160156,0.6211426854133606,365
283,2023,1,259,235,307.3893737792969,0.7119005918502808,365
284,2023,1,177,127,123.03314208984375,0.6274904608726501,365
285,2023,2,44,99,74.39865112304688,0.6803181767463684,365
286,2023,2,114,118,94.62124252319336,0.5772188901901245,365
287,2023,1,168,138,76.67314147949219,0.45374932885169983,365
288,2023,2,64,105,68.1726188659668,0.7787559032440186,365
289,2023,2,43,99,30.044376373291016,0.6943878531455994,365
290,2023,2,97,128,102.73220443725586,0.553102433681488,365
291,2023,1,162,154,111.56001281738281,0.5723686814308167,365
292,2023,1,65,79,9.372580528259277,0.5777549743652344,365
293,2023,1,249,222,324.8636779785156,0.7703510522842407,365
294,2023,1,94,88,13.058445930480957,0.6722972393035889,365
295,2023,1,271,212,173.93350219726562,0.7190881371498108,365
296,2023,1,157,141,54.89567184448242,0.7550482749938965,365
297,2023,1,150,136,53.777099609375,0.8301013112068176,365
298,2023,1,248,225,177.8384552001953,0.8393966555595398,365
299,2023,1,250,249,305.5408630371094,0.7643148899078369,365
300,2023,3,36,91,70.88615322113037,0.7381308078765869,365
301,2023,1,180,123,87.8429183959961,0.6282712817192078,365
302,2023,1,193,145,109.68751525878906,0.8254255652427673,365
303,2023,1,192,157,143.57859802246094,0.7362738847732544,365
304,2023,1,44,71,13.52824878692627,0.47065144777297974,365
305,2023,1,44,80,21.63563346862793,0.7009735703468323,365
306,2023,2,116,155,72.04427146911621,0.8279212117195129,365
307,2023,3,66,109,81.27333211898804,0.7776910066604614,365
308,2023,3,41,89,69.82496500015259,0.2892395853996277,365
309,2023,1,144,140,120.61624145507812,0.5242412090301514,365
310,2023,0,0,20,0.0,,247
311,2023,0,0,11,0.0,,246
312,2023,2,188,192,112.76836490631104,0.7783681154251099,365
313,2023,2,105,122,95.46317100524902,0.7102205157279968,365
314,2023,0,0,33,0.0,,255
315,2023,1,30,33,2.402678966522217,0.6141419410705566,277
316,2023,2,83,107,55.911155700683594,0.9108606576919556,365
317,2023,2,88,131,54.78020095825195,0.9743261337280273,365
318,2023,2,22,47,6.823637962341309,0.9929599165916443,287
319,2023,1,23,37,11.744382858276367,0.2959292531013489,271
320,2023,2,32,72,4.752959251403809,0.3184037506580353,365
321,2023,3,85,135,84.90809917449951,0.9779137372970581,365
322,2023,1,16,21,1.8947584629058838,0.37183523178100586,365
323,2023,4,44,119,63.42587757110596,0.9340690970420837,365
324,2023,1,187,218,150.27255249023438,0.9050047993659973,365
325,2023,1,233,243,291.00146484375,0.75260329246521,365
326,2023,1,251,240,291.3048400878906,0.784196674823761,365
327,2023,2,168,188,120.18220138549805,0.6582937836647034,365
328,2023,1,208,178,191.97906494140625,0.7949087619781494,365
329,2023,2,60,106,80.6953239440918,0.7449876666069031,365
330,2023,2,93,136,99.04892349243164,0.5606801509857178,365
331,2023,1,185,167,158.55593872070312,0.8339732885360718,365
332,2023,2,111,140,109.98996925354004,0.6094201803207397,365
333,2023,1,249,249,317.7625732421875,0.8060961961746216,365
334,2023,1,233,244,267.9743957519531,0.8387154340744019,365
335,2023,1,71,69,7.840824127197266,0.6979310512542725,306
336,2023,2,16,51,1.7544224858283997,0.46326231956481934,313
337,2023,2,129,195,83.16278076171875,0.8004017472267151,365
338,2023,3,150,199,111.5436019897461,0.8438456654548645,365
339,2023,1,212,246,245.9936065673828,0.9159792065620422,365
340,2023,1,234,256,304.8297119140625,0.9238736629486084,365
341,2023,1,142,145,60.40940856933594,0.6512925028800964,365
342,2023,2,49,77,32.6428542137146,0.7775153517723083,365
343,2023,2,44,67,26.922022819519043,0.7556442618370056,365
344,2023,1,48,75,14.397194862365723,0.6381015777587891,365
345,2023,1,67,88,15.637090682983398,0.5641459226608276,365
346,2023,0,0,17,0.0,,365
347,2023,1,21,32,0.6464175581932068,0.2743722200393677,365
348,2023,1,119,129,12.326544761657715,0.8434146642684937,355
349,2023,3,119,133,43.36771488189697,0.84794682264328,365
350,2023,2,102,96,91.77032566070557,0.6455942392349243,365
351,2023,4,32,99,56.469643354415894,0.739729642868042,365
352,2023,2,38,88,9.015606880187988,0.7601045966148376,365
353,2023,1,15,40,2.2586510181427,0.4703439474105835,332
354,2023,2,41,87,31.608753204345703,0.6742828488349915,365
355,2023,2,39,88,31.83702278137207,0.9780557751655579,365
356,2023,3,80,126,40.30953073501587,0.8430201411247253,365
357,2023,2,38,75,4.136494517326355,0.7707003355026245,365
358,2023,3,86,111,20.8878333568573,0.8151014447212219,336
359,2023,1,59,87,7.729222774505615,0.8649123311042786,317
360,2023,3,37,113,43.77752685546875,0.5143385529518127,365
361,2023,2,95,122,52.66196632385254,0.7193652391433716,365
362,2023,3,60,105,86.47947311401367,0.7693389058113098,365
363,2023,1,105,101,62.88904571533203,0.822013795375824,365
364,2023,2,39,89,29.453707695007324,0.890763521194458,365
365,2023,2,64,78,28.469690322875977,0.7952743172645569,365
366,2023,4,150,216,229.17234420776367,0.8457218408584595,365
367,2023,4,173,223,229.47154188156128,0.7301837801933289,365
368,2023,2,169,229,176.61667442321777,0.7884930968284607,365
369,2023,2,169,213,183.1400604248047,0.7482327818870544,365
370,2023,3,77,118,114.54014587402344,0.7539749145507812,365
371,2023,1,189,140,128.42144775390625,0.7832778692245483,365
372,2023,2,98,94,56.55296277999878,0.8289785385131836,365
373,2023,1,98,82,42.08647918701172,0.7214818000793457,365
374,2023,1,73,81,36.612361907958984,0.8908316493034363,365
375,2023,1,161,138,114.69810485839844,0.6608255505561829,365
376,2023,0,0,37,0.0,,271
377,2023,0,0,42,0.0,,311
378,2023,0,0,50,0.0,,293
379,2023,0,0,42,0.0,,292
380,2023,1,33,55,2.1830191612243652,0.5288384556770325,323
381,2023,1,19,56,6.875251293182373,0.20623385906219482,293
382,2023,3,24,87,42.187089920043945,0.6300169229507446,365
383,2023,3,64,124,84.75073623657227,0.4865654706954956,365
384,2023,3,51,118,52.804213523864746,0.6400854587554932,365
385,2023,3,104,181,107.09754276275635,0.8973681926727295,365
386,2023,3,104,187,114.32104206085205,0.8451445698738098,365
387,2023,1,20,60,2.286719560623169,0.7402229905128479,286
388,2023,1,16,37,1.1995580196380615,0.6024109721183777,266
389,2023,2,58,77,31.65985631942749,0.6029176115989685,365
390,2023,2,45,76,31.64988136291504,0.8032346367835999,365
391,2023,2,43,96,37.130194664001465,0.8088681101799011,365
392,2023,3,47,99,27.462932109832764,0.6288299560546875,365
393,2023,3,169,215,199.91741371154785,0.7722961902618408,365
394,2023,5,82,200,192.1443853378296,0.6926693916320801,365
395,2023,1,79,120,32.48912811279297,0.5963954925537109,365
396,2023,1,103,100,40.57807159423828,0.6969457268714905,365
397,2023,2,95,116,57.67912483215332,0.8683696389198303,365
398,2023,1,96,94,32.84828567504883,0.8308908939361572,365
399,2023,1,18,44,3.6630373001098633,0.9894906282424927,279
400,2023,1,25,63,3.2420806884765625,0.8279571533203125,266
401,2023,4,98,205,141.0756732225418,0.8249381184577942,365
402,2023,3,128,199,132.59522438049316,0.6405841708183289,365
403,2023,1,26,29,1.158129096031189,0.5820946097373962,222
404,2023,1,16,14,1.175917387008667,0.6419428586959839,204
405,2023,1,64,61,14.226282119750977,0.8008541464805603,254
406,2023,1,40,49,3.6977381706237793,0.42304322123527527,262
407,2023,2,44,68,35.193641662597656,0.8828272223472595,365
408,2023,2,55,81,46.62875556945801,0.8586701154708862,365
409,2023,1,25,34,5.518737316131592,0.41977399587631226,222
410,2023,0,0,17,0.0,,216
411,2023,1,15,15,0.9788628220558167,0.4299314022064209,202
412,2023,0,0,9,0.0,,186
413,2023,2,80,105,66.87182998657227,0.8503907322883606,365
414,2023,2,79,102,57.52865266799927,0.8492327332496643,365
415,2023,4,147,197,117.77605593204498,0.6147227883338928,365
416,2023,3,62,152,111.88724136352539,0.7286650538444519,316
417,2023,2,53,104,45.47910499572754,0.48043063282966614,365
418,2023,4,40,123,52.32701897621155,0.7358065247535706,301
419,2023,1,130,132,54.89595413208008,0.4356441795825958,365
420,2023,1,105,104,74.4609603881836,0.42709359526634216,348
421,2023,1,98,105,57.73923873901367,0.38292238116264343,365
422,2023,2,47,111,38.549293518066406,0.7950959205627441,314
423,2023,1,93,102,45.20600509643555,0.42402857542037964,365
424,2023,1,96,104,54.88420104980469,0.7835886478424072,365
425,2023,3,129,180,114.83959102630615,0.8591148257255554,329
426,2023,2,76,173,67.66378879547119,0.6988142728805542,365
427,2023,2,95,125,64.28966236114502,0.8492913842201233,365
428,2023,1,94,102,46.590572357177734,0.6182383298873901,365
429,2023,1,25,41,14.197981834411621,0.8948808312416077,365
430,2023,2,24,54,13.693175315856934,0.8584166169166565,365
431,2023,1,39,68,7.316385746002197,0.8834092617034912,276
432,2023,1,143,135,78.84979248046875,0.6103917360305786,365
433,2023,2,33,76,24.0440673828125,0.9829937219619751,266
434,2023,2,55,110,66.61203956604004,0.6158171892166138,365
435,2023,0,0,43,0.0,,248
436,2023,1,20,55,5.855533123016357,0.7881972193717957,243
437,2023,2,199,210,130.80005645751953,0.6814653873443604,365
438,2023,3,98,189,116.31058979034424,0.8046650886535645,365
439,2023,3,103,208,118.75375652313232,0.9049739837646484,365
440,2023,2,93,154,55.62568998336792,0.9452193379402161,338
441,2023,1,17,25,1.4893118143081665,0.463593989610672,236
442,2023,0,0,26,0.0,,247
443,2023,0,0,23,0.0,,258
444,2023,0,0,19,0.0,,240
445,2023,2,69,108,60.05464839935303,0.6489531993865967,365
446,2023,1,96,104,57.713592529296875,0.44012534618377686,355
447,2023,1,133,133,85.25425720214844,0.7870373725891113,365
448,2023,2,55,118,55.90595245361328,0.7093063592910767,365
449,2023,1,24,31,12.767419815063477,0.783049464225769,365
450,2023,2,30,83,48.466121673583984,0.5220261216163635,269
451,2023,2,131,126,149.66170835494995,0.8480162620544434,365
452,2023,4,37,101,67.54184913635254,0.9666128158569336,285
453,2023,2,62,110,79.54464912414551,0.5547751784324646,365
454,2023,3,92,204,150.44607639312744,0.8284515738487244,365
455,2023,2,35,62,18.886624336242676,0.9211937785148621,263
456,2023,1,36,52,8.488101959228516,0.9360301494598389,254
457,2023,2,193,102,138.3219976425171,0.759360134601593,365
458,2023,2,78,86,50.13664150238037,0.634361982345581,365
459,2023,3,27,75,41.017847537994385,0.9524604678153992,286
460,2023,3,49,97,68.20355153083801,0.7709113359451294,303
461,2023,1,25,32,12.332179069519043,0.8909347653388977,365
462,2023,3,130,194,227.22216701507568,0.8826907277107239,365
463,2023,1,66,88,40.18862533569336,0.45459505915641785,365
464,2023,3,100,173,102.0631537437439,0.6773233413696289,365
465,2023,2,66,109,58.59812641143799,0.9460931420326233,365
466,2023,2,83,115,59.57520818710327,0.5339372754096985,365
467,2023,2,106,151,83.37917947769165,0.726050615310669,365
468,2023,1,20,20,6.6512532234191895,0.8582534193992615,217
469,2023,0,0,8,0.0,,217
470,2023,3,80,131,75.87825298309326,0.684844434261322,365
471,2023,3,31,62,20.22445797920227,0.8726505041122437,236
472,2023,1,16,43,2.6286697387695312,0.7310694456100464,243
473,2023,3,31,93,36.62949800491333,0.6886122226715088,365
474,2023,1,98,112,53.005653381347656,0.42743805050849915,325
475,2023,1,89,74,42.675045013427734,0.5127001404762268,322
476,2023,0,0,13,0.0,,224
477,2023,0,0,24,0.0,,270
478,2023,1,134,119,55.64598846435547,0.5767920613288879,365
479,2023,1,134,115,73.23318481445312,0.7297283411026001,365
480,2023,2,50,87,50.74597406387329,0.7667324542999268,299
481,2023,2,66,99,65.4417359828949,0.6894104480743408,318
482,2023,1,20,20,4.258477687835693,0.710368275642395,219
483,2023,0,0,9,0.0,,229
484,2023,3,47,92,55.7407431602478,0.9545280337333679,304
485,2023,3,34,82,45.022353172302246,0.9618615508079529,287
486,2023,0,0,8,0.0,,222
487,2023,0,0,26,0.0,,251
488,2023,0,0,10,0.0,,210
489,2023,0,0,12,0.0,,229
490,2023,2,49,74,38.8057074546814,0.9453119039535522,298
491,2023,2,66,94,61.68732213973999,0.9854000210762024,299
492,2023,2,113,140,93.52529430389404,0.8198214769363403,365
493,2023,2,39,106,45.01423645019531,0.5147141814231873,329
494,2023,0,0,12,0.0,,217
495,2023,1,47,76,20.632339477539062,0.3467106223106384,227
496,2023,3,92,127,78.94285440444946,0.7941452264785767,313
497,2023,3,49,84,45.46536064147949,0.9499458074569702,309
498,2023,2,84,130,86.41058731079102,0.650449812412262,365
499,2023,2,63,127,100.62395286560059,0.5670667290687561,365
500,2023,1,20,20,6.458104610443115,0.8179168701171875,233
501,2023,0,0,9,0.0,,250
502,2023,2,84,135,126.71012878417969,0.700583279132843,365
503,2023,2,64,114,114.10911560058594,0.6695603132247925,365
504,2023,2,38,63,20.716530799865723,0.6757937073707581,231
505,2023,2,58,72,23.947301864624023,1.0,236
506,2023,1,40,75,42.131103515625,0.3286951780319214,281
507,2023,3,28,81,28.801061153411865,0.9984674453735352,290
508,2023,3,103,148,100.37323331832886,0.7945713996887207,365
509,2023,3,47,107,74.10699915885925,1.0,343
510,2023,0,0,4,0.0,,261
511,2023,0,0,9,0.0,,271
512,2023,2,47,100,73.73659133911133,0.6228448152542114,323
513,2023,2,42,107,68.61533546447754,0.5084071159362793,313
514,2023,2,93,134,101.14543914794922,0.5955139398574829,305
515,2023,2,50,99,52.05447578430176,0.3306194841861725,305
516,2023,2,138,139,77.01797485351562,0.9304342269897461,350
517,2023,1,59,80,49.08916091918945,0.45919904112815857,365
518,2023,2,41,84,44.7062873840332,0.34425097703933716,266
519,2023,1,20,41,3.763850450515747,0.12411194294691086,234
520,2023,2,66,177,102.63335418701172,0.6848659515380859,365
521,2023,3,76,204,113.70107746124268,0.8437376022338867,365
522,2023,3,67,114,67.25264596939087,0.41460680961608887,257
523,2023,3,25,70,25.020385026931763,0.34521839022636414,244
524,2023,2,94,154,121.60274887084961,0.5852665901184082,316
525,2023,2,38,106,66.25189781188965,0.5600125193595886,316
526,2023,1,40,67,34.761962890625,0.3967982530593872,365
527,2023,2,55,91,53.350470542907715,0.6639289259910583,354
528,2023,2,18,49,7.618305206298828,0.5339374542236328,223
529,2023,0,0,30,0.0,,234
530,2023,2,39,87,51.8532829284668,0.35209712386131287,272
531,2023,2,64,80,49.142751693725586,0.9735260605812073,284
532,2023,3,134,89,80.82130286097527,0.5592993497848511,339
533,2023,1,76,75,44.30731201171875,0.23183877766132355,331
534,2023,1,29,55,21.18134880065918,0.5202690362930298,219
535,2023,1,16,30,8.988119125366211,0.40170207619667053,210
536,2023,1,133,109,83.85404968261719,0.3582537770271301,307
537,2023,1,127,105,110.18665313720703,0.4375913143157959,304
538,2023,3,56,110,53.678154706954956,0.7325894832611084,356
539,2023,2,54,79,35.26770496368408,0.20699962973594666,340
540,2023,2,53,129,90.0304183959961,0.2561502754688263,292
541,2023,1,78,88,75.1508560180664,0.37469473481178284,292
542,2023,3,211,161,391.32553339004517,0.9057665467262268,365
543,2023,1,170,98,230.07098388671875,0.4072722792625427,339
544,2023,1,194,184,139.828857421875,0.8367286920547485,365
545,2023,2,85,146,108.88006591796875,0.7060230374336243,365
546,2023,3,55,131,137.18341827392578,0.4207039475440979,303
547,2023,3,50,125,93.46038341522217,0.521528959274292,297
548,2023,2,40,73,38.202802658081055,0.5063299536705017,220
549,2023,2,27,57,25.335432052612305,0.5952449440956116,212
550,2023,1,102,284,119.22811126708984,0.6671819090843201,365
551,2023,2,128,261,138.86391639709473,0.912344753742218,365
552,2023,2,128,251,149.70486307144165,0.9247286915779114,365
553,2023,2,143,67,108.85352730751038,0.27549779415130615,304
554,2023,1,62,49,55.469970703125,0.20451223850250244,313
555,2023,3,44,115,67.13375663757324,0.5103544592857361,257
556,2023,3,29,93,42.66382694244385,0.521341860294342,256
557,2023,2,95,279,124.55829048156738,1.0,365
558,2023,2,94,256,99.20319080352783,0.983354926109314,365
559,2023,4,159,197,262.99987637996674,0.9637018442153931,351
560,2023,2,172,126,286.0517820417881,0.9078285098075867,346
561,2023,1,127,96,130.9482879638672,0.30211126804351807,297
562,2023,2,129,139,141.27675914764404,0.42248988151550293,293
563,2023,1,24,40,4.766687393188477,0.2849472165107727,198
564,2023,2,30,58,38.4466609954834,0.6333004236221313,204
565,2023,1,22,41,8.423270225524902,0.37147989869117737,234
566,2023,1,28,46,15.790260314941406,0.38842910528182983,236
567,2023,1,24,54,9.576972961425781,0.34756502509117126,257
568,2023,1,21,48,7.522616386413574,0.5522241592407227,203
569,2023,1,107,107,125.18400573730469,0.6895926594734192,281
570,2023,1,41,73,64.12706756591797,0.45647892355918884,281
571,2023,1,198,96,191.52903747558594,0.4427664279937744,287
572,2023,1,137,92,162.8513641357422,0.37851667404174805,285
573,2023,2,71,159,115.57880783081055,0.8424469232559204,365
574,2023,3,85,186,235.52101373672485,0.6690255999565125,365
575,2023,2,50,93,70.94569396972656,0.33985671401023865,281
576,2023,3,29,74,44.04872679710388,0.5175772309303284,280
577,2023,1,198,96,201.2657012939453,0.27962419390678406,313
578,2023,1,167,88,178.006591796875,0.2756710350513458,304
579,2023,2,50,84,30.57364147901535,0.7685697674751282,267
580,2023,1,41,48,13.563703536987305,0.5261836051940918,277
581,2023,1,146,90,192.523193359375,0.46942177414894104,309
582,2023,1,87,74,169.3076171875,0.43344682455062866,312
583,2023,2,104,131,149.93362426757812,0.5800760388374329,271
584,2023,1,64,71,75.18645477294922,0.4319753050804138,268
585,2023,3,132,208,91.58190202713013,0.9788774847984314,365
586,2023,3,77,175,182.29333019256592,0.5863798260688782,365
587,2023,3,58,147,113.50876712799072,0.5103806257247925,365
588,2023,2,129,228,95.48900151252747,0.9441227912902832,365
589,2023,1,169,89,188.21768188476562,0.36248841881752014,301
590,2023,1,199,96,284.61553955078125,0.47004520893096924,308
591,2023,2,78,230,49.16138935089111,0.9150387048721313,365
592,2023,2,86,240,75.41449880599976,0.9265332221984863,365
593,2023,1,186,101,286.34033203125,0.4588162302970886,300
594,2023,1,196,102,261.21881103515625,0.4598594903945923,298
595,2023,2,42,95,76.87948036193848,0.4224523901939392,279
596,2023,2,46,96,113.34025573730469,0.5519306659698486,276
597,2023,2,24,53,23.658209800720215,0.48854976892471313,250
598,2023,3,26,68,27.927785396575928,0.6146541833877563,245
599,2023,1,28,19,3.9231061935424805,0.8122133016586304,291
600,2023,1,42,36,9.065919876098633,0.6405943036079407,322
601,2023,2,103,122,104.63322591781616,0.4507454037666321,267
602,2023,3,63,84,70.25718283653259,0.4298860728740692,264
603,2023,2,30,56,27.412696838378906,0.7291511297225952,195
604,2023,3,43,119,39.327505111694336,0.7230697870254517,325
605,2023,2,25,54,17.851492881774902,0.48026207089424133,242
606,2023,2,25,51,22.145225524902344,0.5234940052032471,241
607,2023,2,29,61,29.51684069633484,0.47593700885772705,236
608,2023,3,30,60,31.75805103778839,0.40542149543762207,229
609,2023,2,64,173,46.16141939163208,0.8748440146446228,365
610,2023,2,72,177,39.06898212432861,0.9007664322853088,365
611,2023,2,149,128,210.4997787475586,0.33325663208961487,326
612,2023,2,77,147,150.92581176757812,0.386051207780838,335
613,2023,1,108,91,123.53042602539062,0.30580854415893555,281
614,2023,1,114,122,131.14540100097656,0.3620132803916931,275
615,2023,3,93,195,227.4640326499939,0.6946640014648438,365
616,2023,3,74,176,98.95401573181152,0.9178345799446106,365
617,2023,2,31,56,6.310181140899658,0.8376678824424744,327
618,2023,1,31,48,5.218756198883057,0.8644649386405945,320
619,2023,1,33,67,51.91503143310547,0.3695767819881439,273
620,2023,1,33,45,55.40443420410156,0.3966712951660156,272
621,2023,3,44,91,81.20577669143677,0.6844192147254944,222
622,2023,3,30,80,54.19694185256958,0.5260440707206726,234
623,2023,1,47,72,57.75334167480469,0.3441665470600128,258
624,2023,1,25,49,3.062594413757324,0.33292388916015625,329
625,2023,1,28,43,1.933976173400879,0.664202868938446,365
626,2023,2,64,93,100.7979736328125,0.4420275390148163,262
627,2023,2,55,87,103.1527156829834,0.4650152027606964,268
628,2023,1,33,46,63.70360565185547,0.46905672550201416,271
629,2023,0,0,37,0.0,,347
630,2023,2,17,42,4.43107008934021,0.48635050654411316,365
631,2023,1,117,78,90.89949798583984,0.4312010407447815,273
632,2023,2,41,67,51.45852279663086,0.9203993678092957,195
633,2023,3,57,115,41.71499156951904,0.8973184823989868,271
634,2023,2,95,85,90.51891136169434,0.422870934009552,272
635,2023,1,142,105,156.33285522460938,0.48197683691978455,287
636,2023,1,133,103,186.53607177734375,0.5327602624893188,284
637,2023,3,46,173,48.978187084198,1.0,365
638,2023,3,80,163,132.4316029548645,0.9889183044433594,365
639,2023,1,129,91,145.1082763671875,0.4257548749446869,274
640,2023,1,107,92,115.1148681640625,0.3555363714694977,275
641,2023,2,44,77,75.31985855102539,0.7893762588500977,207
642,2023,2,41,67,42.741626262664795,0.9151738882064819,195
643,2023,1,30,52,22.33489418029785,0.22081144154071808,250
644,2023,1,44,69,56.45286178588867,0.3926839828491211,254
645,2023,2,41,83,110.31458473205566,0.5270259380340576,273
646,2023,2,43,81,136.10825729370117,0.5902387499809265,270
647,2023,1,192,107,213.6854248046875,0.5533836483955383,288
648,2023,1,134,105,171.29296875,0.5242934823036194,286
649,2023,2,43,75,57.92495536804199,0.8730753660202026,200
650,2023,2,30,63,54.48358154296875,0.9455518126487732,201
651,2023,2,96,100,135.32307291030884,0.5294193625450134,273
652,2023,2,67,90,106.93018054962158,0.4484710395336151,270
653,2023,3,62,175,96.18943119049072,1.0,365
654,2023,2,161,129,247.21660614013672,0.519398033618927,324
655,2023,1,136,69,190.1171112060547,0.5112104415893555,305
656,2023,3,60,139,86.86968803405762,0.9908086061477661,356
657,2023,3,62,176,107.30858135223389,1.0,365
658,2023,3,61,149,106.75632286071777,0.8401500582695007,365
659,2023,2,37,89,117.83498764038086,0.4773343503475189,270
660,2023,2,53,95,130.67319869995117,0.45186281204223633,259
661,2023,1,19,56,12.722841262817383,0.20975539088249207,250
662,2023,2,41,83,50.5323748588562,0.5310553908348083,255
663,2023,2,104,123,152.94506931304932,0.4590966999530792,266
664,2023,3,61,113,149.0792899131775,0.47929781675338745,263
665,2023,3,53,102,124.47445464134216,0.47639405727386475,257
666,2023,3,53,101,111.81699514389038,0.552203893661499,258
667,2023,1,183,109,244.10887145996094,0.49043649435043335,291
668,2023,1,100,93,128.47015380859375,0.4516068398952484,282
669,2023,2,75,87,183.10032558441162,0.6661355495452881,300
670,2023,1,94,77,183.4824981689453,0.6205675601959229,296
671,2023,2,43,73,58.31844234466553,0.8602882623672485,194
672,2023,2,39,72,54.75712013244629,0.8131160736083984,206
673,2023,2,43,75,53.51458740234375,0.8545783162117004,201
674,2023,2,42,75,52.99211025238037,0.8589249849319458,200
675,2023,2,99,92,108.23603916168213,0.7706693410873413,273
676,2023,1,117,88,95.10479736328125,0.3265606462955475,271
677,2023,3,69,126,92.90061807632446,0.62587571144104,365
678,2023,2,66,128,71.78916645050049,0.8215317726135254,365
679,2023,3,75,155,41.72849655151367,0.8622981309890747,322
680,2023,3,156,151,38.57373285293579,1.0,346
681,2023,1,67,79,114.79918670654297,0.42370209097862244,277
682,2023,2,67,84,119.30064415931702,0.6033372282981873,271
683,2023,2,155,206,59.00129508972168,1.0,365
684,2023,2,160,171,47.17667484283447,1.0,352
685,2023,2,64,97,159.17200088500977,0.4946029484272003,263
686,2023,3,59,102,146.36622166633606,0.4900027811527252,262
687,2023,3,88,131,30.490437507629395,0.9426177740097046,333
688,2023,3,70,149,33.54211688041687,1.0,365
689,2023,2,105,138,35.30136680603027,0.7582423090934753,340
690,2023,2,159,148,27.94897961616516,0.9883731603622437,350
691,2023,2,44,80,70.57950401306152,0.8071328401565552,211
692,2023,2,41,73,62.72043800354004,0.8043980002403259,211
693,2023,2,63,96,151.53470611572266,0.5386279225349426,255
694,2023,3,64,91,132.22536516189575,0.5025462508201599,259
695,2023,3,39,90,59.35261392593384,0.444556325674057,245
696,2023,3,39,84,104.74732828140259,0.7714428305625916,226
697,2023,1,62,90,92.7756118774414,0.5142003893852234,249
698,2023,1,58,81,75.8640365600586,0.4799705743789673,250
699,2023,2,60,98,129.61333847045898,0.509317934513092,255
700,2023,2,58,88,152.0409164428711,0.5777038335800171,254
701,2023,2,44,81,73.66958808898926,0.7621945738792419,212
702,2023,2,36,80,67.92280197143555,0.8976539373397827,227
703,2023,3,31,86,37.94577503204346,0.7567017078399658,356
704,2023,3,86,110,59.055763244628906,1.0,365
705,2023,3,72,161,156.40440273284912,0.938684344291687,365
706,2023,3,78,173,215.9115891456604,1.0,365
707,2023,1,54,64,147.449462890625,0.6374945640563965,293
708,2023,1,46,58,85.95127868652344,0.4696899354457855,282
709,2023,3,53,90,113.25823831558228,0.8081587553024292,259
710,2023,3,53,84,112.28915119171143,0.8919500112533569,256
711,2023,3,55,99,138.77095341682434,0.5359052419662476,254
712,2023,2,60,94,120.79482460021973,0.5350109934806824,253
713,2023,3,35,109,49.23585820198059,0.6186333298683167,365
714,2023,2,67,82,108.28143513202667,0.7092673182487488,273
715,2023,1,65,80,113.86410522460938,0.5092136859893799,273
716,2023,2,65,74,86.92732512950897,0.6090053915977478,272
717,2023,2,41,80,85.41789245605469,0.5664600133895874,249
718,2023,3,41,82,92.85895681381226,0.70792555809021,245
719,2023,2,56,94,87.19879150390625,0.8091458678245544,216
720,2023,2,59,95,79.1219596862793,0.7834609150886536,225
721,2023,1,62,70,63.5697021484375,0.36908164620399475,276
722,2023,1,63,73,89.4858169555664,0.43199819326400757,271
723,2023,2,41,90,94.38716125488281,0.5785674452781677,253
724,2023,2,41,83,117.0889892578125,0.7732158899307251,238
725,2023,2,62,82,125.73687529563904,0.876625657081604,272
726,2023,2,68,86,103.63067865371704,0.725830078125,271
727,2023,1,159,86,140.187744140625,0.4794067442417145,285
728,2023,1,46,57,87.78318786621094,0.49371474981307983,287
729,2023,2,79,106,98.94990921020508,0.5911784172058105,250
730,2023,3,56,107,110.48339986801147,0.6467206478118896,243
731,2023,1,62,70,63.80270767211914,0.35949429869651794,268
732,2023,2,62,74,78.76525086164474,0.5466242432594299,271
733,2023,2,58,84,121.9746196269989,0.6135015487670898,261
734,2023,3,96,97,202.6727786064148,0.8192687630653381,262
735,2023,2,51,89,46.222689628601074,0.7580511569976807,365
736,2023,2,31,100,22.225517511367798,0.5639694333076477,365
737,2023,2,60,103,110.17151069641113,0.4647683799266815,248
738,2023,2,70,123,26.760681867599487,0.9560085535049438,365
739,2023,1,64,87,86.49565124511719,0.47648707032203674,246
740,2023,2,51,102,29.420573234558105,0.9727223515510559,365
741,2023,3,59,123,47.93865203857422,0.9805018901824951,365
742,2023,2,57,110,36.36887836456299,0.9898313283920288,365
743,2023,3,37,83,35.90808427333832,0.980922520160675,365
744,2023,3,50,106,47.989922523498535,1.0,365
745,2023,2,60,106,110.98249053955078,0.9079965949058533,229
746,2023,2,60,96,102.2574462890625,0.7884377241134644,216
747,2023,4,53,145,37.31337308883667,0.9864648580551147,365
748,2023,4,52,102,30.119019985198975,1.0,365
749,2023,2,63,77,155.99241280555725,0.9149436354637146,264
750,2023,1,59,72,136.56158447265625,0.5514722466468811,264
751,2023,2,75,101,114.4316873550415,0.4985877275466919,251
752,2023,2,59,82,66.95966148376465,0.35833343863487244,244
753,2023,2,56,79,115.3824143409729,0.5796851515769958,253
754,2023,3,102,95,189.05441641807556,0.9114473462104797,261
755,2023,2,58,96,95.2905044555664,0.8238670825958252,223
756,2023,2,62,94,122.29903793334961,0.8341013193130493,221
757,2023,3,65,98,198.8915741443634,0.739197313785553,263
758,2023,2,66,93,143.85431218147278,0.9004029631614685,265
759,2023,2,64,102,114.9033088684082,0.8745006322860718,223
760,2023,2,64,103,117.74403762817383,0.8970912098884583,217
761,2023,2,57,98,132.6782112121582,0.8352869153022766,230
762,2023,3,57,109,128.02786016464233,0.8892821073532104,226
763,2023,2,58,92,117.53606414794922,0.39994266629219055,248
764,2023,2,58,99,94.84018898010254,0.3836352229118347,246
765,2023,3,100,92,148.94487166404724,0.9474639296531677,256
766,2023,1,53,71,81.87872314453125,0.5050967335700989,254
767,2023,1,114,87,102.11006927490234,0.433245986700058,275
768,2023,1,118,85,126.1144790649414,0.45833322405815125,275
769,2023,2,56,102,127.8341064453125,0.6859355568885803,242
770,2023,3,42,93,127.68346357345581,0.7998724579811096,228
771,2023,2,58,81,58.14967155456543,0.3649168014526367,247
772,2023,2,58,92,52.124351501464844,0.36499953269958496,245
773,2023,2,161,103,250.31697368621826,0.6809929013252258,273
774,2023,3,114,101,223.84543299674988,0.9468114376068115,267
775,2023,1,39,73,40.215885162353516,0.36630263924598694,245
776,2023,1,64,91,64.31269073486328,0.41965824365615845,248
777,2023,2,66,97,83.5004997253418,0.3529379963874817,247
778,2023,2,62,85,51.98327445983887,0.3933241069316864,245
779,2023,2,48,87,108.72392654418945,0.8968412280082703,220
780,2023,2,57,99,89.31395721435547,0.9536557793617249,215
781,2023,2,58,97,80.44093704223633,1.0,212
782,2023,3,49,99,102.00197625160217,0.9236205816268921,208
783,2023,4,30,109,36.92445635795593,0.9958862662315369,319
784,2023,4,66,147,49.96266007423401,0.9834029078483582,321
785,2023,2,58,91,98.59122848510742,0.3701048195362091,253
786,2023,2,62,96,80.78866577148438,0.4503282606601715,250
787,2023,2,48,92,102.33953094482422,0.9911136627197266,212
788,2023,2,51,94,131.34783554077148,0.6444217562675476,235
789,2023,2,43,91,102.43667221069336,0.9331162571907043,213
790,2023,3,46,105,158.31413507461548,1.0,225
791,2023,4,32,140,39.50499391555786,0.995364248752594,365
792,2023,3,57,137,43.35701632499695,0.9992831349372864,365
793,2023,2,52,98,138.73229217529297,0.6041639447212219,235
794,2023,2,48,94,143.80153274536133,0.6946789026260376,231
795,2023,4,56,167,80.8085629940033,0.9443181753158569,295
796,2023,2,82,124,83.44991302490234,0.8703209161758423,264
797,2023,3,101,96,185.62773203849792,0.8029685616493225,258
798,2023,3,55,86,119.42716979980469,0.8606098294258118,257
799,2023,3,55,108,118.5793297290802,0.5395745635032654,242
800,2023,2,62,110,148.7906265258789,0.6129687428474426,242
801,2023,3,47,121,53.3699893951416,0.9826779961585999,365
802,2023,3,33,114,39.84072518348694,0.993580162525177,365
803,2023,2,43,81,122.5215072631836,0.6989822387695312,229
804,2023,3,42,87,113.8422200679779,0.9014250040054321,214
805,2023,2,107,101,212.94547653198242,0.6366472244262695,257
806,2023,3,96,103,127.20518088340759,0.7276402711868286,263
807,2023,2,66,117,153.53915786743164,0.5324042439460754,252
808,2023,2,62,117,168.04412460327148,0.5727707147598267,246
809,2023,2,54,85,70.51695823669434,0.31006014347076416,262
810,2023,2,51,90,63.60919761657715,0.35141876339912415,260
811,2023,2,48,85,112.49177551269531,0.8701252341270447,218
812,2023,3,43,84,96.90087258815765,0.8890767693519592,209
813,2023,3,110,106,223.2165036201477,0.7989146113395691,262
814,2023,2,110,95,198.22894954681396,0.6576546430587769,260
815,2023,1,83,108,112.71315002441406,0.45643725991249084,288
816,2023,2,83,133,109.49544286727905,0.9705570936203003,335
817,2023,1,113,86,210.42835998535156,0.6843294501304626,267
818,2023,2,160,106,224.1326197385788,0.48171544075012207,277
819,2023,2,44,83,95.7186050415039,0.9196868538856506,208
820,2023,2,47,92,92.47807693481445,0.9824510812759399,212
821,2023,1,166,113,236.63473510742188,0.5092101097106934,282
822,2023,2,171,121,304.28006982803345,0.8914860486984253,285
823,2023,2,47,83,107.10298919677734,0.9647274613380432,216
824,2023,2,48,80,108.07347869873047,0.9376183152198792,213
825,2023,3,65,92,80.56476497650146,0.5985649228096008,260
826,2023,3,55,92,91.8663010597229,0.6135056018829346,259
827,2023,2,68,77,45.23649525642395,0.9342864155769348,263
828,2023,3,35,81,44.970595836639404,0.5547547936439514,261
829,2023,3,24,80,43.6165668964386,0.7990095019340515,259
830,2023,3,18,70,37.59309709072113,0.4777217507362366,260
831,2023,2,47,96,118.8272819519043,0.7558870315551758,223
832,2023,2,46,92,108.42432022094727,0.7453117370605469,223
833,2023,2,48,79,113.36178970336914,0.9754537343978882,214
834,2023,2,45,75,111.49940490722656,0.9807778000831604,220
835,2023,2,48,95,98.44275665283203,0.5894012451171875,231
836,2023,2,45,87,92.48860168457031,0.6935527324676514,230
837,2023,3,19,68,30.051430821418762,0.5563490986824036,261
838,2023,3,26,66,35.106728076934814,0.8935495018959045,272
839,2023,2,107,94,72.11668539047241,0.6638752818107605,274
840,2023,2,60,82,39.070104122161865,0.7771862745285034,280
841,2023,2,170,148,296.83680152893066,0.8926898837089539,365
842,2023,3,167,146,239.62496376037598,0.9832413792610168,365
843,2023,2,45,93,77.76460266113281,0.5751535296440125,236
844,2023,2,52,86,77.90320205688477,0.8024332523345947,227
845,2023,2,56,102,121.34214782714844,0.5178421139717102,258
846,2023,2,65,105,149.45103454589844,0.6407892107963562,253
847,2023,2,45,84,125.93424606323242,0.922236442565918,224
848,2023,2,45,80,136.49057388305664,0.9288151264190674,226
849,2023,2,51,97,126.94811630249023,0.635014533996582,244
850,2023,2,88,95,118.25896835327148,0.918815016746521,228
851,2023,2,170,138,186.87840127944946,0.9007850885391235,352
852,2023,2,171,131,164.3342089653015,0.6710155010223389,365
853,2023,2,49,96,109.41047668457031,0.6477355360984802,242
854,2023,2,44,93,141.92236328125,0.874275267124176,232
855,2023,2,56,113,125.79414367675781,0.8512036204338074,246
856,2023,2,50,95,111.97173118591309,0.93207186460495,219
857,2023,2,48,99,124.89523696899414,0.9080085158348083,238
858,2023,2,48,95,123.63224411010742,0.8758166432380676,232
859,2023,2,49,82,129.81109237670898,0.9034383893013,233
860,2023,2,45,88,147.55584716796875,0.7876821160316467,252
861,2023,2,49,96,101.52984428405762,0.8634418845176697,240
862,2023,2,55,109,165.26606369018555,0.8387245535850525,257
863,2023,2,21,37,17.319946765899658,0.5791807770729065,261
864,2023,1,21,31,2.1791584491729736,0.5376893877983093,264
865,2023,2,51,81,44.8502721786499,0.6879603266716003,267
866,2023,3,50,92,69.46489667892456,0.9239957928657532,262
867,2023,2,186,115,114.79617643356323,0.5981730818748474,331
868,2023,2,173,149,167.37722730636597,0.8372722268104553,365
869,2023,2,56,97,141.21198654174805,0.6580823063850403,251
870,2023,3,54,116,110.21960806846619,0.8229693174362183,265
871,2023,2,47,79,148.27971649169922,0.8725523948669434,240
872,2023,2,45,90,129.16829299926758,0.7490417957305908,238
873,2023,2,39,88,83.17668151855469,0.6102306246757507,245
874,2023,3,39,86,89.74330186843872,0.7137251496315002,259
875,2023,2,47,94,84.88872337341309,0.6249020099639893,254
876,2023,2,35,72,67.66495025157928,0.5984076261520386,254
877,2023,2,51,103,138.3708381652832,0.6242799162864685,263
878,2023,3,48,106,128.51465797424316,0.6712795495986938,253
879,2023,2,56,75,64.87805318832397,0.7264137268066406,265
880,2023,2,57,84,79.551278591156,0.9539288878440857,266
881,2023,2,165,134,247.36579084396362,0.8005251884460449,313
882,2023,2,153,110,159.81651782989502,0.7357509732246399,290
883,2023,2,74,101,55.49963688850403,0.9557287096977234,365
884,2023,2,151,115,77.99988293647766,0.62083899974823,342
885,2023,2,64,76,62.58835220336914,0.9893395304679871,265
886,2023,2,60,74,65.26870632171631,0.6265235543251038,261
887,2023,2,138,100,72.16876411437988,0.7484975457191467,365
888,2023,2,182,129,112.43308353424072,0.6078867316246033,365
889,2023,3,25,57,36.46669554710388,0.9177306890487671,271
890,2023,1,24,48,2.9855408668518066,0.9619867205619812,272
891,2023,1,102,92,37.564266204833984,0.687400758266449,365
892,2023,2,118,97,38.11580514907837,0.7893882989883423,365
893,2023,2,19,58,20.085360527038574,0.29257526993751526,272
894,2023,3,34,70,30.08908176422119,0.9605855345726013,285
895,2023,2,54,98,80.6644082069397,0.833597719669342,278
896,2023,2,47,90,78.24524736404419,0.8833540081977844,274
897,2023,2,27,50,21.475690364837646,0.8810445070266724,275
898,2023,2,28,51,20.60881233215332,0.8393386602401733,272
899,2023,3,24,51,39.37819314002991,0.8654015064239502,267
900,2023,3,25,52,34.03120517730713,0.6623043417930603,266
901,2023,3,58,114,111.27291774749756,0.8667694330215454,263
902,2023,3,62,112,60.867371559143066,0.8895195722579956,297
903,2023,3,25,56,51.90802359580994,1.0,265
904,2023,3,25,54,55.95702528953552,0.5315503478050232,264
905,2023,1,20,50,27.29724884033203,0.3585304319858551,266
906,2023,3,73,108,31.997924327850342,0.7308605909347534,327
907,2023,2,33,75,33.01210069656372,0.29757699370384216,264
908,2023,3,31,72,29.37007713317871,0.6567010283470154,272
909,2023,2,64,72,53.16659450531006,0.6375608444213867,269
910,2023,2,26,57,39.541954040527344,0.38369032740592957,270
911,2023,2,28,59,30.82939338684082,0.4519065022468567,262
912,2023,2,28,53,28.591364860534668,0.46023350954055786,263
913,2023,2,26,49,25.57174587249756,0.8764448165893555,276
914,2023,3,26,54,35.57643175125122,0.8156048059463501,270
915,2023,2,41,67,56.68218517303467,0.7714413404464722,273
916,2023,2,40,64,21.755439281463623,0.831024706363678,295
917,2023,3,44,88,102.76470136642456,0.9114492535591125,279
918,2023,3,44,81,53.53758502006531,0.8642171621322632,333
919,2023,3,58,131,167.45157289505005,0.7438752055168152,328
920,2023,2,48,99,126.30944061279297,0.7956814765930176,326
921,2023,2,60,86,44.62496042251587,0.9006332159042358,286
922,2023,2,44,70,74.19955348968506,0.8511120676994324,284
923,2023,2,59,70,32.42443037033081,0.8400830626487732,285
924,2023,1,121,67,128.21324157714844,0.4879216253757477,328
925,2023,2,56,78,19.844656348228455,0.7018865942955017,365
926,2023,2,62,71,76.95796585083008,0.365006685256958,350
927,2023,3,54,117,150.1794717311859,0.8358805775642395,282
928,2023,2,42,80,112.75879287719727,0.8437203168869019,308
929,2023,2,46,73,25.637115955352783,1.0,365
930,2023,1,56,76,53.67729187011719,0.8538708090782166,340
931,2023,2,61,81,32.18779516220093,0.5770018100738525,345
932,2023,2,41,50,61.48806595802307,0.7620546817779541,327
933,2023,2,46,79,33.74964666366577,0.9248360395431519,365
934,2023,3,109,99,122.98452854156494,0.8150912523269653,365
935,2023,2,49,106,120.92405319213867,0.7060760855674744,346
936,2023,2,39,82,115.21713256835938,0.7621037364006042,365
937,2023,3,46,125,164.05687952041626,0.7730574011802673,329
938,2023,2,47,94,131.34888458251953,0.5756382942199707,365
939,2023,2,67,90,44.18278992176056,0.566266655921936,365
940,2023,2,42,65,73.82125091552734,0.6165322065353394,335
941,2023,1,94,27,72.10865020751953,0.33313074707984924,286
942,2023,2,98,40,143.3818440437317,0.80047607421875,316
943,2023,2,53,89,47.27106463909149,0.48520374298095703,332
944,2023,2,52,88,51.725152015686035,0.5327528715133667,336
945,2023,1,70,42,76.40758514404297,0.3969070315361023,336
946,2023,2,81,52,128.1989168524742,0.4966949224472046,318
947,2023,1,47,70,26.60555076599121,0.8046368360519409,365
948,2023,2,116,84,94.57588684558868,0.6315211057662964,315
949,2023,3,50,86,79.04634046554565,0.5681454539299011,342
950,2023,2,38,47,44.897706508636475,0.6704856753349304,321
951,2023,1,98,38,134.9452362060547,0.5416067242622375,320
952,2023,1,48,66,34.67681121826172,1.0,346
953,2023,2,50,82,72.42601919174194,0.7727638483047485,343
954,2023,3,70,92,143.34213018417358,0.9032738208770752,346
955,2023,3,71,94,149.8665418624878,0.8124918937683105,350
956,2023,3,106,95,213.5420274734497,0.7383819818496704,336
957,2023,2,123,80,113.80195665359497,0.6970512866973877,332
958,2023,2,92,60,106.787278175354,0.8697579503059387,331
959,2023,2,31,60,41.24022459983826,0.9083770513534546,365
960,2023,2,39,41,29.999911844730377,0.3217914402484894,365
961,2023,3,29,75,44.601189851760864,0.7459527850151062,365
962,2023,4,101,89,96.42852067947388,1.0,365
963,2023,2,117,70,146.73675155639648,0.5366281270980835,326
964,2023,1,74,40,68.69404602050781,0.31920892000198364,358
965,2023,3,47,90,59.92619872093201,0.866788923740387,365
966,2023,1,117,59,104.16403198242188,0.43593502044677734,317
967,2023,2,114,63,129.4536213874817,0.5436097979545593,331
968,2023,2,89,70,81.48064279556274,0.6911687850952148,349
969,2023,2,64,58,55.72359895706177,0.8921287655830383,338
970,2023,2,28,82,60.29403495788574,0.7723263502120972,365
971,2023,3,48,97,110.30524015426636,0.5452362895011902,365
972,2023,3,91,92,116.21935176849365,0.9343053102493286,338
973,2023,2,51,83,57.699522972106934,0.9102128148078918,354
974,2023,2,46,83,79.69988250732422,0.5070430636405945,365
975,2023,2,46,93,84.4888801574707,0.5636054277420044,365
976,2023,2,44,73,81.87466621398926,0.5450343489646912,365
977,2023,3,31,93,93.52109277248383,0.849419355392456,365
978,2023,2,239,54,200.13076829910278,0.9316533207893372,328
979,2023,3,116,83,186.26850652694702,0.8908846974372864,325
980,2023,3,29,81,43.500264167785645,0.9645487666130066,344
981,2023,2,90,67,54.849571228027344,0.9029863476753235,357
982,2023,2,91,65,102.4018325805664,0.767008364200592,336
983,2023,3,91,62,108.11218357086182,0.8877484798431396,345
984,2023,3,109,89,114.15178966522217,0.9065240025520325,365
985,2023,2,29,83,26.05117130279541,0.898582398891449,365
986,2023,3,113,72,111.635573387146,0.9348697066307068,365
987,2023,3,29,71,36.90119934082031,0.832929790019989,365
988,2023,2,99,41,84.7992993593216,0.5383358001708984,365
989,2023,1,98,31,94.11255645751953,0.43355822563171387,365
990,2023,1,30,56,43.77438735961914,0.34519943594932556,365
991,2023,1,26,53,27.596540451049805,0.2805876135826111,365
992,2023,2,301,114,191.66858386993408,0.9684568047523499,365
993,2023,2,68,109,65.03336334228516,0.8603692650794983,365
994,2023,2,24,43,32.548996448516846,0.4197198748588562,365
995,2023,1,75,34,72.22938537597656,0.5137466192245483,365
996,2023,2,79,39,71.94963502883911,0.538818895816803,365
997,2023,2,67,50,61.28492093086243,0.6706845164299011,365
998,2023,2,30,65,25.949304580688477,0.9368003606796265,362
999,2023,1,29,50,8.17086410522461,0.6900724172592163,365
1000,2023,2,29,73,23.095391273498535,0.874830961227417,365
1001,2023,2,29,66,24.06569480895996,0.9155803918838501,365
1002,2023,3,29,64,37.363619327545166,0.944884181022644,365
1003,2023,2,27,49,30.79786777496338,0.8149232864379883,365
1004,2023,3,80,53,119.48820686340332,0.8643361330032349,365
1005,2023,2,85,53,63.958075523376465,0.8800087571144104,365
1006,2023,1,87,55,78.3840103149414,0.6133958101272583,365
1007,2023,2,28,40,20.74056887626648,0.7710236310958862,365
1008,2023,2,32,65,65.62670469284058,0.6384595632553101,365
1009,2023,2,66,52,70.15301847457886,0.8081564903259277,365
1010,2023,3,61,104,39.4743070602417,0.9116401076316833,365
1011,2023,2,29,64,20.186229705810547,0.7862833142280579,365
1012,2023,1,29,64,13.07086181640625,0.8070018291473389,365
1013,2023,2,110,56,107.71986198425293,0.9412649869918823,365
1014,2023,3,88,60,125.30552577972412,0.9569355249404907,365
1015,2023,2,19,54,14.964765071868896,0.8136900663375854,365
1016,2023,0,0,39,0.0,,365
1017,2023,1,27,46,8.515027046203613,0.8944053649902344,365
1018,2023,0,0,29,0.0,,365
1019,2023,1,27,42,5.557122230529785,0.8055146932601929,365
1020,2023,0,0,45,0.0,,365
1021,2023,1,26,52,11.34762191772461,0.9491308331489563,365
1022,2023,1,27,36,8.08906364440918,0.8729830384254456,365
1023,2023,2,26,58,46.7722692489624,0.6786821484565735,365
1024,2023,0,0,28,0.0,,365
1025,2023,2,25,46,19.523734092712402,0.8075463175773621,365
1026,2023,1,28,38,9.680371284484863,0.63419508934021,365
1027,2023,0,0,31,0.0,,365
1028,2023,0,0,34,0.0,,365
1029,2023,1,19,45,41.29574966430664,0.6606051325798035,365
1030,2023,0,0,27,0.0,,365
1031,2023,0,0,35,0.0,,365
1032,2023,0,0,38,0.0,,365
1033,2023,2,28,36,25.233827590942383,0.6325015425682068,365
1034,2023,2,28,39,30.792264938354492,0.5803845524787903,365
1035,2023,0,0,30,0.0,,365
1036,2023,0,0,20,0.0,,365
1037,2023,0,0,16,0.0,,365
1038,2023,1,45,53,22.957035064697266,0.3680795729160309,365
1039,2023,1,15,30,9.41097640991211,0.40037301182746887,365
1040,2023,0,0,39,0.0,,365
1041,2023,1,18,60,21.191232681274414,0.5331411957740784,365
1042,2023,1,31,85,33.714561462402344,0.7462149858474731,365
1043,2023,1,37,128,54.29096603393555,0.8790565729141235,365
1044,2023,2,68,104,79.5341682434082,0.7526533603668213,365
1045,2023,1,36,110,39.01609802246094,0.6815817356109619,365
1046,2023,1,17,96,9.505362510681152,0.5466797351837158,365
1047,2023,0,0,63,0.0,,365
1048,2023,0,0,114,0.0,,365
1049,2023,1,17,108,7.477457523345947,0.5948928594589233,365
1050,2023,1,32,105,28.76453399658203,0.5181737542152405,365
1051,2023,0,0,27,0.0,,365
1052,2023,1,31,47,19.23253059387207,0.39626985788345337,365
1053,2023,1,32,103,19.82228660583496,0.3985254466533661,365
1054,2023,2,21,88,32.14594602584839,0.6447229981422424,365
1055,2023,1,31,68,18.838436126708984,0.4549822509288788,365
1056,2023,2,52,77,38.16872978210449,0.6423246264457703,365
1057,2023,0,0,77,0.0,,365
1058,2023,1,17,92,15.983059883117676,0.5283085703849792,365
1059,2023,0,0,67,0.0,,365
1060,2023,0,0,49,0.0,,365
1061,2023,1,31,69,11.783937454223633,0.4505516290664673,365
1062,2023,1,17,116,6.452550888061523,0.6518794894218445,365
1063,2023,0,0,98,0.0,,365
1064,2023,1,18,37,10.803194046020508,0.39733853936195374,365
1065,2023,1,31,59,6.583429336547852,0.22706834971904755,365
1066,2023,1,22,88,18.994171142578125,0.49189454317092896,365
1067,2023,2,21,78,16.217944145202637,0.4520745575428009,365
1068,2023,2,19,74,20.43254518508911,0.7077022194862366,365
1069,2023,1,22,70,8.388845443725586,0.27205657958984375,365
1070,2023,3,30,99,23.14430260658264,0.509794294834137,365
1071,2023,3,38,115,47.7300066947937,0.8145378232002258,365
0,2024,3,99,153,270.72751903533936,0.8516528606414795,366
1,2024,3,101,163,334.15580558776855,0.6479184627532959,366
2,2024,3,101,144,190.80296659469604,0.9868175387382507,366
3,2024,2,79,96,132.52427673339844,0.8972710967063904,309
4,2024,3,58,106,51.02093315124512,0.9661131501197815,366
5,2024,2,57,94,47.25356864929199,0.7547436356544495,366
6,2024,3,56,115,57.945441246032715,0.9222205281257629,366
7,2024,3,57,117,71.00192499160767,0.9142313003540039,366
8,2024,4,57,118,81.76148223876953,0.9969713687896729,366
9,2024,3,51,114,58.72395420074463,0.932839035987854,366
10,2024,3,40,106,65.43654823303223,0.9694387912750244,366
11,2024,3,93,164,136.77933502197266,0.7368319034576416,366
12,2024,3,39,107,44.801259994506836,0.7935360670089722,366
13,2024,3,96,180,166.4262466430664,0.7530479431152344,366
14,2024,3,86,145,113.80313491821289,0.8222653865814209,366
15,2024,3,58,135,152.032621383667,0.7448807954788208,366
16,2024,3,76,148,156.4728660583496,0.7611755728721619,366
17,2024,2,60,125,140.61154174804688,0.6326346397399902,366
18,2024,3,59,131,59.46558380126953,0.8346739411354065,366
19,2024,1,120,131,82.14765930175781,0.7230209708213806,366
20,2024,2,145,147,96.0349006652832,0.6204144954681396,366
21,2024,4,59,138,108.29611396789551,0.8413639664649963,366
22,2024,2,146,165,126.15528106689453,0.8118138313293457,366
23,2024,2,158,160,133.98464727401733,0.9444347023963928,366
24,2024,1,158,147,132.82070922851562,0.9311268329620361,366
25,2024,2,158,186,213.8763427734375,0.9613080620765686,366
26,2024,1,151,148,86.02870178222656,0.8025665879249573,366
27,2024,2,165,194,236.9648323059082,1.0,366
28,2024,1,158,166,56.83816909790039,0.7502946257591248,366
29,2024,3,149,187,225.33517169952393,0.9492775201797485,366
30,2024,1,145,159,141.94290161132812,0.9477978944778442,366
31,2024,1,130,119,80.74748229980469,0.8194606900215149,366
32,2024,2,150,166,133.87301063537598,0.8968092799186707,366
33,2024,2,175,187,110.21673679351807,0.9304765462875366,366
34,2024,1,84,75,55.50878143310547,0.6526735424995422,303
35,2024,2,178,167,110.8846664428711,0.9013903141021729,366
36,2024,1,84,86,53.83125305175781,0.6769183278083801,302
37,2024,2,155,164,77.26174354553223,0.8208784461021423,366
38,2024,2,83,65,28.033027052879333,0.7152617573738098,301
39,2024,4,62,131,77.87918210029602,0.9977511167526245,343
40,2024,2,60,76,24.852272510528564,0.7890350222587585,291
41,2024,2,57,104,37.245975494384766,0.9932788014411926,306
42,2024,2,150,149,56.010047912597656,1.0,355
43,2024,2,166,175,67.4955005645752,1.0,366
44,2024,2,166,166,58.49941635131836,1.0,366
45,2024,2,146,155,51.14560317993164,0.9717556238174438,366
46,2024,2,133,146,58.411380767822266,0.9986394047737122,366
47,2024,1,84,98,26.83204460144043,0.9867944121360779,329
48,2024,3,53,117,44.20777988433838,0.8322266340255737,333
49,2024,3,74,74,36.4568247795105,0.9350713491439819,314
50,2024,1,21,52,34.58992004394531,0.6014817357063293,295
51,2024,1,20,40,18.664934158325195,0.5375620722770691,253
52,2024,2,25,60,41.53974962234497,0.5725559592247009,325
53,2024,0,0,20,0.0,,237
54,2024,2,21,48,22.192370772361755,0.504179835319519,291
55,2024,0,0,17,0.0,,244
56,2024,0,0,25,0.0,,262
57,2024,0,0,9,0.0,,225
58,2024,0,0,10,0.0,,212
59,2024,0,0,17,0.0,,210
60,2024,0,0,18,0.0,,203
61,2024,1,19,24,9.080741882324219,0.7156585454940796,202
62,2024,1,15,15,8.173274040222168,0.5935078859329224,218
63,2024,0,0,25,0.0,,232
64,2024,0,0,14,0.0,,229
65,2024,0,0,11,0.0,,228
66,2024,1,15,15,8.457483291625977,0.723893940448761,220
67,2024,0,0,17,0.0,,217
68,2024,0,0,19,0.0,,213
69,2024,1,16,30,0.5843450427055359,0.37897202372550964,223
70,2024,0,0,10,0.0,,225
71,2024,2,45,52,7.977139949798584,0.662522554397583,286
72,2024,1,58,54,6.857673645019531,0.6036950945854187,292
73,2024,2,58,71,31.638123035430908,0.8222028613090515,366
74,2024,1,23,41,2.5233302116394043,0.3677128553390503,300
75,2024,1,17,31,1.7331889867782593,0.4108314514160156,317
76,2024,2,58,62,18.43893253803253,0.8054438829421997,350
77,2024,2,34,54,37.15130424499512,0.8354594111442566,366
78,2024,2,35,81,35.210325717926025,0.9596028923988342,366
79,2024,2,35,61,61.733542919158936,0.9637948274612427,366
80,2024,1,34,37,7.426135063171387,0.5046377182006836,312
81,2024,2,54,109,65.45114135742188,0.90406334400177,366
82,2024,3,85,110,27.501177310943604,0.9872470498085022,366
83,2024,2,61,117,35.2719669342041,0.9603914618492126,366
84,2024,2,52,78,16.717824935913086,0.9685662388801575,366
85,2024,1,108,79,42.263221740722656,0.9604081511497498,366
86,2024,2,33,73,21.558696269989014,0.9710333943367004,366
87,2024,3,30,82,42.111814737319946,1.0,366
88,2024,2,39,63,18.806790351867676,0.9963668584823608,366
89,2024,2,36,77,16.029232025146484,0.9637918472290039,366
90,2024,4,33,101,31.728410124778748,0.9590453505516052,366
91,2024,2,37,91,12.20254135131836,0.8955339789390564,366
92,2024,4,46,91,16.046692848205566,0.8139849901199341,366
93,2024,3,60,101,27.3267822265625,0.9622102379798889,366
94,2024,3,47,94,31.820488452911377,0.9123362302780151,366
95,2024,2,61,106,50.928096771240234,0.6536298394203186,366
96,2024,2,34,49,20.29144597053528,0.5007845759391785,366
97,2024,2,20,40,10.857894659042358,0.27031874656677246,366
98,2024,1,16,33,8.52486515045166,0.6144203543663025,366
99,2024,2,54,73,43.02070903778076,0.6142447590827942,366
100,2024,2,55,100,66.98179626464844,0.7405936121940613,366
101,2024,2,31,81,45.51061725616455,0.7843179702758789,366
102,2024,3,32,60,41.81785845756531,0.7988956570625305,366
103,2024,2,31,63,59.088993072509766,0.7867674231529236,366
104,2024,2,48,61,28.515191078186035,0.829222559928894,366
105,2024,2,60,89,63.24654006958008,0.798189640045166,366
106,2024,3,54,101,72.78309869766235,0.8768350481987,366
107,2024,2,54,96,79.27084922790527,0.7890101075172424,366
108,2024,3,53,109,21.639795303344727,0.7159635424613953,366
109,2024,3,55,108,140.3480224609375,1.0,366
110,2024,3,53,118,34.644351959228516,0.8633718490600586,366
111,2024,2,54,103,51.688212394714355,0.8508819341659546,366
112,2024,2,47,87,30.352925300598145,0.8482705950737,366
113,2024,1,45,71,39.25642776489258,0.83556067943573,366
114,2024,2,36,96,29.447633743286133,0.8606876730918884,366
115,2024,2,45,86,26.070606231689453,0.790823221206665,366
116,2024,3,73,128,24.489171743392944,0.7268509864807129,366
117,2024,1,29,46,8.76046085357666,0.6110175848007202,366
118,2024,3,32,110,10.367434024810791,0.5699124336242676,366
119,2024,2,41,70,8.442835092544556,0.5856912136077881,366
120,2024,1,91,110,16.325271606445312,0.8160483837127686,366
121,2024,2,93,113,31.762274265289307,0.5859144926071167,366
122,2024,2,92,86,25.887194633483887,0.8407294154167175,366
123,2024,2,122,168,65.33473205566406,0.6113108992576599,366
124,2024,1,29,108,18.45572853088379,0.42247316241264343,366
125,2024,2,16,85,16.52940559387207,0.580680251121521,366
126,2024,3,44,102,50.94287633895874,0.6089465618133545,366
127,2024,2,20,60,6.238783597946167,0.24809029698371887,366
128,2024,2,39,69,25.521059036254883,0.5578492879867554,366
129,2024,0,0,39,0.0,,366
130,2024,2,27,64,27.2078914642334,0.41986337304115295,366
131,2024,1,27,50,23.21797752380371,0.5276358127593994,366
132,2024,2,37,72,64.03977012634277,0.8449822664260864,366
133,2024,1,16,43,19.293563842773438,0.7899634838104248,366
134,2024,1,16,45,19.611358642578125,0.8578455448150635,366
135,2024,1,16,37,19.30449676513672,0.8311365246772766,366
136,2024,1,16,33,18.600563049316406,0.8329081535339355,366
137,2024,2,43,90,33.6681227684021,0.8733549118041992,366
138,2024,3,33,114,46.495779514312744,0.7451791167259216,366
139,2024,0,0,0,0.0,,0
140,2024,4,48,116,58.457725524902344,0.7321135997772217,366
141,2024,1,25,61,5.044183731079102,0.45773863792419434,366
142,2024,1,45,80,22.93046760559082,0.7734006643295288,366
143,2024,3,33,94,50.28916549682617,0.9674900770187378,366
144,2024,2,87,133,173.44614028930664,0.6701043844223022,366
145,2024,2,97,149,195.69745922088623,0.6742109060287476,366
146,2024,3,26,76,36.95387315750122,0.45548582077026367,366
147,2024,2,27,71,38.26363945007324,0.40930038690567017,366
148,2024,2,90,136,200.08395385742188,0.5502644777297974,366
149,2024,2,88,115,185.26416397094727,0.9187833070755005,366
150,2024,2,25,64,33.622050285339355,0.5340057611465454,366
151,2024,3,18,55,29.310811042785645,0.4119783639907837,366
152,2024,3,110,165,213.68211364746094,0.9632022380828857,366
153,2024,2,70,130,141.62083053588867,0.9738929867744446,366
154,2024,2,108,134,205.6157169342041,0.9417900443077087,366
155,2024,3,57,132,77.35977745056152,0.9411658048629761,366
156,2024,2,76,118,128.66559410095215,0.7585177421569824,366
157,2024,2,88,138,157.80458068847656,0.6154488921165466,366
158,2024,2,30,83,35.576316833496094,0.8598792552947998,366
159,2024,2,45,113,73.59615516662598,0.7251598834991455,366
160,2024,1,208,208,232.66952514648438,0.396408349275589,366
161,2024,3,216,239,272.4040312767029,0.3891620635986328,366
162,2024,3,111,152,211.68196296691895,0.9810861945152283,366
163,2024,3,57,110,83.63797855377197,1.0,366
164,2024,2,71,115,88.73272895812988,0.6320496797561646,366
165,2024,2,85,114,138.60022354125977,0.9112663269042969,366
166,2024,3,36,119,96.41679573059082,0.9130064845085144,366
167,2024,2,56,108,58.34770965576172,0.8922361731529236,366
168,2024,2,71,128,185.33229446411133,0.3755790591239929,366
169,2024,2,71,115,166.9190902709961,0.38210606575012207,366
170,2024,3,91,150,156.2707290649414,0.778233528137207,366
171,2024,2,91,144,137.59979248046875,0.7271850109100342,366
172,2024,2,30,88,50.243651390075684,0.5517297387123108,366
173,2024,4,30,97,52.725380420684814,0.713887095451355,366
174,2024,1,25,64,19.653165817260742,0.5168203711509705,366
175,2024,2,46,98,66.73633575439453,0.6021355390548706,366
176,2024,1,21,35,16.828969955444336,0.30550089478492737,366
177,2024,0,0,39,0.0,,366
178,2024,3,165,197,278.196081161499,0.4066619575023651,366
179,2024,2,255,230,277.7556838989258,0.43088823556900024,366
180,2024,3,87,160,222.16903162002563,0.3845790922641754,366
181,2024,3,85,172,201.31916618347168,0.41531652212142944,366
182,2024,2,48,114,91.72109985351562,0.7104004621505737,366
183,2024,3,69,147,152.00738143920898,0.6922234892845154,366
184,2024,2,73,133,194.96271133422852,0.3656555712223053,366
185,2024,2,71,121,164.38241958618164,0.3425504267215729,366
186,2024,2,46,104,94.3348617553711,0.7224326133728027,366
187,2024,3,46,103,91.83460092544556,0.7053048610687256,366
188,2024,2,212,226,249.33113861083984,0.4841199219226837,366
189,2024,1,302,235,277.785888671875,0.4709533751010895,366
190,2024,2,34,90,30.36481022834778,0.86622154712677,366
191,2024,3,34,96,28.09698748588562,0.6701516509056091,366
192,2024,1,296,248,250.64320373535156,0.45543473958969116,366
193,2024,3,175,216,277.05388259887695,0.5443980097770691,366
194,2024,2,57,97,40.13982009887695,0.7727097868919373,366
195,2024,3,66,142,72.01441955566406,0.7656595706939697,366
196,2024,2,92,168,210.5865936279297,0.7077910900115967,366
197,2024,2,90,174,245.87049102783203,0.7365990281105042,366
198,2024,1,51,85,57.33502197265625,0.4092680811882019,366
199,2024,3,101,167,146.12755298614502,0.5730557441711426,366
200,2024,3,240,250,239.99622344970703,0.4844955503940582,366
201,2024,1,321,289,330.3506774902344,0.5560930967330933,366
202,2024,1,86,63,92.10125732421875,0.5596219301223755,366
203,2024,1,39,53,54.28922653198242,0.44543227553367615,366
204,2024,1,335,237,243.30169677734375,0.4894547462463379,366
205,2024,2,244,260,302.58815002441406,0.6496961712837219,366
206,2024,3,57,103,56.616175174713135,0.874954879283905,366
207,2024,2,57,104,40.01808261871338,0.8554590940475464,366
208,2024,3,54,123,194.08059978485107,0.7126519083976746,366
209,2024,2,135,171,279.0146789550781,0.7637925744056702,366
210,2024,3,63,148,194.67944049835205,0.7443632483482361,366
211,2024,3,51,117,160.11924266815186,0.7158164978027344,366
212,2024,1,93,74,98.0257339477539,0.6834853291511536,366
213,2024,2,45,84,95.71370124816895,0.7541946172714233,366
214,2024,2,44,72,86.88692378997803,0.7575563192367554,366
215,2024,1,97,90,94.30842590332031,0.5127415060997009,366
216,2024,4,72,144,197.71185779571533,0.6228964924812317,366
217,2024,2,75,134,126.58952331542969,0.5993067622184753,366
218,2024,4,72,160,222.50753498077393,0.7419973015785217,366
219,2024,2,95,166,191.22086334228516,0.6273291707038879,366
220,2024,3,44,99,92.01467752456665,0.7959339022636414,366
221,2024,2,46,108,88.57277870178223,0.7723555564880371,366
222,2024,4,58,128,111.04381561279297,0.7397557497024536,366
223,2024,1,53,78,84.04220581054688,0.6364705562591553,366
224,2024,2,58,128,139.74580764770508,0.7913357615470886,366
225,2024,1,96,81,97.36766052246094,0.6163763403892517,366
226,2024,3,43,98,87.54487800598145,0.59981769323349,366
227,2024,3,57,139,145.67393493652344,0.8457645177841187,366
228,2024,2,55,117,118.65165710449219,0.3219696879386902,366
229,2024,3,94,144,110.43296146392822,0.8899217844009399,366
230,2024,3,99,160,111.9153184890747,0.9817349910736084,366
231,2024,3,97,155,154.25225830078125,0.9533146619796753,366
232,2024,3,97,175,154.33304405212402,0.957448422908783,366
233,2024,3,61,133,90.4625940322876,0.9327041506767273,366
234,2024,3,59,144,111.64031887054443,0.9908502101898193,366
235,2024,4,66,159,183.54892206192017,0.7644628286361694,366
236,2024,2,75,135,126.8925313949585,0.6128630042076111,366
237,2024,2,231,255,288.7567825317383,0.4129411578178406,366
238,2024,3,230,228,268.62152099609375,0.4362889528274536,366
239,2024,1,322,262,376.3774719238281,0.8354262113571167,366
240,2024,2,167,226,336.9200744628906,0.723479688167572,366
241,2024,2,59,132,71.72088432312012,0.8876675963401794,366
242,2024,2,66,128,55.976388931274414,0.7987879514694214,366
243,2024,2,59,130,79.50058364868164,0.9594878554344177,366
244,2024,2,59,112,93.43053817749023,0.9586725831031799,366
245,2024,2,133,156,121.61340713500977,0.6045733094215393,366
246,2024,3,68,158,231.26113319396973,0.6469619870185852,366
247,2024,1,55,87,100.91397094726562,0.5636616945266724,366
248,2024,3,79,181,198.15641975402832,0.7809215784072876,366
249,2024,2,60,112,71.023681640625,0.9658125638961792,366
250,2024,2,67,134,80.5429916381836,0.9825617671012878,366
251,2024,2,61,130,70.44284439086914,0.6849337816238403,366
252,2024,3,98,154,124.00359535217285,0.9841050505638123,366
253,2024,3,58,123,79.54250192642212,0.6436813473701477,366
254,2024,2,98,127,64.3247480392456,0.6533348560333252,366
255,2024,2,56,95,53.48762321472168,0.5492240190505981,366
256,2024,3,103,190,104.87328815460205,0.7598984241485596,366
257,2024,3,92,154,68.79506206512451,0.714667797088623,366
258,2024,2,63,130,73.22913360595703,0.9939479231834412,366
259,2024,2,69,124,148.6153907775879,0.7193112373352051,366
260,2024,2,76,150,154.77127075195312,0.8366391658782959,366
261,2024,3,99,143,101.70147132873535,0.6714428663253784,366
262,2024,2,60,98,60.0288143157959,0.6984609961509705,366
263,2024,2,146,179,213.0390396118164,0.8257336616516113,366
264,2024,2,74,151,163.03267288208008,0.8256191611289978,366
265,2024,2,165,213,311.22816467285156,0.7994808554649353,366
266,2024,1,149,140,70.4017333984375,0.8040661811828613,366
267,2024,1,151,138,50.05592346191406,0.7777515649795532,366
268,2024,2,62,135,79.06613540649414,0.8858144879341125,366
269,2024,2,68,140,100.8219051361084,0.9835007190704346,366
270,2024,1,58,84,37.123069763183594,0.7137632369995117,366
271,2024,2,52,89,45.987160205841064,0.7705864906311035,366
272,2024,1,58,82,31.437053680419922,0.7648927569389343,366
273,2024,2,52,91,39.643051624298096,0.7585247755050659,366
274,2024,2,124,177,188.4343376159668,0.8051432967185974,366
275,2024,2,92,157,119.91070938110352,0.7719923853874207,366
276,2024,2,73,126,56.6937198638916,0.8648163676261902,366
277,2024,3,88,156,81.68683338165283,0.6497535109519958,366
278,2024,1,324,283,427.17474365234375,0.7631832361221313,366
279,2024,2,136,218,293.2898712158203,0.9446426033973694,366
280,2024,2,139,186,207.83778381347656,0.6758735775947571,366
281,2024,4,100,179,164.7017478942871,0.6660419702529907,366
282,2024,2,66,136,119.48796844482422,0.47990530729293823,366
283,2024,2,47,117,75.16683197021484,0.6066060066223145,366
284,2024,4,115,232,311.1546049118042,0.7018242478370667,366
285,2024,3,139,205,256.99656105041504,0.7039357423782349,366
286,2024,3,175,222,291.2346000671387,0.682583749294281,366
287,2024,1,195,196,113.53018951416016,0.6083583235740662,366
288,2024,2,89,158,102.95618057250977,0.8979219198226929,366
289,2024,2,58,97,39.01427364349365,0.834753155708313,366
290,2024,4,142,197,173.74457931518555,0.5733372569084167,366
291,2024,2,170,168,141.49545288085938,0.585740864276886,366
292,2024,1,172,163,35.92848587036133,0.8966538310050964,366
293,2024,2,94,145,112.42568588256836,0.8819650411605835,366
294,2024,1,178,175,54.324180603027344,0.994564950466156,366
295,2024,3,45,107,85.55471611022949,0.8200711011886597,366
296,2024,2,102,121,54.80523157119751,0.754109799861908,366
297,2024,3,49,110,46.31002140045166,0.5876569747924805,366
298,2024,1,327,274,327.99090576171875,0.851630687713623,366
299,2024,2,125,180,161.2718620300293,0.8669863343238831,366
300,2024,3,103,168,167.9312229156494,0.7508236169815063,366
301,2024,2,143,193,194.9399070739746,0.642529308795929,366
302,2024,2,109,168,198.31128692626953,0.8995568156242371,366
303,2024,2,170,188,201.84974670410156,0.6740549206733704,366
304,2024,2,98,171,54.21793174743652,0.7527313828468323,366
305,2024,4,96,157,71.3162202835083,0.8206343650817871,366
306,2024,2,167,241,292.90496826171875,0.88291335105896,366
307,2024,2,166,240,249.65848541259766,0.8346275687217712,366
308,2024,1,28,35,24.555234909057617,0.2889474630355835,366
309,2024,2,131,166,126.19956493377686,0.4713176488876343,366
310,2024,0,0,16,0.0,,248
311,2024,0,0,16,0.0,,247
312,2024,2,168,233,244.05848693847656,0.8956984877586365,366
313,2024,3,75,160,180.17167854309082,0.8765571117401123,366
314,2024,0,0,27,0.0,,256
315,2024,1,17,28,15.166678428649902,0.41294968128204346,278
316,2024,2,102,109,48.375633239746094,0.7996273040771484,366
317,2024,3,104,128,45.221190214157104,0.7429821491241455,366
318,2024,1,22,46,26.217426300048828,0.45287221670150757,288
319,2024,1,17,30,13.43163776397705,0.3659989535808563,272
320,2024,2,22,79,11.50231647491455,0.9635002613067627,366
321,2024,2,174,177,71.14587783813477,0.9965115785598755,366
322,2024,2,60,107,24.194239616394043,0.9906337261199951,366
323,2024,4,64,141,48.99724292755127,0.9196128845214844,366
324,2024,3,128,271,316.7675437927246,0.818652331829071,366
325,2024,2,85,158,167.51031112670898,0.7938894629478455,366
326,2024,2,59,149,145.53204727172852,0.8467269539833069,366
327,2024,2,98,133,99.61773300170898,0.7721707820892334,366
328,2024,3,142,183,183.83647632598877,0.8729677200317383,366
329,2024,3,89,150,131.72551250457764,0.8379309773445129,366
330,2024,1,175,159,128.13641357421875,0.7389619946479797,366
331,2024,1,140,137,99.66914367675781,0.8462089896202087,366
332,2024,4,138,216,211.84847164154053,0.5892871618270874,366
333,2024,2,85,172,180.1948699951172,0.8071989417076111,366
334,2024,2,96,157,166.24264526367188,0.7684703469276428,366
335,2024,3,29,78,58.0203982591629,0.5366231203079224,307
336,2024,1,23,39,29.335386276245117,0.4393846392631531,314
337,2024,3,54,123,34.58028697967529,0.8402267098426819,366
338,2024,3,67,128,26.874784231185913,0.8028764128684998,366
339,2024,4,92,189,171.4598536491394,0.8555610179901123,366
340,2024,2,94,173,200.22429275512695,0.7896514534950256,366
341,2024,3,46,92,42.39405059814453,0.7322670221328735,366
342,2024,3,102,192,83.28877925872803,0.8094449043273926,366
343,2024,4,57,153,51.62672472000122,0.7839288115501404,366
344,2024,1,52,84,27.060894012451172,0.6355348825454712,366
345,2024,1,38,74,28.872955322265625,0.5637034177780151,366
346,2024,4,27,118,22.896276235580444,1.0,366
347,2024,4,55,146,33.984240770339966,0.9189398884773254,366
348,2024,3,87,156,38.002474784851074,0.6663411855697632,356
349,2024,3,55,128,37.97844696044922,0.986969530582428,366
350,2024,2,74,131,120.8723258972168,0.8981869220733643,366
351,2024,1,104,106,49.82374954223633,0.8878984451293945,366
352,2024,3,64,124,33.522093176841736,0.883624255657196,366
353,2024,2,65,119,29.977844715118408,0.9761172533035278,333
354,2024,5,42,150,81.18705892562866,0.8000601530075073,366
355,2024,4,48,131,58.5223388671875,0.9042736291885376,366
356,2024,3,76,128,49.38365936279297,0.8028688430786133,366
357,2024,3,70,120,41.82181912660599,0.8238958120346069,366
358,2024,2,40,88,26.590696334838867,0.7564156651496887,337
359,2024,2,37,82,29.98022699356079,0.6333162188529968,318
360,2024,3,44,105,53.63042736053467,0.7976287007331848,366
361,2024,3,47,104,54.28860950469971,0.760686993598938,366
362,2024,2,67,120,94.17685890197754,0.6365429759025574,366
363,2024,2,75,112,67.90227508544922,0.8482339382171631,366
364,2024,4,49,119,33.84635925292969,0.9740568995475769,366
365,2024,2,25,66,27.65187168121338,0.7635424137115479,366
366,2024,2,106,162,50.56632995605469,0.9671647548675537,366
367,2024,3,102,178,57.497159481048584,0.8482186794281006,366
368,2024,2,99,159,136.67156982421875,0.9335687160491943,366
369,2024,2,101,163,157.6907730102539,0.9139689207077026,366
370,2024,1,154,140,94.21562194824219,0.6354130506515503,366
371,2024,1,134,114,92.38691711425781,0.8788022398948669,366
372,2024,2,59,114,65.73898506164551,0.836228609085083,366
373,2024,1,68,68,50.17736053466797,0.7752686142921448,366
374,2024,2,65,114,68.95398712158203,0.9519615173339844,366
375,2024,1,120,116,65.97750091552734,0.7544571757316589,366
376,2024,2,70,90,25.360579013824463,0.8757744431495667,272
377,2024,2,50,96,31.47373390197754,0.8851297497749329,312
378,2024,3,48,104,34.027523040771484,0.7767195701599121,294
379,2024,3,53,99,34.74565124511719,0.7752775549888611,293
380,2024,4,55,170,65.42600536346436,0.6385764479637146,324
381,2024,3,56,146,35.45225954055786,0.7678637504577637,294
382,2024,3,94,125,119.70524024963379,0.7453560829162598,366
383,2024,2,101,123,61.47438716888428,0.5904229879379272,366
384,2024,2,93,126,68.50332641601562,0.7118111252784729,366
385,2024,3,91,168,143.7518768310547,0.8063903450965881,366
386,2024,3,91,153,146.46767807006836,0.8507400155067444,366
387,2024,3,72,111,55.75611591339111,0.8585279583930969,287
388,2024,4,76,118,72.7124115228653,0.6335573196411133,267
389,2024,5,30,103,30.992130041122437,0.8054345846176147,366
390,2024,3,32,83,32.92675733566284,0.8064959049224854,366
391,2024,2,94,145,103.61840438842773,0.6889167428016663,366
392,2024,2,93,121,69.86685562133789,0.6620166897773743,366
393,2024,2,92,143,40.36212158203125,0.8747605681419373,366
394,2024,3,90,163,50.47888231277466,0.8757693767547607,366
395,2024,2,101,128,63.46224594116211,0.929678201675415,366
396,2024,2,93,137,107.17147827148438,0.9403174519538879,366
397,2024,3,44,112,87.07569980621338,0.6375858187675476,366
398,2024,3,26,71,41.90339708328247,0.8506163358688354,366
399,2024,3,71,112,42.9398307800293,0.9849408864974976,280
400,2024,2,71,108,44.33360052108765,0.7956465482711792,267
401,2024,2,91,148,45.89357948303223,0.9559774994850159,366
402,2024,2,91,118,34.56225919723511,0.9555713534355164,366
403,2024,0,0,7,0.0,,223
404,2024,1,17,27,0.9007143974304199,0.4103018045425415,205
405,2024,2,26,58,17.286319494247437,0.6682252287864685,255
406,2024,2,34,60,15.416917324066162,0.5444373488426208,263
407,2024,1,88,121,63.46062469482422,0.856069803237915,366
408,2024,1,88,119,73.9097671508789,0.9119679927825928,366
409,2024,1,15,26,4.72567081451416,0.6681097149848938,223
410,2024,0,0,19,0.0,,217
411,2024,2,44,59,14.423525333404541,0.8024564981460571,203
412,2024,1,27,39,2.6866302490234375,0.5394144058227539,187
413,2024,2,172,213,147.03778839111328,0.9028570652008057,366
414,2024,3,128,215,134.9083957672119,0.8577024340629578,366
415,2024,2,91,148,41.07408142089844,0.9453507661819458,366
416,2024,1,66,105,30.877531051635742,1.0,317
417,2024,4,36,104,43.848429679870605,0.9038238525390625,366
418,2024,3,58,151,37.636760234832764,0.7798177599906921,302
419,2024,3,67,132,51.42390823364258,0.9888871908187866,366
420,2024,3,53,128,75.50186729431152,0.8738234043121338,349
421,2024,2,137,131,69.64100074768066,0.8916585445404053,366
422,2024,3,53,113,52.576536655426025,0.8301632404327393,315
423,2024,2,129,156,87.8756332397461,1.0,366
424,2024,2,101,154,121.83890151977539,1.0,366
425,2024,2,48,89,30.18065857887268,0.8566543459892273,330
426,2024,1,161,134,45.09510040283203,1.0,366
427,2024,2,93,150,115.69002532958984,0.8553975224494934,366
428,2024,2,105,159,100.90755844116211,1.0,366
429,2024,1,84,88,45.72210693359375,0.912406861782074,366
430,2024,2,85,120,60.293437004089355,0.9294731020927429,366
431,2024,3,36,98,26.374643802642822,0.6959776878356934,277
432,2024,2,71,119,60.408267974853516,0.9498509168624878,366
433,2024,3,32,83,30.416701793670654,0.6605934500694275,267
434,2024,3,69,132,51.620243549346924,0.9710574150085449,366
435,2024,3,30,71,31.705926418304443,0.6834678053855896,249
436,2024,3,29,63,32.50774049758911,0.8078708052635193,244
437,2024,1,166,163,39.12479019165039,0.9739130735397339,366
438,2024,2,83,134,45.73599815368652,0.9830967783927917,366
439,2024,2,85,141,45.07727336883545,0.9918423295021057,366
440,2024,2,63,115,40.41366958618164,0.8291862607002258,339
441,2024,0,0,26,0.0,,237
442,2024,1,27,33,3.777384042739868,0.7407166361808777,248
443,2024,2,37,67,11.706809997558594,0.6953215003013611,259
444,2024,1,30,51,6.1226348876953125,0.7286290526390076,241
445,2024,2,107,125,55.91316080093384,0.824805498123169,366
446,2024,2,132,145,71.57144737243652,0.9380480647087097,356
447,2024,2,125,136,79.84728813171387,0.9470328688621521,366
448,2024,3,64,120,67.24864673614502,0.982805609703064,366
449,2024,1,70,76,26.483705520629883,0.9945039749145508,366
450,2024,2,44,94,28.7103853225708,0.8262611627578735,270
451,2024,2,177,201,91.01019620895386,0.9125877618789673,366
452,2024,3,51,124,54.29817771911621,0.8609721660614014,286
453,2024,1,126,144,73.18801879882812,0.7558448314666748,366
454,2024,2,120,175,101.06586074829102,0.8574985861778259,366
455,2024,3,26,89,36.407071590423584,0.7015591263771057,264
456,2024,3,18,60,24.036184549331665,0.771521806716919,255
457,2024,2,77,218,91.66687393188477,0.8221359252929688,366
458,2024,4,81,185,113.01266145706177,0.7980937957763672,366
459,2024,3,50,111,44.61440944671631,0.811756432056427,287
460,2024,3,59,135,71.41387939453125,0.8431822061538696,304
461,2024,1,84,87,39.82804489135742,1.0,366
462,2024,3,54,131,39.602251052856445,0.9346610903739929,366
463,2024,1,116,123,52.816646575927734,1.0,366
464,2024,3,81,144,48.05415344238281,0.8933620452880859,366
465,2024,2,90,147,79.66448974609375,0.9125488996505737,366
466,2024,1,130,141,48.469444274902344,0.9973074793815613,366
467,2024,4,44,132,63.51471519470215,0.9161748290061951,366
468,2024,0,0,16,0.0,,218
469,2024,0,0,12,0.0,,218
470,2024,2,57,75,18.677637577056885,0.9056504368782043,366
471,2024,1,15,31,1.7636269330978394,0.6906603574752808,237
472,2024,0,0,23,0.0,,244
473,2024,1,98,84,21.57752799987793,0.9464334845542908,366
474,2024,3,49,118,62.125244140625,0.6084345579147339,326
475,2024,2,46,87,35.468902587890625,0.7192266583442688,323
476,2024,2,21,38,20.88265323638916,0.6620621085166931,225
477,2024,1,20,39,16.43305206298828,0.585120677947998,271
478,2024,2,62,113,44.90933036804199,0.9792618751525879,366
479,2024,2,134,151,80.88208389282227,0.9488354921340942,366
480,2024,2,59,112,42.517648696899414,0.8667474389076233,300
481,2024,2,56,118,51.46712875366211,0.8429247140884399,319
482,2024,0,0,2,0.0,,220
483,2024,0,0,10,0.0,,230
484,2024,2,59,120,51.41839027404785,0.8049558401107788,305
485,2024,3,55,109,54.52689075469971,0.8099102973937988,288
486,2024,1,29,39,21.694377899169922,0.7197736501693726,223
487,2024,1,32,52,32.2154541015625,0.6187188625335693,252
488,2024,1,21,37,10.821155548095703,0.5095558166503906,211
489,2024,1,32,35,15.356782913208008,0.5831758379936218,230
490,2024,2,46,78,27.194092988967896,0.8948839902877808,299
491,2024,2,55,102,40.59284782409668,0.8686187863349915,300
492,2024,3,134,182,91.70354175567627,0.9855213165283203,366
493,2024,3,46,117,59.330169677734375,0.841019868850708,330
494,2024,0,0,12,0.0,,218
495,2024,0,0,15,0.0,,228
496,2024,2,52,93,34.135247230529785,0.8520369529724121,314
497,2024,2,42,74,24.797393798828125,0.8574358224868774,310
498,2024,2,184,162,112.02945709228516,0.584807276725769,366
499,2024,4,67,139,82.73119163513184,0.5989382863044739,366
500,2024,0,0,18,0.0,,234
501,2024,0,0,14,0.0,,251
502,2024,4,69,134,92.81720733642578,0.703551709651947,366
503,2024,4,68,138,100.96740341186523,0.6473469734191895,366
504,2024,0,0,34,0.0,,232
505,2024,1,19,30,2.9647388458251953,0.7334428429603577,237
506,2024,2,46,83,25.808533668518066,0.836516261100769,282
507,2024,2,55,104,31.789982795715332,0.8975422382354736,291
508,2024,3,161,159,106.75543594360352,0.9439493417739868,366
509,2024,2,114,137,70.5627613067627,1.0,344
510,2024,1,16,19,1.9412379264831543,0.5502557158470154,262
511,2024,1,17,18,0.5241799354553223,0.26303479075431824,272
512,2024,4,47,125,68.13164710998535,0.9248097538948059,324
513,2024,3,40,111,56.27141761779785,0.9336512088775635,314
514,2024,2,58,100,33.00457811355591,0.7877013087272644,306
515,2024,2,36,60,11.664053440093994,0.7844234704971313,306
516,2024,3,135,196,138.2878589630127,1.0,351
517,2024,3,103,132,67.82627391815186,0.7944546341896057,366
518,2024,2,30,67,11.599847793579102,0.6987864375114441,267
519,2024,1,26,32,9.568777084350586,0.4165836572647095,235
520,2024,3,65,135,50.7181339263916,0.5525334477424622,366
521,2024,3,129,171,86.001389503479,0.6785540580749512,366
522,2024,2,21,60,6.821089267730713,0.8645511865615845,258
523,2024,0,0,39,0.0,,245
524,2024,3,57,134,77.8354377746582,0.9069640636444092,317
525,2024,3,37,99,56.30828857421875,0.9428771138191223,317
526,2024,3,72,150,66.5705394744873,0.7227874398231506,366
527,2024,3,72,120,52.934181690216064,0.8906377553939819,355
528,2024,1,25,16,13.130308151245117,0.3263120949268341,224
529,2024,1,17,18,15.46945858001709,0.42911815643310547,235
530,2024,2,34,72,16.973960876464844,0.8278704285621643,273
531,2024,2,35,71,17.025869846343994,0.8412477970123291,285
532,2024,2,23,121,27.60714340209961,0.5668771862983704,340
533,2024,4,33,117,51.69755744934082,0.6916406154632568,332
534,2024,0,0,10,0.0,,220
535,2024,0,0,17,0.0,,211
536,2024,3,36,115,49.06338596343994,0.8254256844520569,308
537,2024,3,45,125,54.9696044921875,0.8215414881706238,305
538,2024,2,137,198,109.12028121948242,0.9002735018730164,357
539,2024,2,134,151,59.57388496398926,0.9474285840988159,341
540,2024,2,51,98,29.659912109375,0.8304617404937744,293
541,2024,3,29,86,35.64339590072632,0.8022986054420471,293
542,2024,3,121,263,120.60794186592102,0.8586198687553406,366
543,2024,3,58,200,43.82036876678467,0.9442346692085266,340
544,2024,1,160,161,100.50785064697266,0.9444922208786011,366
545,2024,1,122,143,74.23784637451172,0.8437106609344482,366
546,2024,3,50,88,35.66724443435669,0.8932953476905823,304
547,2024,3,35,98,37.16622304916382,0.8853448033332825,298
548,2024,1,15,30,17.284799575805664,0.6040586829185486,221
549,2024,1,15,27,14.144371032714844,0.7289649844169617,213
550,2024,4,54,155,117.28087425231934,0.8567929267883301,366
551,2024,3,55,153,94.38073062896729,0.7932083010673523,366
552,2024,3,55,169,97.19742774963379,0.7011911869049072,366
553,2024,2,32,124,24.481433868408203,0.7619010806083679,305
554,2024,3,45,153,78.28596019744873,0.7910794019699097,314
555,2024,1,23,59,4.665060520172119,0.7505268454551697,258
556,2024,1,25,52,5.288082122802734,0.7908535599708557,257
557,2024,2,121,157,98.52811813354492,0.9749742746353149,366
558,2024,2,145,162,128.81040954589844,0.7996711730957031,366
559,2024,4,60,201,105.5166826248169,0.6790741682052612,352
560,2024,2,180,231,107.2617540359497,0.6031794548034668,347
561,2024,3,49,140,66.0577621459961,0.8470139503479004,298
562,2024,4,49,154,69.1856918334961,0.8237396478652954,294
563,2024,1,16,9,12.574859619140625,0.6934744715690613,199
564,2024,1,16,19,17.607820510864258,0.7899362444877625,205
565,2024,1,15,25,16.593307495117188,0.5957589149475098,235
566,2024,0,0,24,0.0,,237
567,2024,1,18,55,8.419082641601562,0.3551786243915558,258
568,2024,1,17,13,6.613317012786865,0.6211446523666382,204
569,2024,3,28,85,27.14441728591919,0.8104408979415894,282
570,2024,3,32,89,35.400630474090576,0.722701370716095,282
571,2024,3,41,169,49.13298797607422,0.8321431875228882,288
572,2024,3,41,135,44.052505016326904,0.8453613519668579,286
573,2024,3,66,126,31.64225482940674,0.7013968229293823,366
574,2024,4,78,141,113.62144184112549,0.5696832537651062,366
575,2024,2,32,66,27.62428379058838,0.8284727334976196,282
576,2024,1,32,59,13.55709457397461,0.8458951711654663,281
577,2024,3,43,187,55.00376510620117,0.8058199882507324,314
578,2024,2,32,163,21.20427131652832,0.6892620921134949,305
579,2024,1,15,21,2.9037249088287354,0.6658724546432495,268
580,2024,1,17,21,0.7735618352890015,0.5413126945495605,278
581,2024,3,44,162,36.19118118286133,0.7423900365829468,310
582,2024,4,31,130,37.81078767776489,0.7912247776985168,313
583,2024,2,26,57,13.477470874786377,0.741711437702179,272
584,2024,2,38,65,9.384737014770508,0.8906523585319519,269
585,2024,2,165,222,104.88556289672852,0.8737141489982605,366
586,2024,2,75,105,45.653350830078125,0.5969927906990051,366
587,2024,3,64,113,51.21581268310547,0.49948543310165405,366
588,2024,2,129,200,119.34986114501953,0.7500226497650146,366
589,2024,2,33,148,20.797393798828125,0.708309531211853,302
590,2024,3,48,204,56.71545219421387,0.8417439460754395,309
591,2024,2,117,134,80.3019790649414,0.8125556111335754,366
592,2024,2,123,148,103.8911247253418,0.8067377805709839,366
593,2024,3,47,190,64.23688459396362,0.750026524066925,301
594,2024,3,53,187,52.92777729034424,0.8644784688949585,299
595,2024,2,31,66,20.790120124816895,0.786477267742157,280
596,2024,3,31,88,31.568333625793457,0.757336437702179,277
597,2024,2,24,64,14.707817077636719,0.8129785060882568,251
598,2024,1,16,42,10.646062850952148,0.29499173164367676,246
599,2024,0,0,11,0.0,,292
600,2024,1,18,23,3.525191068649292,0.5677658319473267,323
601,2024,1,22,39,5.889346599578857,0.7841446399688721,268
602,2024,2,21,62,7.108614444732666,0.875656247138977,265
603,2024,1,17,9,12.349998474121094,0.8898537755012512,196
604,2024,2,17,37,10.624948024749756,0.6650393009185791,326
605,2024,1,29,40,18.27916145324707,0.42435353994369507,243
606,2024,1,17,25,11.31845760345459,0.29930898547172546,242
607,2024,0,0,17,0.0,,237
608,2024,0,0,23,0.0,,230
609,2024,2,132,132,49.05464553833008,0.868678867816925,366
610,2024,2,113,115,54.72311210632324,0.7267907857894897,366
611,2024,2,57,168,37.8301305770874,0.866309642791748,327
612,2024,3,168,172,93.42770671844482,0.9978914856910706,336
613,2024,3,42,122,53.52088928222656,0.8847044110298157,282
614,2024,4,49,132,82.69822216033936,0.8560478091239929,276
615,2024,4,49,136,102.61528205871582,0.4928453266620636,366
616,2024,2,120,113,44.15367889404297,0.7380742430686951,366
617,2024,2,22,41,6.60050892829895,0.5737480521202087,328
618,2024,2,31,52,20.280354499816895,0.7155542373657227,321
619,2024,2,36,72,19.57212781906128,0.7788889408111572,274
620,2024,2,36,75,23.544163703918457,0.7759618163108826,273
621,2024,2,17,32,27.819525718688965,0.4838845431804657,223
622,2024,1,16,29,12.906360626220703,0.4304334819316864,235
623,2024,1,16,43,3.505617141723633,0.7304221391677856,259
624,2024,3,37,80,17.162976503372192,0.5168383717536926,330
625,2024,2,30,61,13.088402032852173,0.9849119186401367,366
626,2024,1,24,47,4.609657287597656,0.816578209400177,263
627,2024,4,41,124,60.38865375518799,0.8556925654411316,269
628,2024,3,36,95,39.2288703918457,0.8361831903457642,272
629,2024,2,32,72,17.747854709625244,1.0,348
630,2024,4,30,80,12.887144923210144,0.9957068562507629,366
631,2024,2,40,113,20.614186763763428,0.8405033349990845,274
632,2024,1,17,13,14.893906593322754,0.9518306851387024,196
633,2024,2,30,46,18.964619755744934,0.8600378036499023,272
634,2024,2,39,105,21.4127140045166,0.8735859394073486,273
635,2024,4,44,153,78.12815189361572,0.8469643592834473,288
636,2024,3,52,134,46.985108375549316,0.7767993807792664,285
637,2024,2,156,187,116.11859512329102,0.9955891966819763,366
638,2024,2,153,179,88.4178695678711,0.9887505769729614,366
639,2024,2,38,103,22.91340923309326,0.6881058812141418,275
640,2024,3,40,115,54.22331666946411,0.8722460269927979,276
641,2024,1,18,22,21.17629623413086,0.77323317527771,208
642,2024,1,19,15,16.732749938964844,0.9629847407341003,196
643,2024,1,16,47,9.157268524169922,0.21112169325351715,251
644,2024,1,19,52,3.372192621231079,0.849372148513794,255
645,2024,3,42,110,70.41927909851074,0.8541164398193359,274
646,2024,4,35,103,45.08712029457092,0.7924139499664307,271
647,2024,3,45,150,61.39660120010376,0.8858808875083923,289
648,2024,2,43,123,47.80543327331543,0.8083019256591797,287
649,2024,1,17,15,17.08916473388672,0.8603112697601318,201
650,2024,1,17,22,17.306411743164062,0.8116355538368225,202
651,2024,2,46,121,30.18392777442932,0.9094240069389343,274
652,2024,3,41,105,25.09306526184082,0.9176018238067627,271
653,2024,2,34,81,33.288262367248535,0.8409347534179688,366
654,2024,2,57,183,30.0916166305542,0.8821819424629211,325
655,2024,3,74,132,80.3476505279541,0.7494215965270996,306
656,2024,2,108,97,45.50764083862305,0.9396160244941711,357
657,2024,3,47,82,42.97506332397461,0.8765044212341309,366
658,2024,2,37,68,41.28945446014404,0.8078752160072327,366
659,2024,3,41,112,58.40581798553467,0.8854149580001831,271
660,2024,4,35,95,37.78174638748169,0.7677103281021118,260
661,2024,1,16,49,10.971641540527344,0.2657996416091919,251
662,2024,3,23,72,9.624912023544312,0.7927337884902954,256
663,2024,3,51,116,75.99207496643066,0.862046480178833,267
664,2024,3,44,127,68.88783073425293,0.8803660869598389,264
665,2024,3,34,97,39.80845928192139,0.7668941617012024,258
666,2024,3,35,94,36.451107025146484,0.7991331815719604,259
667,2024,3,45,158,74.50058031082153,0.8206253051757812,292
668,2024,1,39,62,18.276308059692383,0.8901427388191223,283
669,2024,3,43,109,34.484482288360596,0.7399193644523621,301
670,2024,2,40,88,34.01219654083252,0.7330961227416992,297
671,2024,1,16,12,14.392257690429688,0.804315984249115,195
672,2024,1,16,17,15.52499008178711,0.7015090584754944,207
673,2024,1,17,14,17.79413414001465,0.787516176700592,202
674,2024,1,17,11,18.0556583404541,0.7638756036758423,201
675,2024,4,38,110,70.93824577331543,0.7862765789031982,274
676,2024,1,35,83,12.14657974243164,0.7574071884155273,272
677,2024,4,42,105,42.851308047771454,0.8710406422615051,366
678,2024,2,111,108,63.44878387451172,0.8737308382987976,366
679,2024,1,15,22,5.989507675170898,0.6782448291778564,323
680,2024,2,19,32,4.639495372772217,0.300361305475235,347
681,2024,1,33,44,13.897140502929688,0.819589376449585,278
682,2024,3,33,84,47.8648681640625,0.7920058965682983,272
683,2024,2,36,61,13.959176063537598,0.5658643841743469,366
684,2024,2,19,30,9.389418363571167,0.5919299125671387,353
685,2024,2,34,93,22.753613471984863,0.8702796101570129,264
686,2024,2,35,57,16.00808572769165,0.7605873346328735,263
687,2024,2,20,58,6.95067572593689,0.4905559718608856,334
688,2024,2,81,80,19.349173069000244,0.5689030885696411,366
689,2024,2,19,66,9.454440355300903,0.7918437719345093,341
690,2024,4,35,91,16.1328444480896,0.6915640830993652,351
691,2024,1,18,23,20.86680030822754,0.6665971875190735,212
692,2024,1,16,13,15.362177848815918,0.5854238271713257,212
693,2024,1,35,64,17.857263565063477,0.8377602696418762,256
694,2024,1,27,53,8.540329933166504,0.7665533423423767,260
695,2024,3,17,56,41.33532929420471,0.6992969512939453,246
696,2024,2,21,42,47.46956443786621,0.6833357214927673,227
697,2024,3,34,91,45.357709884643555,0.8862524032592773,250
698,2024,3,33,89,41.522085189819336,0.8539690375328064,251
699,2024,2,36,78,27.06088924407959,0.8241750001907349,256
700,2024,1,47,71,25.494327545166016,0.8678668141365051,255
701,2024,1,17,14,17.01060676574707,0.5486977100372314,213
702,2024,2,19,31,16.68272829055786,0.7240486145019531,228
703,2024,3,45,96,45.260770320892334,0.979548454284668,357
704,2024,3,107,139,65.96818923950195,1.0,366
705,2024,1,154,185,61.69586181640625,0.9735425114631653,366
706,2024,2,154,203,80.3237133026123,1.0,366
707,2024,2,39,71,15.795365810394287,0.8064891695976257,294
708,2024,1,28,37,10.798800468444824,0.8387846946716309,283
709,2024,3,28,73,40.73870134353638,0.9151131510734558,260
710,2024,3,25,69,40.24358296394348,0.8853498697280884,257
711,2024,2,24,66,11.541646003723145,0.9051231741905212,255
712,2024,3,28,74,25.597747325897217,0.7774354815483093,254
713,2024,2,112,136,56.84254264831543,0.9720674157142639,366
714,2024,2,30,59,20.643883228302002,0.8079504370689392,274
715,2024,1,28,46,15.293431282043457,0.7689842581748962,274
716,2024,2,25,56,14.1119384765625,0.7306421995162964,273
717,2024,4,25,80,49.463640451431274,0.8571208119392395,250
718,2024,2,19,53,17.902453422546387,0.8399782776832581,246
719,2024,0,0,19,0.0,,217
720,2024,1,26,36,4.785545825958252,0.8314152956008911,226
721,2024,2,27,49,10.690761804580688,0.7415136694908142,277
722,2024,1,26,39,13.126701354980469,0.7753472924232483,272
723,2024,4,31,87,41.43350100517273,0.8189268708229065,254
724,2024,3,16,47,33.58333349227905,0.6956986784934998,239
725,2024,3,30,69,35.03233766555786,0.84042888879776,273
726,2024,3,31,87,32.390432357788086,0.7473079562187195,272
727,2024,2,35,102,19.950980186462402,0.7480199933052063,286
728,2024,2,32,58,14.789382696151733,0.7962440848350525,288
729,2024,3,31,75,17.502829551696777,0.8442414999008179,251
730,2024,2,27,52,13.677934169769287,0.9473432302474976,244
731,2024,2,29,60,11.213732242584229,0.7369652986526489,269
732,2024,2,31,63,13.805989265441895,0.7453183531761169,272
733,2024,3,27,69,45.98163986206055,0.8349316716194153,262
734,2024,3,22,73,34.30243682861328,0.8170595169067383,263
735,2024,2,140,137,52.53742218017578,0.8112608194351196,366
736,2024,3,47,102,34.09532403945923,1.0,366
737,2024,2,18,58,9.835291862487793,0.9067390561103821,249
738,2024,2,20,37,8.211071014404297,0.5366606116294861,366
739,2024,2,19,55,8.914900541305542,0.9230311512947083,247
740,2024,1,33,45,10.666374206542969,0.7649126052856445,366
741,2024,2,33,49,17.355119705200195,0.7939930558204651,366
742,2024,1,28,23,16.578834533691406,0.8225634694099426,366
743,2024,1,34,64,28.606910705566406,0.8422033786773682,366
744,2024,1,30,39,18.988309860229492,0.869010865688324,366
745,2024,1,23,33,4.842215061187744,0.9049329161643982,230
746,2024,1,19,28,4.213524341583252,0.988365113735199,217
747,2024,2,35,47,11.322135210037231,0.6499420404434204,366
748,2024,1,16,26,2.226651906967163,0.21598467230796814,366
749,2024,3,24,72,39.89356184005737,0.7878881692886353,265
750,2024,3,26,65,27.845587015151978,0.8344064354896545,265
751,2024,3,24,67,15.943125009536743,0.744033694267273,252
752,2024,1,17,44,3.660098075866699,0.8638623356819153,245
753,2024,2,30,76,47.50427579879761,0.7530656456947327,254
754,2024,3,21,82,26.841930866241455,0.8170280456542969,262
755,2024,1,15,26,3.809558391571045,0.9946184158325195,224
756,2024,1,15,21,3.740722179412842,1.0,222
757,2024,3,24,72,26.945618629455566,0.8165533542633057,264
758,2024,2,27,77,17.47946262359619,0.8458585143089294,266
759,2024,1,17,24,3.8517887592315674,0.8903862237930298,224
760,2024,0,0,18,0.0,,218
761,2024,1,18,41,5.004136085510254,1.0,231
762,2024,1,16,23,4.277568817138672,0.9722200632095337,227
763,2024,2,24,61,26.827646732330322,0.9095660448074341,249
764,2024,1,18,42,6.511931896209717,0.9272376894950867,247
765,2024,3,20,72,31.79496669769287,0.8385111093521118,257
766,2024,3,20,57,27.927847623825073,0.85157310962677,255
767,2024,2,29,93,16.51193857192993,0.8587941527366638,276
768,2024,2,31,106,17.302130222320557,0.8522183299064636,276
769,2024,1,21,37,6.711815357208252,0.9740825891494751,243
770,2024,1,18,29,4.409512996673584,0.9955743551254272,229
771,2024,1,17,34,4.945369720458984,0.8711104989051819,248
772,2024,1,16,34,6.27229118347168,0.9509254693984985,246
773,2024,2,33,121,21.81706142425537,0.8872553706169128,274
774,2024,2,30,104,19.13891887664795,0.8297828435897827,268
775,2024,1,24,32,8.278745651245117,0.9166879057884216,246
776,2024,2,20,47,9.00757908821106,0.9448709487915039,249
777,2024,2,21,59,19.78769302368164,0.8831751942634583,248
778,2024,1,18,41,6.172560214996338,0.918155312538147,246
779,2024,0,0,28,0.0,,221
780,2024,0,0,16,0.0,,216
781,2024,0,0,8,0.0,,213
782,2024,0,0,17,0.0,,209
783,2024,1,16,14,14.202896118164062,0.8481133580207825,320
784,2024,3,21,62,15.415414810180664,0.8065463900566101,322
785,2024,4,28,83,52.22964000701904,0.8421964645385742,254
786,2024,2,23,52,10.114190578460693,0.9155895709991455,251
787,2024,0,0,10,0.0,,213
788,2024,0,0,39,0.0,,236
789,2024,0,0,13,0.0,,214
790,2024,1,15,39,9.091093063354492,0.3249918520450592,226
791,2024,1,16,14,12.63580322265625,0.9135660529136658,366
792,2024,2,19,38,15.024327456951141,0.9830277562141418,366
793,2024,1,18,41,16.524703979492188,0.3147658705711365,236
794,2024,1,16,37,14.176776885986328,0.34978431463241577,232
795,2024,2,24,68,3.782154858112335,0.4977082312107086,296
796,2024,2,32,53,22.7147798538208,0.8185756802558899,265
797,2024,4,23,93,48.813666343688965,0.7235041856765747,259
798,2024,3,23,61,22.63985562324524,0.773942768573761,258
799,2024,2,18,43,18.71919536590576,0.9940285682678223,243
800,2024,2,25,51,33.663156032562256,1.0,243
801,2024,3,20,69,29.470598697662354,0.8605726361274719,366
802,2024,3,33,62,24.026298999786377,0.8930301070213318,366
803,2024,1,22,36,17.917972564697266,0.4022843539714813,230
804,2024,1,27,39,17.471437454223633,0.4504319727420807,215
805,2024,2,21,70,11.226252317428589,0.8363481760025024,258
806,2024,2,27,66,14.607202529907227,0.8384439945220947,264
807,2024,2,23,53,11.67372179031372,0.9837496280670166,253
808,2024,2,23,48,26.158118724822998,0.973722517490387,247
809,2024,2,29,70,15.312450885772705,0.8226146101951599,263
810,2024,2,25,53,14.991498947143555,0.8694816827774048,261
811,2024,1,22,36,16.042503356933594,0.4210570454597473,219
812,2024,1,23,27,11.337259292602539,0.4414478540420532,210
813,2024,2,25,88,14.225294589996338,0.8436776995658875,263
814,2024,2,24,90,13.417840003967285,0.8343488574028015,261
815,2024,3,40,106,87.51293611526489,0.7811662554740906,289
816,2024,3,61,164,97.00211191177368,0.7464038133621216,336
817,2024,2,29,106,18.215571403503418,0.892733097076416,268
818,2024,2,32,136,20.064208507537842,0.6889910697937012,278
819,2024,1,22,23,6.770450115203857,0.3908451795578003,209
820,2024,0,0,17,0.0,,213
821,2024,2,44,121,14.924116134643555,0.6952053308486938,283
822,2024,2,89,187,42.32324028015137,0.5975754857063293,286
823,2024,0,0,24,0.0,,217
824,2024,0,0,10,0.0,,214
825,2024,3,26,66,20.583285808563232,0.8888591527938843,261
826,2024,3,25,60,25.978041172027588,0.8859113454818726,260
827,2024,2,27,64,14.553022861480713,0.8882707953453064,264
828,2024,2,26,56,13.815560817718506,0.8438407182693481,262
829,2024,2,24,48,13.78658151626587,0.860486626625061,260
830,2024,2,25,57,12.556313514709473,0.8555973768234253,261
831,2024,2,20,50,22.159681797027588,1.0,224
832,2024,2,20,47,13.344813346862793,1.0,224
833,2024,0,0,18,0.0,,215
834,2024,0,0,31,0.0,,221
835,2024,2,24,39,25.103516578674316,1.0,232
836,2024,1,24,48,5.148176193237305,1.0,231
837,2024,2,25,52,12.451839447021484,0.8160051703453064,262
838,2024,2,33,83,16.21484136581421,0.9046293497085571,273
839,2024,2,31,87,21.53219699859619,0.8972246050834656,275
840,2024,3,37,92,35.75391101837158,0.9092102646827698,281
841,2024,1,165,247,58.781890869140625,0.9406933188438416,366
842,2024,1,165,222,41.387107849121094,0.9887711405754089,366
843,2024,1,23,41,5.549777984619141,1.0,237
844,2024,1,17,33,3.906083106994629,1.0,228
845,2024,2,28,59,14.686087608337402,0.982069730758667,259
846,2024,1,25,58,8.012752532958984,0.9938002228736877,254
847,2024,0,0,36,0.0,,225
848,2024,1,16,33,2.215200424194336,0.8732603788375854,227
849,2024,2,20,44,20.67775058746338,0.9953698515892029,245
850,2024,1,20,42,4.018361568450928,0.9893707036972046,229
851,2024,1,169,208,35.246341705322266,0.8675274848937988,353
852,2024,1,152,208,21.849708557128906,0.7726273536682129,366
853,2024,1,27,51,5.799981594085693,0.9111757874488831,243
854,2024,1,21,47,3.3614745140075684,0.7892166376113892,233
855,2024,1,32,43,5.974911689758301,0.8346949815750122,247
856,2024,1,18,19,3.16109037399292,1.0,220
857,2024,1,23,34,4.880119800567627,0.9342355728149414,239
858,2024,1,23,27,4.1132378578186035,0.8401938080787659,233
859,2024,1,20,28,3.832141876220703,0.9582202434539795,234
860,2024,1,36,41,5.655117988586426,0.7107180953025818,253
861,2024,1,30,38,5.409133434295654,0.8084511756896973,241
862,2024,1,41,56,6.977035999298096,0.7476780414581299,258
863,2024,2,25,48,13.1350417137146,0.880189061164856,262
864,2024,2,27,48,13.045656204223633,0.8390100002288818,265
865,2024,2,34,61,18.55328893661499,0.918425440788269,268
866,2024,2,29,53,16.59493064880371,0.9482839107513428,263
867,2024,2,78,166,14.005552530288696,0.7400182485580444,332
868,2024,1,166,237,30.41351318359375,0.8273423910140991,366
869,2024,1,34,58,7.93699836730957,0.9759049415588379,252
870,2024,2,43,71,13.251840949058533,0.8381068706512451,266
871,2024,0,0,33,0.0,,241
872,2024,1,21,34,4.080146312713623,0.7745134234428406,239
873,2024,1,27,51,7.244526386260986,0.8494557738304138,246
874,2024,2,39,62,13.65158748626709,0.9034770131111145,260
875,2024,1,36,58,8.920610427856445,0.8600702285766602,255
876,2024,1,36,57,9.37686824798584,0.9060256481170654,255
877,2024,2,41,82,12.306212902069092,0.7114523649215698,264
878,2024,1,33,60,10.998926162719727,0.8594464659690857,254
879,2024,2,29,65,15.070286273956299,0.9121742248535156,266
880,2024,2,33,74,14.331026077270508,0.8794187307357788,267
881,2024,2,59,210,29.42313575744629,0.7055736184120178,314
882,2024,2,42,150,27.434295654296875,0.8080632090568542,291
883,2024,2,101,136,29.85675811767578,1.0,366
884,2024,2,93,163,27.47965097427368,1.0,343
885,2024,2,29,66,15.301618099212646,0.8647765517234802,266
886,2024,2,26,57,10.663350582122803,0.8658807873725891,262
887,2024,3,84,141,39.58444905281067,0.7373600602149963,366
888,2024,2,102,222,25.37680172920227,0.7640661597251892,366
889,2024,2,31,71,17.265554428100586,0.8953272104263306,272
890,2024,2,30,61,16.5163631439209,0.8839402198791504,273
891,2024,3,85,134,42.209036350250244,0.8956978917121887,366
892,2024,2,99,141,29.758931159973145,0.8619723916053772,366
893,2024,2,33,72,21.00208854675293,0.9861894249916077,273
894,2024,2,38,78,25.14424705505371,0.8977165222167969,286
895,2024,2,44,69,19.57038974761963,0.8570113778114319,279
896,2024,2,42,70,18.234893083572388,0.815841794013977,275
897,2024,2,38,69,22.32960319519043,0.8950858116149902,276
898,2024,2,36,75,22.667935371398926,0.9518879652023315,273
899,2024,2,30,65,15.047920227050781,0.8373178243637085,268
900,2024,2,30,59,13.06039047241211,0.868525505065918,267
901,2024,2,32,65,12.771825313568115,0.7862450480461121,264
902,2024,2,70,96,16.98561930656433,0.8627631068229675,298
903,2024,2,34,83,15.217284679412842,0.9302098155021667,266
904,2024,2,45,82,12.947387218475342,0.8430207967758179,265
905,2024,2,33,61,10.93527340888977,0.8170393109321594,267
906,2024,3,97,170,46.19257640838623,0.9571360945701599,328
907,2024,2,31,66,5.817768812179565,0.7548162937164307,265
908,2024,2,42,76,11.947356104850769,0.9365748763084412,273
909,2024,2,33,62,11.937415599822998,0.8332527875900269,270
910,2024,1,37,61,8.309341430664062,0.7907345294952393,271
911,2024,1,33,56,7.316651821136475,0.8729976415634155,263
912,2024,1,41,62,8.537566184997559,0.8884792327880859,264
913,2024,2,41,72,22.66356658935547,0.9653845429420471,277
914,2024,2,32,66,18.627281665802002,0.8704491257667542,271
915,2024,2,39,95,21.527578830718994,1.0,274
916,2024,3,74,125,54.30608892440796,0.9935176372528076,296
917,2024,2,49,88,11.37769865989685,0.799424946308136,280
918,2024,2,102,142,26.924893856048584,0.8606154322624207,334
919,2024,2,103,119,15.829174280166626,0.8846448659896851,329
920,2024,2,108,129,17.351188898086548,0.8340380191802979,327
921,2024,3,40,94,38.99942874908447,0.9269329309463501,287
922,2024,2,44,101,24.70658779144287,0.9602730870246887,285
923,2024,3,39,96,50.23113536834717,0.9478387832641602,286
924,2024,2,87,177,27.224610328674316,1.0,329
925,2024,2,85,116,42.09601402282715,0.9537782669067383,366
926,2024,2,99,169,43.35507678985596,0.9899149537086487,351
927,2024,2,66,103,25.93064785003662,0.7671316862106323,283
928,2024,2,83,108,29.431821823120117,0.826217532157898,309
929,2024,2,84,118,37.04784941673279,1.0,366
930,2024,2,85,145,61.10202407836914,0.8836479187011719,341
931,2024,2,156,163,62.173667907714844,0.9839240312576294,346
932,2024,3,85,174,80.07341194152832,0.981110692024231,328
933,2024,1,84,109,35.530704498291016,0.903541624546051,366
934,2024,1,82,185,35.77859878540039,0.8734820485115051,366
935,2024,2,93,119,8.899741172790527,0.9488964080810547,347
936,2024,3,64,122,13.27860140800476,0.9057577252388,366
937,2024,2,104,161,32.14040946960449,0.9948771595954895,330
938,2024,1,168,177,33.86505889892578,0.9033990502357483,366
939,2024,2,165,215,73.11007308959961,0.9960257411003113,366
940,2024,2,152,181,86.37627029418945,1.0,336
941,2024,2,53,154,23.96885395050049,0.9484940767288208,287
942,2024,2,95,188,30.634933471679688,0.91697758436203,317
943,2024,3,86,166,178.33707427978516,0.9873231053352356,333
944,2024,3,90,171,191.61056518554688,1.0,337
945,2024,1,177,211,44.2989501953125,0.9717536568641663,337
946,2024,2,102,183,39.6597785949707,0.9862489700317383,319
947,2024,2,84,110,41.946714878082275,0.934604823589325,366
948,2024,2,89,178,34.78860282897949,1.0,316
949,2024,2,155,195,100.21418762207031,0.9999851584434509,343
950,2024,3,83,169,68.92174196243286,0.9720054864883423,322
951,2024,2,101,204,37.418306827545166,0.9700960516929626,321
952,2024,2,77,94,29.289355278015137,1.0,347
953,2024,3,97,198,212.56803512573242,0.9940704703330994,344
954,2024,2,98,189,88.58318710327148,0.8949118256568909,347
955,2024,1,95,196,37.942134857177734,0.9593420624732971,351
956,2024,2,82,198,87.33792495727539,0.9999992847442627,337
957,2024,2,92,196,40.82280111312866,0.9756643176078796,333
958,2024,2,94,181,29.608757495880127,0.7832675576210022,332
959,2024,1,144,145,15.361666679382324,0.8161817193031311,366
960,2024,2,122,161,26.789544582366943,0.7208479642868042,366
961,2024,2,166,199,90.4914779663086,0.9800996780395508,366
962,2024,1,166,229,47.89684295654297,0.9999964833259583,366
963,2024,2,106,197,31.62747859954834,0.9289466142654419,327
964,2024,2,100,172,26.518163204193115,0.8771758079528809,359
965,2024,1,85,141,30.663076400756836,0.8357651829719543,366
966,2024,2,74,156,24.02687931060791,0.9901677966117859,318
967,2024,2,88,200,31.109535217285156,0.8473851084709167,332
968,2024,1,98,177,37.741207122802734,0.9414777755737305,350
969,2024,2,92,170,28.929928302764893,0.7161343097686768,339
970,2024,4,72,128,25.661505103111267,1.0,366
971,2024,2,67,133,16.510902881622314,0.7693305611610413,366
972,2024,1,83,174,29.05500602722168,0.9552358984947205,339
973,2024,2,104,201,122.14415168762207,0.9124365448951721,355
974,2024,1,123,141,27.005802154541016,0.8871622085571289,366
975,2024,2,71,115,11.1463041305542,0.6469454169273376,366
976,2024,1,173,147,34.79334259033203,0.9465158581733704,366
977,2024,2,92,126,29.690778732299805,0.9151026606559753,366
978,2024,1,26,215,9.98465347290039,0.7726876139640808,329
979,2024,2,96,187,37.9484338760376,0.989902675151825,326
980,2024,3,40,111,50.3517279624939,0.8282973766326904,345
981,2024,1,100,124,19.354209899902344,0.7930135130882263,358
982,2024,2,115,217,42.07752799987793,0.7870049476623535,337
983,2024,2,120,221,51.12917232513428,0.8860154747962952,346
984,2024,3,37,187,36.18394088745117,0.8713405132293701,366
985,2024,4,29,123,52.044137954711914,0.801335871219635,366
986,2024,2,33,166,38.30675983428955,0.8353090882301331,366
987,2024,3,72,139,73.54152011871338,0.9052083492279053,366
988,2024,2,121,190,45.79475021362305,0.9256486892700195,366
989,2024,2,121,220,46.99925422668457,0.8173023462295532,366
990,2024,2,122,146,26.00657892227173,0.6927148103713989,366
991,2024,2,121,133,33.396904945373535,0.6247814297676086,366
992,2024,1,34,209,44.983970642089844,0.5349557399749756,366
993,2024,3,167,221,184.04641914367676,0.9289212226867676,366
994,2024,3,121,173,50.070791721343994,0.7144850492477417,366
995,2024,4,31,160,26.351988077163696,0.7079639434814453,366
996,2024,2,73,164,17.789361476898193,0.5901452898979187,366
997,2024,1,56,122,13.87496566772461,0.6009559035301208,366
998,2024,2,44,106,26.01621103286743,0.6272971034049988,363
999,2024,2,19,73,15.94759750366211,0.6337100267410278,366
1000,2024,2,41,121,57.423184394836426,0.8229660391807556,366
1001,2024,3,40,119,71.36937999725342,0.7186893820762634,366
1002,2024,3,25,94,21.980051040649414,0.6843529343605042,366
1003,2024,3,16,83,30.480417251586914,0.7781254649162292,366
1004,2024,2,103,156,35.22865533828735,0.7350854277610779,366
1005,2024,2,57,145,28.648481369018555,0.8274447917938232,366
1006,2024,3,16,131,25.290027618408203,0.8749597072601318,366
1007,2024,2,59,136,33.133782386779785,0.6513742208480835,366
1008,2024,4,30,124,42.86591863632202,0.6039268970489502,366
1009,2024,1,28,92,6.550873279571533,0.5372805595397949,366
1010,2024,3,58,113,46.19236183166504,0.6484682559967041,366
1011,2024,4,41,132,67.97120308876038,0.6840754747390747,366
1012,2024,4,45,150,64.6702675819397,0.6559537053108215,366
1013,2024,1,21,108,7.058504104614258,0.5479693412780762,366
1014,2024,2,21,122,18.944504737854004,0.7978272438049316,366
1015,2024,2,76,126,58.92525100708008,0.7943409085273743,366
1016,2024,4,60,143,62.05126667022705,0.7048435807228088,366
1017,2024,2,57,112,42.87497901916504,0.7408654689788818,366
1018,2024,4,55,118,50.791223764419556,0.7403700351715088,366
1019,2024,2,47,107,35.5030574798584,0.7691325545310974,366
1020,2024,3,93,119,70.0689902305603,0.7496536374092102,366
1021,2024,3,17,81,25.116169691085815,0.86651611328125,366
1022,2024,3,58,116,37.15734004974365,0.7494047284126282,366
1023,2024,4,66,156,102.77371454238892,0.8954678773880005,366
1024,2024,2,34,79,42.447513580322266,0.7093517184257507,366
1025,2024,3,19,99,30.075732469558716,0.8222604393959045,366
1026,2024,2,19,57,20.57785940170288,0.6356903910636902,366
1027,2024,2,20,44,17.473200798034668,0.2804833650588989,366
1028,2024,1,16,41,6.9198455810546875,0.6255364418029785,366
1029,2024,3,39,104,59.56846809387207,0.5054642558097839,366
1030,2024,0,0,26,0.0,,366
1031,2024,1,16,42,15.008003234863281,0.6027875542640686,366
1032,2024,1,18,24,2.2369816303253174,0.24128840863704681,366
1033,2024,1,17,66,9.34172534942627,0.3244437277317047,366
1034,2024,0,0,60,0.0,,366
1035,2024,0,0,40,0.0,,366
1036,2024,2,20,50,15.849961757659912,0.33430343866348267,366
1037,2024,1,38,61,18.745412826538086,0.2701883912086487,366
1038,2024,1,20,23,20.381168365478516,0.46785035729408264,366
1039,2024,1,20,44,12.872693061828613,0.28721317648887634,366
1040,2024,1,18,33,14.057000160217285,0.3892688453197479,366
1041,2024,1,20,43,18.16261863708496,0.4287203550338745,366
1042,2024,2,21,37,44.052024841308594,0.7754234671592712,366
1043,2024,3,17,54,55.812684059143066,0.7660139203071594,366
1044,2024,2,21,41,49.37425994873047,0.7785072922706604,366
1045,2024,1,18,45,21.084964752197266,0.8929995894432068,366
1046,2024,2,20,40,42.769161224365234,0.9134625196456909,366
1047,2024,1,17,40,21.463462829589844,0.7925312519073486,366
1048,2024,1,61,70,33.67877960205078,0.8877508640289307,366
1049,2024,1,22,39,23.329689025878906,0.9098191857337952,366
1050,2024,2,21,37,55.869768142700195,0.862420380115509,366
1051,2024,2,22,38,44.623125076293945,0.8766446709632874,366
1052,2024,1,18,34,23.394193649291992,0.7564061880111694,366
1053,2024,2,21,37,48.89045715332031,0.8030396103858948,366
1054,2024,1,22,38,27.544790267944336,0.7713624238967896,366
1055,2024,1,16,33,26.421939849853516,0.8234177231788635,366
1056,2024,2,30,51,43.0451545715332,0.6565016508102417,366
1057,2024,2,32,69,55.6932487487793,0.7495527267456055,366
1058,2024,2,22,50,38.123003005981445,0.6554679274559021,366
1059,2024,2,22,49,47.027774810791016,0.8468929529190063,366
1060,2024,2,22,52,42.94297981262207,0.7918304800987244,366
1061,2024,1,16,42,25.97227668762207,0.8282291293144226,366
1062,2024,1,59,65,38.62559127807617,0.8322714567184448,366
1063,2024,1,46,70,23.951932907104492,0.7284936904907227,366
1064,2024,1,18,31,16.285015106201172,0.6265140771865845,366
1065,2024,1,16,32,15.052549362182617,0.602931022644043,366
1066,2024,0,0,37,0.0,,366
1067,2024,1,16,33,17.53276824951172,0.7927356362342834,366
1068,2024,1,21,38,13.052227020263672,0.6009965538978577,366
1069,2024,0,0,34,0.0,,366
1070,2024,2,29,45,27.190610885620117,0.7430580258369446,366
1071,2024,1,37,54,21.934574127197266,0.8250766396522522,366
0,2025,1,31,95,36.614070892333984,0.2351992279291153,365
1,2025,3,107,128,164.24347817897797,0.3952690362930298,365
2,2025,2,94,147,132.15447115898132,0.7582003474235535,365
3,2025,1,67,93,102.01343536376953,0.45763757824897766,308
4,2025,2,47,79,58.810587882995605,0.7528847455978394,365
5,2025,3,47,99,92.97677040100098,0.8328328728675842,365
6,2025,2,46,102,52.230021476745605,1.0,365
7,2025,3,45,116,79.48950958251953,0.4405615031719208,365
8,2025,3,48,128,80.48023843765259,0.5909813642501831,365
9,2025,4,39,114,97.7935848236084,0.5812273025512695,365
10,2025,5,26,131,48.06501126289368,0.6839913129806519,365
11,2025,3,48,123,76.65393161773682,0.5488067865371704,365
12,2025,4,37,115,57.40257740020752,0.46826761960983276,365
13,2025,3,74,149,110.23045063018799,0.47128182649612427,365
14,2025,3,29,112,88.3238754272461,0.3826296031475067,365
15,2025,4,78,161,176.28568172454834,0.610450267791748,365
16,2025,4,64,132,144.7114896774292,0.5101715922355652,365
17,2025,3,74,150,131.21537590026855,0.6803267598152161,365
18,2025,2,60,85,43.399709701538086,0.5465144515037537,365
19,2025,1,19,42,4.946897506713867,0.38638851046562195,365
20,2025,2,53,88,66.22762298583984,0.5233195424079895,365
21,2025,3,88,143,188.0204954147339,0.728972852230072,365
22,2025,2,67,132,96.3125228881836,0.6169232130050659,365
23,2025,2,59,85,60.120811462402344,0.5375093817710876,365
24,2025,2,58,73,53.264657974243164,0.46966084837913513,365
25,2025,2,49,78,80.35175704956055,0.6842988729476929,365
26,2025,2,41,57,39.02782726287842,0.45124512910842896,365
27,2025,2,47,69,70.96866416931152,0.7070262432098389,365
28,2025,2,47,82,48.98289155960083,0.3381073772907257,365
29,2025,0,0,39,0.0,,365
30,2025,1,22,43,4.2927165031433105,0.7380785346031189,365
31,2025,1,18,23,0.7655652761459351,0.5038113594055176,365
32,2025,1,39,68,6.3864922523498535,0.6060876250267029,365
33,2025,1,101,100,28.94136619567871,0.786274790763855,365
34,2025,1,26,26,48.44846725463867,0.5983833074569702,302
35,2025,2,52,85,16.316603899002075,0.929658830165863,365
36,2025,2,23,39,26.851078748703003,0.7105814814567566,301
37,2025,2,50,103,11.880237102508545,0.7757794857025146,365
38,2025,1,23,46,39.17384719848633,0.7296987175941467,300
39,2025,3,42,85,22.595186471939087,0.8930508494377136,342
40,2025,2,25,56,44.984620094299316,0.7594701647758484,290
41,2025,2,62,96,34.219780683517456,0.9843490123748779,305
42,2025,2,95,121,38.78759002685547,0.9808967113494873,354
43,2025,3,35,89,39.55094242095947,0.9025925993919373,365
44,2025,3,42,113,63.80848145484924,0.811939001083374,365
45,2025,2,97,134,36.96754217147827,0.84880131483078,365
46,2025,3,47,104,58.681575775146484,0.7594295740127563,365
47,2025,2,98,101,40.939215421676636,1.0,328
48,2025,3,55,118,35.25924301147461,0.6771893501281738,332
49,2025,1,59,92,30.874473571777344,0.6207267642021179,313
50,2025,2,123,141,106.51779848337173,1.0,294
51,2025,1,123,118,118.89436340332031,0.7545725703239441,252
52,2025,2,121,171,87.93817853927612,0.9982441663742065,324
53,2025,1,84,88,97.15715789794922,0.9488338232040405,236
54,2025,2,119,129,86.2107081413269,1.0,290
55,2025,1,47,67,27.224403381347656,0.8539576530456543,243
56,2025,1,64,70,39.281410217285156,0.7980989813804626,261
57,2025,0,0,11,0.0,,224
58,2025,0,0,7,0.0,,211
59,2025,0,0,5,0.0,,209
60,2025,0,0,5,0.0,,202
61,2025,1,16,26,2.2808523178100586,0.4481492340564728,201
62,2025,0,0,11,0.0,,217
63,2025,0,0,24,0.0,,231
64,2025,0,0,34,0.0,,228
65,2025,0,0,16,0.0,,227
66,2025,0,0,37,0.0,,219
67,2025,1,25,35,9.399637222290039,0.44867798686027527,216
68,2025,1,74,76,26.223875045776367,0.6835556626319885,212
69,2025,1,74,69,26.402179718017578,0.47211962938308716,222
70,2025,1,65,69,16.06231689453125,0.7521308660507202,224
71,2025,2,29,70,16.723841667175293,0.6011994481086731,285
72,2025,1,30,58,16.347755432128906,0.5214310884475708,291
73,2025,3,30,88,60.05181550979614,0.9935709834098816,365
74,2025,1,30,58,20.995119094848633,0.5242786407470703,299
75,2025,1,30,51,20.053163528442383,0.5750377774238586,316
76,2025,2,30,58,15.730962932109833,0.9975412487983704,349
77,2025,2,23,64,31.07499051094055,0.9860721230506897,365
78,2025,2,30,60,19.922650814056396,0.9185907244682312,365
79,2025,2,30,60,29.216840982437134,0.8517686724662781,365
80,2025,0,0,20,0.0,,311
81,2025,2,32,82,34.88143730163574,0.8232712745666504,365
82,2025,1,26,59,3.755225419998169,0.9801696538925171,365
83,2025,1,30,65,5.058732032775879,0.8205704689025879,365
84,2025,1,32,47,2.4373719692230225,0.5588454604148865,365
85,2025,2,47,84,22.28937339782715,0.7115582823753357,365
86,2025,1,41,75,11.737746238708496,0.811542809009552,365
87,2025,2,36,80,40.32762098312378,1.0,365
88,2025,1,39,63,11.78283405303955,0.876044750213623,365
89,2025,2,49,71,20.135529398918152,0.7867496609687805,365
90,2025,1,24,56,4.823497772216797,0.13443519175052643,365
91,2025,1,17,44,8.938029289245605,0.27984678745269775,365
92,2025,2,52,113,34.867746353149414,0.7728318572044373,365
93,2025,0,0,44,0.0,,365
94,2025,0,0,41,0.0,,365
95,2025,2,21,60,16.668439388275146,0.39367732405662537,365
96,2025,0,0,37,0.0,,365
97,2025,1,19,47,5.176690578460693,0.23043383657932281,365
98,2025,0,0,35,0.0,,365
99,2025,0,0,39,0.0,,365
100,2025,4,55,153,85.98146057128906,0.6626740097999573,365
101,2025,4,56,172,139.89045238494873,0.7742000818252563,365
102,2025,4,113,200,106.25983369350433,0.6029437780380249,365
103,2025,3,74,153,130.59264707565308,0.7867942452430725,365
104,2025,2,111,144,47.507192611694336,0.4815453290939331,365
105,2025,2,86,151,134.55087280273438,0.6293345093727112,365
106,2025,2,85,133,72.44986724853516,0.5250580310821533,365
107,2025,2,39,106,39.98884105682373,0.6569284796714783,365
108,2025,3,60,113,31.074960231781006,0.6289650797843933,365
109,2025,3,68,163,94.5677981376648,0.6717405915260315,365
110,2025,3,41,88,24.690502643585205,0.6099908351898193,365
111,2025,3,20,67,10.739004373550415,0.4042567312717438,365
112,2025,2,41,80,26.274892807006836,0.7594119906425476,365
113,2025,2,69,99,53.80090522766113,0.7684366703033447,365
114,2025,2,41,84,35.851237297058105,0.787366509437561,365
115,2025,2,73,113,50.42918014526367,0.7963784337043762,365
116,2025,2,41,96,40.182772159576416,0.6730665564537048,365
117,2025,1,48,55,16.334217071533203,0.5311586856842041,365
118,2025,2,40,86,19.17477250099182,0.5345064401626587,365
119,2025,1,19,52,5.636065483093262,0.3298269212245941,365
120,2025,3,37,94,44.210645258426666,0.5117492079734802,365
121,2025,3,33,91,53.18310308456421,0.6407996416091919,365
122,2025,3,28,84,34.67442989349365,0.9511269330978394,365
123,2025,4,79,160,129.96740436553955,0.9473671317100525,365
124,2025,3,30,93,106.41488552093506,0.8662900328636169,365
125,2025,3,49,116,47.55930805206299,0.7893596291542053,365
126,2025,5,34,128,98.02711486816406,0.8821443319320679,365
127,2025,1,29,50,17.28816795349121,0.3746580481529236,365
128,2025,1,37,53,41.70183181762695,0.6343580484390259,365
129,2025,2,30,71,22.555867910385132,0.4525516629219055,365
130,2025,3,18,60,41.07572269439697,0.6788539886474609,365
131,2025,0,0,52,0.0,,365
132,2025,1,16,52,20.334880828857422,0.7067245244979858,365
133,2025,1,19,52,7.150076866149902,0.26398608088493347,365
134,2025,2,27,82,21.904744148254395,0.46828576922416687,365
135,2025,2,79,125,40.50294208526611,0.46946898102760315,365
136,2025,3,79,115,34.7209734916687,0.4306371510028839,365
137,2025,3,31,96,37.79111194610596,0.7170132994651794,365
138,2025,1,28,41,37.227169036865234,0.31462955474853516,365
139,2025,0,0,0,0.0,,0
140,2025,2,47,81,58.47146797180176,0.35045668482780457,365
141,2025,2,66,87,54.44624328613281,0.5731850266456604,365
142,2025,3,28,73,29.821500778198242,0.5160703659057617,365
143,2025,1,57,77,54.310089111328125,0.46461546421051025,365
144,2025,1,19,45,22.721057891845703,0.3470593988895416,365
145,2025,1,15,36,15.043076515197754,0.28338879346847534,365
146,2025,1,32,67,39.209983825683594,0.4044709801673889,365
147,2025,3,27,69,30.55323028564453,0.3368374705314636,365
148,2025,1,45,74,58.896141052246094,0.3505512475967407,365
149,2025,1,40,67,41.27212142944336,0.30861911177635193,365
150,2025,3,29,83,33.23136234283447,0.24815532565116882,365
151,2025,2,42,73,56.96743297576904,0.34915590286254883,365
152,2025,3,140,212,176.31064987182617,0.6910878419876099,365
153,2025,3,111,154,112.87083530426025,0.6453511714935303,365
154,2025,2,66,109,40.769121170043945,0.4828844666481018,365
155,2025,2,47,116,88.02989673614502,0.5927220582962036,365
156,2025,3,36,92,39.805572509765625,0.6116131544113159,365
157,2025,2,20,70,8.637724876403809,0.8348013758659363,365
158,2025,1,54,55,28.965486526489258,0.4074840843677521,365
159,2025,1,58,57,34.86436462402344,0.3187177777290344,365
160,2025,2,105,139,275.7501411437988,0.5285481214523315,365
161,2025,2,103,143,244.19121551513672,0.551957905292511,365
162,2025,3,51,147,99.61186981201172,0.5614266395568848,365
163,2025,3,60,126,87.76663875579834,0.8552172183990479,365
164,2025,2,42,95,50.455681800842285,0.8888722658157349,365
165,2025,4,27,123,58.92489576339722,0.7025920152664185,365
166,2025,4,28,111,97.98327541351318,0.47406452894210815,365
167,2025,2,29,92,67.29591178894043,0.3477374315261841,365
168,2025,1,139,134,170.46347045898438,0.39005810022354126,365
169,2025,3,71,124,109.733473777771,0.3408748507499695,365
170,2025,3,21,58,37.14102625846863,0.27167630195617676,365
171,2025,1,15,26,3.717912197113037,0.1416478455066681,365
172,2025,1,19,53,2.47706937789917,0.43324562907218933,365
173,2025,0,0,35,0.0,,365
174,2025,1,26,48,11.228537559509277,0.14597314596176147,365
175,2025,2,19,34,10.547842502593994,0.25010159611701965,365
176,2025,1,67,73,29.068063735961914,0.2487059235572815,365
177,2025,2,31,71,32.361098289489746,0.26831281185150146,365
178,2025,2,137,173,232.0237045288086,0.4297425448894501,365
179,2025,3,97,146,225.25372791290283,0.5062520503997803,365
180,2025,4,102,179,251.74976301193237,0.49975740909576416,365
181,2025,4,95,182,263.76004219055176,0.5740301609039307,365
182,2025,0,0,18,0.0,,365
183,2025,2,18,45,21.225911617279053,0.21988993883132935,365
184,2025,4,98,167,195.4623508453369,0.48007574677467346,365
185,2025,2,91,134,130.5372142791748,0.3766011595726013,365
186,2025,0,0,12,0.0,,365
187,2025,0,0,14,0.0,,365
188,2025,3,102,178,293.06958389282227,0.557955265045166,365
189,2025,3,104,171,278.84098052978516,0.5036417841911316,365
190,2025,2,46,107,52.22434902191162,0.6874416470527649,365
191,2025,1,21,67,4.008094787597656,0.5264518857002258,365
192,2025,2,167,160,262.5964756011963,0.5700516104698181,365
193,2025,3,93,170,263.92160987854004,0.5380731821060181,365
194,2025,0,0,30,0.0,,365
195,2025,0,0,24,0.0,,365
196,2025,0,0,13,0.0,,365
197,2025,0,0,10,0.0,,365
198,2025,1,155,129,84.22553253173828,0.28094956278800964,365
199,2025,3,84,144,138.7735457420349,0.42278555035591125,365
200,2025,2,93,154,207.38750457763672,0.5537202954292297,365
201,2025,3,93,166,261.5998020172119,0.5186490416526794,365
202,2025,2,123,125,111.07894706726074,0.360889196395874,365
203,2025,1,148,118,82.61744689941406,0.3162134289741516,365
204,2025,2,102,159,166.46910858154297,0.4216182827949524,365
205,2025,2,92,153,234.22653198242188,0.4848613142967224,365
206,2025,1,34,92,57.74768829345703,0.34421277046203613,365
207,2025,2,28,70,19.370534896850586,0.4986534118652344,365
208,2025,0,0,21,0.0,,365
209,2025,0,0,18,0.0,,365
210,2025,0,0,31,0.0,,365
211,2025,0,0,12,0.0,,365
212,2025,1,142,151,144.81314086914062,0.4220534563064575,365
213,2025,2,86,130,95.75537300109863,0.4012415409088135,365
214,2025,3,86,146,109.35437393188477,0.43677347898483276,365
215,2025,2,105,151,153.61765098571777,0.40190398693084717,365
216,2025,2,22,47,34.50790309906006,0.5241310596466064,365
217,2025,0,0,39,0.0,,365
218,2025,2,47,55,101.69062852859497,0.36781492829322815,365
219,2025,1,17,39,5.413327217102051,0.3220430910587311,365
220,2025,3,78,134,106.1518325805664,0.47173571586608887,365
221,2025,3,71,113,78.98434734344482,0.4476625621318817,365
222,2025,2,32,89,29.658852577209473,0.45395538210868835,365
223,2025,3,94,165,127.86712837219238,0.3669452965259552,365
224,2025,4,33,108,66.0145492553711,0.4288443624973297,365
225,2025,2,78,110,65.52786350250244,0.29819586873054504,365
226,2025,1,69,57,30.83537483215332,0.224032923579216,365
227,2025,3,28,84,36.30178928375244,0.3631141781806946,365
228,2025,1,23,33,23.52797508239746,0.42047959566116333,365
229,2025,3,33,89,32.17167353630066,0.7717589735984802,365
230,2025,1,50,68,10.10419750213623,0.8348133563995361,365
231,2025,2,105,120,57.18928527832031,0.6584454774856567,365
232,2025,2,55,68,13.543412208557129,0.45399653911590576,365
233,2025,0,0,26,0.0,,365
234,2025,0,0,19,0.0,,365
235,2025,1,29,58,56.197418212890625,0.27532726526260376,365
236,2025,2,50,69,39.72901391983032,0.27287277579307556,365
237,2025,2,41,111,79.94514179229736,0.41293206810951233,365
238,2025,3,57,133,104.96408271789551,0.3728230893611908,365
239,2025,3,51,116,80.34384202957153,0.29841646552085876,365
240,2025,2,31,70,40.467111587524414,0.33218052983283997,365
241,2025,0,0,18,0.0,,365
242,2025,0,0,21,0.0,,365
243,2025,1,32,38,4.026369094848633,0.5538239479064941,365
244,2025,2,30,60,7.962765336036682,0.8860476016998291,365
245,2025,1,19,51,13.184383392333984,0.14127421379089355,365
246,2025,2,46,79,98.61252021789551,0.4247393310070038,365
247,2025,2,92,144,104.38358306884766,0.3356696367263794,365
248,2025,1,27,47,7.3144941329956055,0.1550876349210739,365
249,2025,2,23,60,18.585058212280273,0.4937748312950134,365
250,2025,1,24,31,5.3581342697143555,0.5530002117156982,365
251,2025,0,0,33,0.0,,365
252,2025,0,0,47,0.0,,365
253,2025,2,20,52,30.498551845550537,0.5003201365470886,365
254,2025,1,52,78,6.654270172119141,0.49779006838798523,365
255,2025,3,30,70,66.46397972106934,0.4766072928905487,365
256,2025,2,70,112,100.98564910888672,0.6581737995147705,365
257,2025,1,39,51,6.679658889770508,0.38539835810661316,365
258,2025,0,0,23,0.0,,365
259,2025,2,64,106,52.31097984313965,0.26537618041038513,365
260,2025,0,0,37,0.0,,365
261,2025,2,23,84,6.620219588279724,0.3191348910331726,365
262,2025,0,0,37,0.0,,365
263,2025,0,0,31,0.0,,365
264,2025,1,30,46,15.30981731414795,0.1582874059677124,365
265,2025,1,31,54,25.132219314575195,0.19145190715789795,365
266,2025,2,20,51,24.202685356140137,0.5344606041908264,365
267,2025,3,41,79,36.91937255859375,0.5573531985282898,365
268,2025,0,0,11,0.0,,365
269,2025,0,0,10,0.0,,365
270,2025,2,31,56,69.63811111450195,0.5084719657897949,365
271,2025,2,18,43,17.859947204589844,0.6103375554084778,365
272,2025,1,38,41,34.86347961425781,0.28062576055526733,365
273,2025,0,0,24,0.0,,365
274,2025,5,53,125,154.38407182693481,0.5890849232673645,365
275,2025,4,59,135,147.40385484695435,0.5244418382644653,365
276,2025,0,0,12,0.0,,365
277,2025,1,54,56,14.623099327087402,0.443632036447525,365
278,2025,1,43,74,68.5213851928711,0.2934686541557312,365
279,2025,4,53,115,144.89416778087616,0.39422816038131714,365
280,2025,2,29,80,51.03074836730957,0.5643290877342224,365
281,2025,2,32,84,50.38161277770996,0.5340136289596558,365
282,2025,4,53,129,118.21032571792603,0.5761328339576721,365
283,2025,3,52,99,120.62419509887695,0.667564868927002,365
284,2025,2,69,111,116.59189224243164,0.6497552394866943,365
285,2025,2,45,87,77.35663986206055,0.8046523332595825,365
286,2025,2,41,71,41.658626556396484,0.5702437162399292,365
287,2025,1,16,24,11.831661224365234,0.5266390442848206,365
288,2025,0,0,11,0.0,,365
289,2025,1,24,34,33.347904205322266,0.32324451208114624,365
290,2025,2,31,68,34.921531200408936,0.5291491746902466,365
291,2025,1,24,49,24.204872131347656,0.5896260738372803,365
292,2025,3,29,75,24.815271854400635,0.7741732001304626,365
293,2025,2,50,87,109.37548685073853,0.4542941153049469,365
294,2025,1,85,91,20.854511260986328,0.7223846316337585,365
295,2025,2,36,69,86.85919380187988,0.4421151280403137,365
296,2025,2,52,100,52.263389587402344,0.7458844184875488,365
297,2025,2,52,89,34.93329429626465,0.6631258726119995,365
298,2025,2,55,101,134.23085498809814,0.42380276322364807,365
299,2025,2,71,123,164.99567699432373,0.5856506824493408,365
300,2025,3,31,71,47.95949983596802,0.5606536865234375,365
301,2025,3,17,59,30.577280521392822,0.4871532618999481,365
302,2025,4,25,100,66.80534934997559,0.7466168999671936,365
303,2025,3,17,68,40.18996715545654,0.6315510272979736,365
304,2025,1,15,17,4.829070091247559,0.4819362759590149,365
305,2025,2,20,38,25.145176887512207,0.44632530212402344,365
306,2025,1,34,64,21.346261978149414,0.15780037641525269,365
307,2025,1,24,44,2.7857911586761475,0.12370032072067261,365
308,2025,0,0,25,0.0,,365
309,2025,2,30,45,27.89340305328369,0.38145318627357483,365
310,2025,1,62,64,42.91621017456055,0.9013197422027588,247
311,2025,1,28,54,12.231966972351074,0.2979085445404053,246
312,2025,1,44,55,43.77313995361328,0.26238054037094116,365
313,2025,2,50,85,63.2167854309082,0.38466161489486694,365
314,2025,1,99,75,51.443485260009766,0.8843622803688049,255
315,2025,1,45,79,5.248139381408691,0.4858872890472412,277
316,2025,2,52,86,39.031128883361816,0.9132894277572632,365
317,2025,2,53,104,39.129554748535156,0.7167777419090271,365
318,2025,2,118,134,57.841920614242554,0.822854220867157,287
319,2025,2,101,93,45.49324297904968,1.0,271
320,2025,2,28,77,10.333272457122803,0.5235253572463989,365
321,2025,3,41,106,58.18813753128052,0.818832278251648,365
322,2025,2,28,75,3.2112187147140503,0.7674804925918579,365
323,2025,2,50,93,82.91977882385254,0.7822412848472595,365
324,2025,2,50,64,84.36646223068237,0.3554679751396179,365
325,2025,2,72,119,155.69361877441406,0.6083330512046814,365
326,2025,1,64,83,99.53443145751953,0.44341713190078735,365
327,2025,1,43,67,91.51892852783203,0.4865496754646301,365
328,2025,2,28,76,42.04208183288574,0.7417027354240417,365
329,2025,2,44,73,79.77991580963135,0.36565735936164856,365
330,2025,1,19,34,11.705283164978027,0.5074650645256042,365
331,2025,2,28,69,33.89739990234375,0.6638591885566711,365
332,2025,2,40,89,80.76592636108398,0.40907758474349976,365
333,2025,3,72,123,161.15578365325928,0.5591162443161011,365
334,2025,3,59,106,123.6017541885376,0.615153431892395,365
335,2025,2,106,147,49.08898997306824,0.5157946944236755,306
336,2025,2,90,119,31.234705448150635,0.8618807196617126,313
337,2025,3,29,71,37.50687289237976,0.5124588012695312,365
338,2025,2,53,82,43.71471452713013,0.3770732879638672,365
339,2025,2,44,79,53.69869804382324,0.5996864438056946,365
340,2025,3,51,93,105.10131168365479,0.6070626378059387,365
341,2025,2,24,64,18.52087116241455,0.43930160999298096,365
342,2025,1,15,34,3.5787742137908936,0.3759916126728058,365
343,2025,1,26,41,9.914848327636719,0.12029419094324112,365
344,2025,0,0,31,0.0,,365
345,2025,1,16,32,3.105046272277832,0.4202117919921875,365
346,2025,1,56,81,41.92515563964844,0.3965184986591339,365
347,2025,1,69,92,51.411746978759766,0.36298224329948425,365
348,2025,2,117,119,66.35499703884125,0.5216136574745178,355
349,2025,2,114,122,136.55980777740479,0.7715198993682861,365
350,2025,2,53,88,75.96310424804688,0.5022038221359253,365
351,2025,1,22,53,6.275350570678711,0.534032940864563,365
352,2025,2,84,112,31.42304801940918,0.7048135995864868,365
353,2025,1,71,93,79.88450622558594,0.4291611611843109,332
354,2025,2,20,44,31.42743968963623,0.44665607810020447,365
355,2025,1,17,31,4.073102951049805,0.299101859331131,365
356,2025,2,50,95,77.11631107330322,0.6400471925735474,365
357,2025,2,82,106,95.32208013534546,0.5602690577507019,365
358,2025,2,112,110,100.40773916244507,0.7566127181053162,336
359,2025,3,52,102,63.891441345214844,0.674877405166626,317
360,2025,3,25,63,73.37282943725586,0.5286062359809875,365
361,2025,3,28,64,71.13727569580078,0.5313215851783752,365
362,2025,1,30,79,23.247465133666992,0.3835941255092621,365
363,2025,2,43,66,41.146615982055664,0.47611507773399353,365
364,2025,2,18,31,9.210762023925781,0.4386494755744934,365
365,2025,1,18,34,2.098132371902466,0.3694256842136383,365
366,2025,2,34,90,63.05012655258179,0.4350864887237549,365
367,2025,3,43,94,74.94337725639343,0.4614960849285126,365
368,2025,2,28,53,41.91829872131348,0.4109589159488678,365
369,2025,3,30,68,51.87878680229187,0.2912672460079193,365
370,2025,2,39,90,38.35172176361084,0.46408557891845703,365
371,2025,3,29,88,45.74425792694092,0.567581057548523,365
372,2025,1,16,40,5.885639190673828,0.4475181996822357,365
373,2025,0,0,23,0.0,,365
374,2025,0,0,31,0.0,,365
375,2025,2,22,56,18.090092658996582,0.4700927436351776,365
376,2025,2,83,89,86.39200687408447,0.6831814646720886,271
377,2025,2,112,123,74.1957516670227,0.8478065133094788,311
378,2025,1,104,95,65.72944641113281,0.782982587814331,293
379,2025,1,108,100,69.56622314453125,0.7928596138954163,292
380,2025,1,58,75,68.82295227050781,0.48704490065574646,323
381,2025,1,69,76,64.93289947509766,0.48216351866722107,293
382,2025,2,33,58,95.93264865875244,0.645310640335083,365
383,2025,1,27,35,18.83012580871582,0.6017398834228516,365
384,2025,1,35,47,70.67010498046875,0.5501375794410706,365
385,2025,2,50,76,53.723958015441895,0.3023212254047394,365
386,2025,2,39,70,47.99813270568848,0.37842488288879395,365
387,2025,2,109,114,102.67868661880493,0.8101036548614502,286
388,2025,2,57,95,71.88279104232788,0.7166672945022583,266
389,2025,2,17,40,13.983899116516113,0.5631592869758606,365
390,2025,3,25,72,41.39690542221069,0.5258199572563171,365
391,2025,2,33,61,95.73121452331543,0.6048585176467896,365
392,2025,1,33,43,73.43177795410156,0.5472785234451294,365
393,2025,3,72,100,89.236168384552,0.5457951426506042,365
394,2025,2,102,94,64.75365447998047,0.5669244527816772,365
395,2025,2,34,68,71.85313320159912,0.4888906478881836,365
396,2025,2,33,62,85.10776805877686,0.5790293216705322,365
397,2025,3,35,89,95.35780572891235,0.5602303147315979,365
398,2025,2,26,68,57.36774444580078,0.49212849140167236,365
399,2025,1,72,82,57.35026550292969,0.6162378191947937,279
400,2025,1,74,81,62.605377197265625,0.674014151096344,266
401,2025,3,32,72,67.29231858253479,0.49369022250175476,365
402,2025,2,108,102,72.28792262077332,0.611098051071167,365
403,2025,0,0,14,0.0,,222
404,2025,0,0,20,0.0,,204
405,2025,2,115,159,106.98285007476807,0.5955873727798462,254
406,2025,2,70,136,72.21391272544861,0.5356569290161133,262
407,2025,1,15,27,5.44966983795166,0.3663282096385956,365
408,2025,1,15,30,6.948869228363037,0.40329763293266296,365
409,2025,1,75,81,30.116317749023438,0.4639591872692108,222
410,2025,1,20,33,8.383125305175781,0.41701439023017883,216
411,2025,0,0,14,0.0,,202
412,2025,0,0,18,0.0,,186
413,2025,0,0,15,0.0,,365
414,2025,0,0,12,0.0,,365
415,2025,2,102,93,66.18789291381836,0.662581205368042,365
416,2025,1,87,79,60.45396041870117,0.6511675715446472,316
417,2025,3,18,65,18.034942865371704,0.49068325757980347,365
418,2025,1,53,60,38.727752685546875,0.4858960211277008,301
419,2025,1,18,65,1.1961722373962402,0.36985209584236145,365
420,2025,2,49,73,32.372262477874756,0.5547480583190918,348
421,2025,2,25,54,13.59042739868164,0.19152970612049103,365
422,2025,1,52,81,32.607357025146484,0.3680722415447235,314
423,2025,2,28,68,39.3592414855957,0.3141941726207733,365
424,2025,2,33,76,92.36594009399414,0.5362746119499207,365
425,2025,2,88,85,86.39940214157104,1.0,329
426,2025,1,103,99,65.40193939208984,0.8274117112159729,365
427,2025,2,34,80,89.94621276855469,0.48665350675582886,365
428,2025,2,29,59,50.5113525390625,0.35046276450157166,365
429,2025,0,0,21,0.0,,365
430,2025,0,0,3,0.0,,365
431,2025,1,64,65,20.33127212524414,0.6125662922859192,276
432,2025,1,16,55,5.766705513000488,0.1747952401638031,365
433,2025,1,69,73,37.431365966796875,0.5550490617752075,266
434,2025,2,18,57,9.61755645275116,0.535469114780426,365
435,2025,1,111,102,98.66234588623047,0.7127546072006226,248
436,2025,2,114,135,100.64991116523743,0.6755906939506531,243
437,2025,4,54,124,65.58459806442261,0.7502180933952332,365
438,2025,3,114,149,94.13922786712646,0.7913065552711487,365
439,2025,1,110,104,84.49008178710938,0.8614320158958435,365
440,2025,3,93,106,72.65416955947876,0.7177735567092896,338
441,2025,0,0,45,0.0,,236
442,2025,1,114,132,99.05351257324219,0.4315842390060425,247
443,2025,1,109,127,115.12220764160156,0.5889850854873657,258
444,2025,2,41,81,20.23303985595703,0.5749495029449463,240
445,2025,1,28,60,31.87687873840332,0.23755095899105072,365
446,2025,0,0,6,0.0,,355
447,2025,3,32,112,38.28644514083862,0.5096484422683716,365
448,2025,2,18,47,9.249390840530396,0.46709656715393066,365
449,2025,1,18,23,3.388880729675293,0.534887969493866,365
450,2025,2,54,64,47.73450946807861,0.5872900485992432,269
451,2025,0,0,7,0.0,,365
452,2025,2,54,60,39.383601665496826,0.4509979784488678,285
453,2025,1,17,30,10.253814697265625,0.6611208915710449,365
454,2025,2,98,120,42.38322830200195,0.7291520237922668,365
455,2025,2,73,98,40.93820667266846,0.5560243129730225,263
456,2025,2,111,130,55.07175827026367,0.764195442199707,254
457,2025,0,0,6,0.0,,365
458,2025,0,0,3,0.0,,365
459,2025,2,54,75,24.7255802154541,0.35479190945625305,286
460,2025,2,54,80,46.74799108505249,0.3891226649284363,303
461,2025,1,18,21,3.375070571899414,0.5297263264656067,365
462,2025,0,0,7,0.0,,365
463,2025,0,0,23,0.0,,365
464,2025,4,55,151,105.14799356460571,0.8256506323814392,365
465,2025,0,0,2,0.0,,365
466,2025,0,0,8,0.0,,365
467,2025,4,54,142,86.6800901889801,0.7543929219245911,365
468,2025,1,73,70,26.245864868164062,0.690126359462738,217
469,2025,1,73,85,12.156685829162598,0.5563596487045288,217
470,2025,2,18,37,5.425386905670166,0.5570135712623596,365
471,2025,2,75,117,76.25259304046631,0.6337518095970154,236
472,2025,2,119,147,84.0432333946228,0.5678123831748962,243
473,2025,0,0,11,0.0,,365
474,2025,0,0,13,0.0,,325
475,2025,1,37,40,26.16043472290039,0.27175572514533997,322
476,2025,0,0,21,0.0,,224
477,2025,1,21,34,19.53569793701172,0.4658774733543396,270
478,2025,2,26,56,20.962312698364258,0.5784267783164978,365
479,2025,3,40,82,31.947819769382477,0.5309756994247437,365
480,2025,2,53,99,69.21685791015625,0.48002079129219055,299
481,2025,3,34,83,53.13517999649048,0.8739602565765381,318
482,2025,2,77,85,21.383718729019165,0.5677794218063354,219
483,2025,2,90,112,29.205872535705566,0.6420181393623352,229
484,2025,2,54,96,61.70890426635742,0.5172209739685059,304
485,2025,2,33,73,22.73371410369873,0.5245150327682495,287
486,2025,0,0,13,0.0,,222
487,2025,0,0,26,0.0,,251
488,2025,0,0,25,0.0,,210
489,2025,1,19,29,11.698657989501953,0.5749620795249939,229
490,2025,2,48,97,61.79017448425293,0.5270881652832031,298
491,2025,2,34,83,53.44987106323242,0.49545904994010925,299
492,2025,3,104,152,98.35100936889648,0.6837306618690491,365
493,2025,3,51,86,39.761441230773926,0.8034833073616028,329
494,2025,1,109,106,53.48110580444336,0.6510547399520874,217
495,2025,2,102,118,70.4155502319336,0.7628712058067322,227
496,2025,2,54,104,52.06189155578613,0.45963308215141296,313
497,2025,2,47,99,53.67311668395996,0.43508413434028625,309
498,2025,3,20,61,27.773001670837402,0.825186014175415,365
499,2025,1,18,29,6.589186191558838,0.7886907458305359,365
500,2025,1,16,45,8.618611335754395,0.5605707764625549,233
501,2025,2,24,50,34.29867076873779,0.6838159561157227,250
502,2025,0,0,40,0.0,,365
503,2025,0,0,36,0.0,,365
504,2025,2,107,122,74.74578475952148,0.699758768081665,231
505,2025,2,78,119,66.09714984893799,0.7221487164497375,236
506,2025,2,73,98,29.192118644714355,0.8155159950256348,281
507,2025,2,53,108,58.68764114379883,0.6435500383377075,290
508,2025,3,96,160,119.74021530151367,0.8901068568229675,365
509,2025,3,59,132,80.1652135848999,0.9482777118682861,343
510,2025,3,30,77,38.626118421554565,0.7893267273902893,261
511,2025,1,27,55,30.654497146606445,0.6938952803611755,271
512,2025,3,56,133,93.04104995727539,0.7905389070510864,323
513,2025,3,47,98,59.6855149269104,0.8854600191116333,313
514,2025,3,101,150,71.27208876609802,0.9062011241912842,305
515,2025,3,104,121,62.09917640686035,0.7807101607322693,305
516,2025,0,0,1,0.0,,350
517,2025,0,0,0,0.0,,365
518,2025,2,63,86,14.688230991363525,0.8031283617019653,266
519,2025,2,72,101,53.23984146118164,0.6604213118553162,234
520,2025,1,16,39,5.74250602722168,0.6996095180511475,365
521,2025,2,22,73,9.567824840545654,0.9377551078796387,365
522,2025,2,42,79,19.887757301330566,0.678333044052124,257
523,2025,2,29,68,22.939735412597656,0.8343527317047119,244
524,2025,4,64,127,87.95956659317017,0.8906893730163574,316
525,2025,3,53,120,74.8794641494751,0.8995740413665771,316
526,2025,0,0,8,0.0,,365
527,2025,0,0,0,0.0,,354
528,2025,2,56,96,46.77500343322754,0.6415748000144958,223
529,2025,2,56,97,55.089369773864746,0.5159395933151245,234
530,2025,2,34,97,39.650582790374756,0.8770785331726074,272
531,2025,2,33,94,51.38042640686035,0.8801233768463135,284
532,2025,0,0,0,0.0,,339
533,2025,0,0,0,0.0,,331
534,2025,2,109,92,78.01933670043945,0.7038096189498901,219
535,2025,1,57,83,59.02671813964844,0.6438534259796143,210
536,2025,2,17,34,7.872707843780518,0.30842211842536926,307
537,2025,1,52,45,15.567757606506348,0.47662878036499023,304
538,2025,0,0,3,0.0,,356
539,2025,0,0,0,0.0,,340
540,2025,2,58,110,39.9409122467041,0.8369598984718323,292
541,2025,3,33,93,41.36585855484009,0.8312162160873413,292
542,2025,1,17,27,7.984287738800049,0.1328234076499939,365
543,2025,0,0,8,0.0,,339
544,2025,1,31,55,11.303024291992188,0.20667880773544312,365
545,2025,1,15,28,11.45263671875,0.2196568101644516,365
546,2025,3,52,119,53.481581687927246,0.9472060799598694,303
547,2025,3,45,87,43.64115285873413,0.9655691981315613,297
548,2025,2,56,77,85.13104438781738,0.7108626961708069,220
549,2025,1,58,69,81.50434875488281,0.7575382590293884,212
550,2025,4,24,107,18.917919397354126,0.948171854019165,365
551,2025,3,46,128,37.14526438713074,0.9113297462463379,365
552,2025,2,28,97,10.830679893493652,0.5197344422340393,365
553,2025,0,0,1,0.0,,304
554,2025,0,0,0,0.0,,313
555,2025,3,26,71,20.213157892227173,0.6731048822402954,257
556,2025,2,45,78,28.305821418762207,0.8515045642852783,256
557,2025,3,60,140,30.900712251663208,0.9476081728935242,365
558,2025,2,43,100,36.00822401046753,0.8695511221885681,365
559,2025,1,16,35,5.705515384674072,0.16389290988445282,351
560,2025,0,0,24,0.0,,346
561,2025,2,49,89,25.462985038757324,0.8882949352264404,297
562,2025,3,41,94,27.17264723777771,0.9447409510612488,293
563,2025,1,99,95,55.480018615722656,0.9230988025665283,198
564,2025,1,56,75,67.68862915039062,0.8180935978889465,204
565,2025,1,42,55,50.960243225097656,0.599912703037262,234
566,2025,1,25,41,24.32563018798828,0.45071640610694885,236
567,2025,1,61,73,46.867332458496094,0.8518202900886536,257
568,2025,1,53,75,38.94636535644531,0.8736808896064758,203
569,2025,3,26,74,23.726776361465454,0.9842969179153442,281
570,2025,1,29,62,11.268129348754883,0.9353539347648621,281
571,2025,1,19,47,5.096330642700195,0.6853768825531006,287
572,2025,1,19,51,4.521939277648926,0.6432833075523376,285
573,2025,1,17,40,8.392190933227539,0.12784913182258606,365
574,2025,2,30,109,14.95467472076416,0.7823244333267212,365
575,2025,2,35,77,26.973557472229004,0.8753340840339661,281
576,2025,2,27,70,34.84706783294678,0.9572405219078064,280
577,2025,0,0,11,0.0,,313
578,2025,0,0,0,0.0,,304
579,2025,3,48,108,40.89155983924866,0.8802578449249268,267
580,2025,1,48,62,25.806560516357422,0.7228481769561768,277
581,2025,0,0,0,0.0,,309
582,2025,0,0,2,0.0,,312
583,2025,2,30,86,48.063398361206055,0.36226686835289,271
584,2025,3,32,91,46.18081712722778,0.9162973761558533,268
585,2025,2,40,95,46.11427307128906,0.23237161338329315,365
586,2025,3,26,68,27.652199506759644,0.7464829683303833,365
587,2025,0,0,30,0.0,,365
588,2025,2,43,118,51.967294692993164,0.2822153866291046,365
589,2025,0,0,13,0.0,,301
590,2025,1,33,32,8.257111549377441,0.513267457485199,308
591,2025,2,54,92,19.757079124450684,0.9060559868812561,365
592,2025,2,35,90,31.089247703552246,0.8864180445671082,365
593,2025,0,0,18,0.0,,300
594,2025,1,25,35,6.05457878112793,0.597396731376648,298
595,2025,2,29,58,30.33311367034912,0.9246853590011597,279
596,2025,2,29,83,23.499698162078857,0.9129284024238586,276
597,2025,1,42,65,20.330734252929688,0.22021587193012238,250
598,2025,1,15,27,1.9832512140274048,0.40908828377723694,245
599,2025,1,44,59,30.252059936523438,0.7495061159133911,291
600,2025,1,43,53,19.02061653137207,0.5689290761947632,322
601,2025,2,27,63,24.25910496711731,0.8222439885139465,267
602,2025,3,32,77,37.71202492713928,0.8776121735572815,264
603,2025,1,57,79,60.040626525878906,0.888519287109375,195
604,2025,2,57,108,47.7029709815979,0.942331075668335,325
605,2025,2,26,47,15.900071144104004,0.6151525974273682,242
606,2025,2,20,37,14.67106580734253,0.7196484804153442,241
607,2025,1,19,30,11.219021797180176,0.24847793579101562,236
608,2025,1,46,49,32.416656494140625,0.4855019748210907,229
609,2025,3,30,64,12.152734279632568,0.935023307800293,365
610,2025,2,20,57,12.388836145401001,0.8648175597190857,365
611,2025,1,38,66,48.391265869140625,0.4849642813205719,326
612,2025,2,43,84,75.1105318069458,0.35746610164642334,335
613,2025,2,22,60,18.135717153549194,0.7447583675384521,281
614,2025,2,26,74,23.565930724143982,1.0,275
615,2025,1,18,65,3.697038173675537,0.8557633757591248,365
616,2025,1,18,48,2.9217708110809326,0.8736762404441833,365
617,2025,2,51,84,27.607928037643433,0.8856297135353088,327
618,2025,1,47,62,18.3997745513916,0.8960886001586914,320
619,2025,2,54,96,27.104978561401367,0.9236859083175659,273
620,2025,2,29,92,17.624621391296387,0.8876525163650513,272
621,2025,1,51,63,67.28561401367188,0.7742530703544617,222
622,2025,1,40,58,44.05177688598633,0.6023692488670349,234
623,2025,1,39,64,55.314334869384766,0.3029080927371979,258
624,2025,2,52,93,30.385214805603027,0.8709691762924194,329
625,2025,2,36,57,17.398528695106506,0.717197835445404,365
626,2025,2,36,85,50.593857765197754,0.37398648262023926,262
627,2025,2,59,114,85.91608619689941,0.4496292471885681,268
628,2025,2,58,99,30.03028440475464,0.8472966551780701,271
629,2025,2,34,77,17.437194347381592,0.8602250218391418,347
630,2025,2,46,101,29.771896362304688,0.8355454206466675,365
631,2025,2,47,99,24.679669857025146,0.8767411708831787,273
632,2025,1,69,69,70.26321411132812,0.9428769946098328,195
633,2025,2,57,117,53.107258439064026,0.9022337198257446,271
634,2025,2,61,111,44.87977886199951,0.8398937582969666,272
635,2025,1,15,30,4.041104793548584,0.722139298915863,287
636,2025,1,16,33,4.922121047973633,0.8369572758674622,284
637,2025,3,51,135,54.0296585559845,0.7583578824996948,365
638,2025,2,48,110,68.69914245605469,0.34171822667121887,365
639,2025,0,0,32,0.0,,274
640,2025,2,18,49,16.144485235214233,0.9130396246910095,275
641,2025,1,56,64,67.32642364501953,0.8950286507606506,207
642,2025,1,92,73,63.413543701171875,0.9337214231491089,195
643,2025,1,42,73,39.383544921875,0.2654261887073517,250
644,2025,1,40,79,48.134124755859375,0.33890578150749207,254
645,2025,3,62,130,76.39773654937744,0.6891937255859375,273
646,2025,2,39,108,60.60313034057617,0.31213799118995667,270
647,2025,2,20,33,9.741851329803467,1.0,288
648,2025,1,18,34,4.307419776916504,0.7439413666725159,286
649,2025,1,56,64,58.82444763183594,0.9467958807945251,200
650,2025,1,57,70,57.53746032714844,0.8785510063171387,201
651,2025,2,46,90,48.58241653442383,0.35141998529434204,273
652,2025,3,62,120,63.38375186920166,0.8508089184761047,270
653,2025,1,24,45,2.460653781890869,0.9159223437309265,365
654,2025,1,16,43,7.566774368286133,0.12456805258989334,324
655,2025,1,20,62,11.0983247756958,0.24492673575878143,305
656,2025,2,28,41,7.762963652610779,0.877107560634613,356
657,2025,1,24,51,3.546041965484619,0.9282344579696655,365
658,2025,2,35,72,13.168928861618042,0.8847697377204895,365
659,2025,2,65,123,74.91021919250488,0.3104420304298401,270
660,2025,2,41,86,47.69789791107178,0.6645414233207703,259
661,2025,2,36,73,22.703598022460938,0.6791423559188843,250
662,2025,2,53,92,40.61020088195801,0.551476776599884,255
663,2025,2,62,115,63.67850303649902,0.5273562669754028,266
664,2025,2,57,119,107.34607315063477,0.6498624682426453,263
665,2025,2,48,97,44.77986526489258,0.578667163848877,257
666,2025,2,44,93,64.84036827087402,0.6073696613311768,258
667,2025,1,24,32,5.251112937927246,0.6318099498748779,291
668,2025,0,0,22,0.0,,282
669,2025,1,15,30,2.4481940269470215,0.10578518360853195,300
670,2025,0,0,22,0.0,,296
671,2025,1,51,58,54.057125091552734,0.9602231383323669,194
672,2025,1,51,64,46.98530197143555,0.7889775037765503,206
673,2025,1,48,56,52.97938537597656,0.9121790528297424,201
674,2025,1,50,57,56.612770080566406,0.9638642072677612,200
675,2025,1,16,40,3.692833185195923,0.9048579931259155,273
676,2025,0,0,20,0.0,,271
677,2025,1,56,71,5.877631187438965,0.8604593873023987,365
678,2025,1,36,66,3.5794050693511963,0.871179461479187,365
679,2025,3,56,130,25.973831176757812,0.7083988189697266,322
680,2025,1,15,35,1.9988306760787964,0.7208042144775391,346
681,2025,0,0,15,0.0,,277
682,2025,0,0,53,0.0,,271
683,2025,3,57,116,34.08364796638489,0.9083763360977173,365
684,2025,1,56,70,14.819404602050781,0.8312603831291199,352
685,2025,2,39,95,55.65940570831299,0.549467146396637,263
686,2025,2,54,114,71.16057968139648,0.6645808219909668,262
687,2025,2,38,88,10.238637208938599,0.738292932510376,333
688,2025,1,38,74,10.966743469238281,0.6880179047584534,365
689,2025,2,38,85,22.565770149230957,0.7289790511131287,340
690,2025,2,53,107,14.419505596160889,0.6307845711708069,350
691,2025,1,52,61,62.47859573364258,0.9129131436347961,211
692,2025,1,47,55,46.83489227294922,0.8265478610992432,211
693,2025,2,52,96,82.28307342529297,0.7579720616340637,255
694,2025,2,53,103,69.80655479431152,0.519039511680603,259
695,2025,2,55,78,37.64513969421387,0.5597615838050842,245
696,2025,1,57,70,69.02246856689453,0.7436796426773071,226
697,2025,2,57,99,80.17061233520508,0.7026298642158508,249
698,2025,2,46,91,80.25926971435547,0.6756787896156311,250
699,2025,2,40,80,56.479928970336914,0.7825340628623962,255
700,2025,2,54,102,96.00862121582031,0.7965078949928284,254
701,2025,1,51,62,63.366920471191406,0.8652981519699097,212
702,2025,1,59,68,50.07203674316406,0.8093031644821167,227
703,2025,0,0,34,0.0,,356
704,2025,1,20,55,7.266995429992676,0.46897464990615845,365
705,2025,3,31,93,41.86606550216675,0.5421096682548523,365
706,2025,3,26,87,49.97004163265228,0.5385409593582153,365
707,2025,1,29,39,9.829370498657227,0.18284618854522705,293
708,2025,1,18,21,9.392756462097168,0.24552512168884277,282
709,2025,2,56,119,78.13875579833984,0.5581455230712891,259
710,2025,2,41,84,41.63202667236328,0.515320897102356,256
711,2025,2,68,103,80.54447555541992,0.7224376797676086,254
712,2025,2,50,93,81.88748550415039,0.7846215963363647,253
713,2025,2,32,71,15.341850280761719,0.8517791032791138,365
714,2025,0,0,36,0.0,,273
715,2025,1,15,26,2.448671340942383,1.0,273
716,2025,1,15,25,1.314473032951355,0.511078417301178,272
717,2025,2,48,73,45.34537011384964,0.5554011464118958,249
718,2025,1,52,71,41.9349365234375,0.7119512557983398,245
719,2025,1,56,66,72.66433715820312,0.8587971925735474,216
720,2025,1,47,50,59.11919403076172,0.8868207335472107,225
721,2025,0,0,5,0.0,,276
722,2025,0,0,19,0.0,,271
723,2025,2,66,118,78.42864608764648,0.6689260005950928,253
724,2025,1,57,63,64.75205993652344,0.7974005341529846,238
725,2025,0,0,52,0.0,,272
726,2025,1,16,40,1.4467649459838867,0.503284215927124,271
727,2025,1,19,35,5.019327163696289,0.103553906083107,285
728,2025,1,29,40,21.3056640625,0.21251332759857178,287
729,2025,2,57,117,87.47708702087402,0.6517457962036133,250
730,2025,3,46,96,80.82815599441528,0.8258056640625,243
731,2025,0,0,17,0.0,,268
732,2025,0,0,19,0.0,,271
733,2025,2,58,119,63.78708267211914,0.4058060348033905,261
734,2025,2,92,153,133.05432891845703,0.43662333488464355,262
735,2025,2,42,76,7.184248447418213,0.6832452416419983,365
736,2025,2,67,110,36.824973583221436,0.8420706987380981,365
737,2025,2,50,80,68.22820663452148,0.6600980758666992,248
738,2025,1,37,61,8.872122764587402,0.4346243739128113,365
739,2025,2,50,86,69.58599662780762,0.6376150846481323,246
740,2025,0,0,33,0.0,,365
741,2025,2,55,99,23.675235986709595,0.7392848134040833,365
742,2025,2,21,82,9.508257985115051,0.5898883938789368,365
743,2025,2,67,111,30.632267117500305,0.8033155202865601,365
744,2025,3,65,124,38.60518407821655,0.7796142101287842,365
745,2025,1,61,71,69.45194244384766,0.8887094855308533,229
746,2025,1,55,50,58.359622955322266,0.8850576877593994,216
747,2025,2,30,80,11.704181432723999,0.6858442425727844,365
748,2025,1,30,53,4.40937614440918,0.4271356761455536,365
749,2025,2,24,94,45.125471115112305,0.37307214736938477,264
750,2025,2,26,73,30.212522506713867,0.344926655292511,264
751,2025,2,52,111,71.67204666137695,0.49244728684425354,251
752,2025,2,51,86,75.18826675415039,0.6391462087631226,244
753,2025,2,70,89,46.046836853027344,0.4140821695327759,253
754,2025,2,47,130,75.61042976379395,0.3737916052341461,261
755,2025,1,56,58,62.842185974121094,0.8165082931518555,223
756,2025,1,60,61,74.15665435791016,0.9143558144569397,221
757,2025,2,45,134,82.75071716308594,0.39626839756965637,263
758,2025,2,29,88,31.571467399597168,0.28458574414253235,265
759,2025,1,59,60,66.32840728759766,0.9822036027908325,223
760,2025,1,56,57,73.02252197265625,0.9886038899421692,217
761,2025,1,58,61,80.00936126708984,0.9312105774879456,230
762,2025,1,56,58,72.50891876220703,0.9806671142578125,226
763,2025,2,57,93,82.24737548828125,0.5941653251647949,248
764,2025,2,54,77,68.1722412109375,0.5467513799667358,246
765,2025,1,46,64,52.88813400268555,0.34478339552879333,256
766,2025,1,33,59,17.688949584960938,0.25076115131378174,254
767,2025,0,0,30,0.0,,275
768,2025,0,0,26,0.0,,275
769,2025,1,48,81,67.82170104980469,0.9118257761001587,242
770,2025,1,49,56,63.81109619140625,0.9706457853317261,228
771,2025,2,55,86,79.93846130371094,0.6198270320892334,247
772,2025,2,54,72,56.85744857788086,0.46104636788368225,245
773,2025,1,16,62,7.292640686035156,0.19345693290233612,273
774,2025,3,39,129,75.43883895874023,0.3978438675403595,267
775,2025,2,51,100,89.80195236206055,0.687138557434082,245
776,2025,2,55,98,103.53920936584473,0.7865092754364014,248
777,2025,2,36,75,74.36492252349854,0.6027840375900269,247
778,2025,2,60,91,75.90157127380371,0.5974448919296265,245
779,2025,1,52,56,61.348209381103516,0.9854667782783508,220
780,2025,1,56,60,58.89310836791992,0.9940361380577087,215
781,2025,1,53,61,49.742042541503906,0.9927888512611389,212
782,2025,1,61,65,57.32426452636719,0.9493488669395447,208
783,2025,0,0,22,0.0,,319
784,2025,2,64,109,24.552364349365234,0.8464938402175903,321
785,2025,2,53,98,75.19674396514893,0.5394188165664673,253
786,2025,2,51,81,55.342735290527344,0.4944651424884796,250
787,2025,1,48,49,47.35645294189453,0.9654211401939392,212
788,2025,1,39,57,68.28811645507812,0.9633212685585022,235
789,2025,1,48,49,51.02074432373047,0.9753100872039795,213
790,2025,1,44,57,66.49085998535156,0.9754096865653992,225
791,2025,0,0,38,0.0,,365
792,2025,2,38,79,10.16592025756836,0.6427753567695618,365
793,2025,1,44,56,92.45040893554688,0.9726700782775879,235
794,2025,1,45,62,82.47679138183594,0.9711686372756958,231
795,2025,1,64,79,37.46045684814453,0.7602312564849854,295
796,2025,1,60,79,31.01058006286621,0.7575659155845642,264
797,2025,1,44,73,31.78608512878418,0.2281394898891449,258
798,2025,1,23,41,7.747959613800049,0.1321507841348648,257
799,2025,1,51,73,91.26519775390625,0.8737504482269287,242
800,2025,1,40,63,76.9373779296875,0.7869380712509155,242
801,2025,3,19,72,16.74621319770813,0.579418420791626,365
802,2025,2,95,139,34.51597213745117,0.6536685228347778,365
803,2025,1,41,50,77.76380920410156,0.9742151498794556,229
804,2025,1,40,47,53.97565841674805,0.9746084213256836,214
805,2025,3,47,142,136.22558498382568,0.5160223841667175,257
806,2025,2,69,138,115.84291458129883,0.39542511105537415,263
807,2025,1,40,64,59.02294158935547,0.7449907064437866,252
808,2025,1,37,52,59.23351287841797,0.8033818006515503,246
809,2025,1,16,30,6.262141227722168,0.16538448631763458,262
810,2025,1,52,40,26.67120361328125,0.31215983629226685,260
811,2025,1,38,46,46.328067779541016,0.9839178919792175,218
812,2025,1,36,45,44.57605743408203,0.9734359979629517,209
813,2025,2,94,138,128.1082763671875,0.4343905746936798,262
814,2025,2,94,145,132.5966567993164,0.44481444358825684,260
815,2025,1,102,88,45.36404037475586,0.9993055462837219,288
816,2025,3,46,102,46.69421911239624,1.0,335
817,2025,2,91,127,74.56399154663086,0.40613171458244324,267
818,2025,1,59,72,69.55912780761719,0.3999883532524109,277
819,2025,1,34,38,43.77029800415039,0.9837297797203064,208
820,2025,1,48,48,46.56918716430664,0.9546167254447937,212
821,2025,1,98,87,41.38319778442383,0.996053159236908,282
822,2025,1,98,94,69.38977813720703,0.9728090763092041,285
823,2025,1,38,45,39.24514389038086,0.987716019153595,216
824,2025,1,39,39,40.02684783935547,0.9679534435272217,213
825,2025,2,43,82,50.626261711120605,0.382389634847641,260
826,2025,1,28,47,6.080988883972168,0.11391337960958481,259
827,2025,2,29,54,11.166234016418457,0.18364694714546204,263
828,2025,2,37,76,52.236270904541016,0.28619104623794556,261
829,2025,2,42,76,50.37813186645508,0.3126664459705353,259
830,2025,2,32,64,41.18640327453613,0.2304914891719818,260
831,2025,1,43,49,61.72913360595703,0.9885021448135376,223
832,2025,1,36,46,44.22636413574219,0.9871101975440979,223
833,2025,2,38,64,48.4068660736084,0.9835447072982788,214
834,2025,2,38,52,37.990668296813965,0.9815666079521179,220
835,2025,1,37,38,65.66902923583984,0.9887599945068359,231
836,2025,1,36,46,46.154502868652344,0.9768416881561279,230
837,2025,2,44,93,58.43516540527344,0.26458144187927246,261
838,2025,2,33,80,34.97698211669922,0.26173675060272217,272
839,2025,1,69,90,45.83661651611328,0.28807419538497925,274
840,2025,1,46,80,23.982107162475586,0.2707616686820984,280
841,2025,1,54,70,12.02323055267334,0.6678391098976135,365
842,2025,1,95,86,32.85418701171875,0.760927677154541,365
843,2025,1,36,41,55.90317153930664,0.9710888862609863,236
844,2025,1,35,42,48.31282043457031,0.984138011932373,227
845,2025,1,27,39,59.517799377441406,0.8378807306289673,258
846,2025,1,32,37,62.16370391845703,0.8366142511367798,253
847,2025,2,38,54,45.93145561218262,0.9853665232658386,224
848,2025,2,35,60,67.89870834350586,0.985512912273407,226
849,2025,1,35,37,66.70001983642578,0.943833589553833,244
850,2025,2,29,59,55.88671112060547,0.9412881731987,228
851,2025,1,60,65,15.849583625793457,0.4132229685783386,352
852,2025,1,53,70,12.69626235961914,0.635385274887085,365
853,2025,1,32,45,57.099609375,0.9800003170967102,242
854,2025,2,31,62,76.64057922363281,0.9791222810745239,232
855,2025,2,41,59,37.59978413581848,0.8611880540847778,246
856,2025,1,41,51,42.79383850097656,0.9547216892242432,219
857,2025,2,40,67,46.88803505897522,0.938011884689331,238
858,2025,3,40,71,51.98887395858765,0.9578001499176025,232
859,2025,2,40,75,78.53072166442871,0.9819907546043396,233
860,2025,2,33,73,62.5712833404541,0.9577892422676086,252
861,2025,2,40,57,38.05864906311035,0.914620578289032,240
862,2025,1,40,52,46.998634338378906,0.8881005048751831,257
863,2025,0,0,21,0.0,,261
864,2025,0,0,32,0.0,,264
865,2025,2,61,86,60.475424110889435,0.44440600275993347,267
866,2025,1,46,72,71.86157989501953,0.703610897064209,262
867,2025,2,28,67,14.26939606666565,0.32062220573425293,331
868,2025,2,45,96,17.513672828674316,0.6939423084259033,365
869,2025,1,30,45,70.63934326171875,0.9292855262756348,251
870,2025,2,40,76,70.86779689788818,0.838473379611969,265
871,2025,2,38,62,80.56781959533691,0.9683838486671448,240
872,2025,2,32,62,72.92236137390137,0.906859815120697,238
873,2025,1,36,48,67.27398681640625,0.9852576851844788,245
874,2025,1,37,55,72.32951354980469,0.9315037131309509,259
875,2025,1,44,61,74.20000457763672,0.953640878200531,254
876,2025,1,37,54,69.88904571533203,0.9437955617904663,254
877,2025,2,27,54,65.06734430789948,0.9571545124053955,263
878,2025,1,41,61,71.31564331054688,0.9509885907173157,253
879,2025,1,60,96,83.96585083007812,0.5975279808044434,265
880,2025,2,59,90,73.7626805305481,0.6638241410255432,266
881,2025,1,105,105,50.48120880126953,0.7584636807441711,313
882,2025,2,70,118,65.87572860717773,0.41962748765945435,290
883,2025,2,30,71,20.393831253051758,0.31953004002571106,365
884,2025,2,43,106,28.776001930236816,0.2725607752799988,342
885,2025,2,68,110,92.75229597091675,0.7255846261978149,265
886,2025,1,47,84,70.17586517333984,0.6446932554244995,261
887,2025,2,19,49,11.508020162582397,0.5611914396286011,365
888,2025,3,45,110,23.38715648651123,0.37626463174819946,365
889,2025,1,29,49,9.887214660644531,0.21412134170532227,271
890,2025,2,25,60,17.065646648406982,0.1855752319097519,272
891,2025,2,35,79,22.549489736557007,0.6986333727836609,365
892,2025,2,30,71,21.33612823486328,0.3073761463165283,365
893,2025,1,29,56,17.204944610595703,0.36528754234313965,272
894,2025,2,28,62,18.53328013420105,0.9192507266998291,285
895,2025,2,33,68,67.76424884796143,0.8406203389167786,278
896,2025,2,40,71,75.11888408660889,0.9134001731872559,274
897,2025,1,30,52,18.23319435119629,0.362460732460022,275
898,2025,1,16,53,14.758462905883789,0.34787213802337646,272
899,2025,2,47,90,80.12690258026123,0.5743952989578247,267
900,2025,3,47,89,89.56492948532104,0.6430765390396118,266
901,2025,1,37,68,71.46183776855469,0.7778368592262268,263
902,2025,2,39,82,57.372859954833984,0.7018532156944275,297
903,2025,3,46,85,81.37713599205017,0.6905755996704102,265
904,2025,2,47,72,77.41533851623535,0.7117673754692078,264
905,2025,2,33,67,66.29215240478516,0.6607077121734619,266
906,2025,2,33,98,65.6637167930603,0.7145015597343445,327
907,2025,2,35,67,40.77739119529724,0.6205366253852844,264
908,2025,2,37,74,53.50941348075867,0.6508305072784424,272
909,2025,2,40,83,56.380714535713196,0.647969126701355,269
910,2025,2,33,66,40.143900752067566,0.5388286113739014,270
911,2025,2,31,61,43.72399020195007,0.5686704516410828,262
912,2025,1,33,56,41.95978927612305,0.5827975273132324,263
913,2025,2,29,57,35.72456359863281,0.36915484070777893,276
914,2025,1,43,75,48.163631439208984,0.3982663154602051,270
915,2025,2,33,64,39.916011810302734,0.418783962726593,273
916,2025,2,41,74,76.68341064453125,0.468246191740036,295
917,2025,2,28,85,60.132752537727356,0.9122771620750427,279
918,2025,3,28,89,63.9086639881134,0.8964354395866394,333
919,2025,1,26,73,26.543907165527344,0.7225654125213623,328
920,2025,2,26,81,40.18875277042389,0.8905612230300903,326
921,2025,0,0,63,0.0,,286
922,2025,3,29,70,35.110390186309814,0.4528806805610657,284
923,2025,1,35,83,7.334713459014893,0.8495021462440491,285
924,2025,3,37,88,59.52976703643799,0.5170556306838989,328
925,2025,1,51,69,18.424808502197266,0.3854316473007202,365
926,2025,2,95,175,81.57310104370117,0.5914267897605896,350
927,2025,2,27,71,59.11289894580841,0.9617584347724915,282
928,2025,3,42,102,77.68347179889679,0.9660817980766296,308
929,2025,1,23,54,5.112818717956543,0.1569652259349823,365
930,2025,2,65,114,31.04969310760498,0.41482773423194885,340
931,2025,3,40,115,30.56190586090088,0.705625057220459,345
932,2025,3,42,109,83.31657934188843,0.9369394183158875,327
933,2025,1,20,47,2.927098512649536,0.7003781199455261,365
934,2025,3,76,109,50.3452582359314,0.7840136885643005,365
935,2025,4,27,87,43.62727206945419,0.783749520778656,346
936,2025,3,68,117,41.082730531692505,0.8159564733505249,365
937,2025,3,53,115,70.38961386680603,0.9571653604507446,329
938,2025,4,26,117,54.24413752555847,0.8848910927772522,365
939,2025,3,39,137,39.230167388916016,0.8861148953437805,365
940,2025,3,39,108,66.72428750991821,0.9821107387542725,335
941,2025,1,37,70,51.30451202392578,0.5252752304077148,286
942,2025,1,33,80,41.215145111083984,0.5236107707023621,316
943,2025,1,50,108,19.655441284179688,0.5245060324668884,332
944,2025,1,45,103,19.42675018310547,0.49975717067718506,336
945,2025,1,37,85,71.8420639038086,0.6970985531806946,336
946,2025,1,35,84,63.24727249145508,0.5739548802375793,318
947,2025,2,31,77,7.895613074302673,0.37724563479423523,365
948,2025,1,36,88,56.47328567504883,0.5259672403335571,315
949,2025,3,89,152,135.74201107025146,0.76917564868927,342
950,2025,3,80,121,101.52817106246948,0.5843773484230042,321
951,2025,1,31,80,42.45263671875,0.4715762138366699,320
952,2025,1,16,42,1.6378648281097412,0.5929257869720459,346
953,2025,1,49,109,23.48992156982422,0.7810562252998352,343
954,2025,1,54,111,30.309223175048828,0.8299192190170288,346
955,2025,3,55,126,79.60368537902832,0.8969008922576904,350
956,2025,2,51,115,27.008768558502197,0.8511780500411987,336
957,2025,3,87,146,139.4868836402893,0.8452685475349426,332
958,2025,3,36,101,70.30751752853394,0.6545872092247009,331
959,2025,4,29,127,108.75966501235962,0.9571021199226379,365
960,2025,2,31,99,51.35274648666382,0.8868120312690735,365
961,2025,3,82,173,133.25845336914062,0.8383585214614868,365
962,2025,3,78,142,105.2350025177002,0.8763988614082336,365
963,2025,2,37,97,75.30563735961914,0.5170033574104309,326
964,2025,3,53,109,81.50136518478394,0.7127829790115356,358
965,2025,2,24,46,22.29244089126587,0.7377551198005676,365
966,2025,2,46,87,59.704946517944336,0.5181441903114319,317
967,2025,2,50,112,95.35662651062012,0.5643050670623779,331
968,2025,2,81,164,125.46864128112793,0.9504386186599731,349
969,2025,2,77,124,82.01865673065186,0.9306513071060181,338
970,2025,3,43,121,53.051538586616516,0.8804407715797424,365
971,2025,4,80,172,125.37855672836304,1.0,365
972,2025,3,44,115,72.83944129943848,0.763688325881958,338
973,2025,2,81,120,74.98287105560303,0.7453497648239136,354
974,2025,3,27,119,73.7059680223465,0.7542750835418701,365
975,2025,3,45,131,82.2640632390976,0.7679039835929871,365
976,2025,4,18,88,52.615938901901245,0.7532526254653931,365
977,2025,4,43,117,68.03313684463501,1.0,365
978,2025,2,33,102,80.5867919921875,0.6066614389419556,328
979,2025,4,50,111,88.35945630073547,0.8965955376625061,325
980,2025,3,34,110,78.68352031707764,0.8891316056251526,344
981,2025,2,77,117,77.73660182952881,0.9266654253005981,357
982,2025,2,49,112,85.63286018371582,0.6462117433547974,336
983,2025,3,53,110,71.25834846496582,0.8365705609321594,345
984,2025,3,79,131,81.56314945220947,0.870735764503479,365
985,2025,3,27,81,32.994834184646606,0.8520044684410095,365
986,2025,2,81,112,69.99587821960449,0.8621029257774353,365
987,2025,2,29,60,32.97674608230591,0.8459944128990173,365
988,2025,3,53,121,88.4373300075531,0.920019805431366,365
989,2025,3,52,111,65.33723545074463,0.9894834160804749,365
990,2025,4,43,114,104.42987537384033,0.9026461839675903,365
991,2025,3,31,111,56.009605407714844,0.9280790090560913,365
992,2025,3,94,127,92.08927512168884,0.858970582485199,365
993,2025,3,82,126,92.30210494995117,0.8999840021133423,365
994,2025,2,34,94,44.94469356536865,0.8883957266807556,365
995,2025,3,30,90,41.2468957901001,0.9535207152366638,365
996,2025,2,31,90,40.93125295639038,0.8567235469818115,365
997,2025,2,48,103,53.062663555145264,0.6798183917999268,365
998,2025,3,39,109,60.15240478515625,0.8094281554222107,362
999,2025,3,39,97,45.222673416137695,0.8832334876060486,365
1000,2025,3,24,74,29.56792974472046,0.8435794115066528,365
1001,2025,3,33,79,32.0017523765564,0.879913866519928,365
1002,2025,3,39,98,50.19075965881348,0.9707322716712952,365
1003,2025,3,34,84,30.614304542541504,0.9187883734703064,365
1004,2025,4,39,115,70.9966766834259,0.8524514436721802,365
1005,2025,3,46,97,67.21763038635254,0.9078493118286133,365
1006,2025,3,46,102,53.353097915649414,0.7445045709609985,365
1007,2025,3,39,97,58.9754695892334,0.8929465413093567,365
1008,2025,2,31,107,53.609816551208496,0.8558244705200195,365
1009,2025,2,53,102,40.787245750427246,0.7963976263999939,365
1010,2025,2,32,52,27.0194354057312,0.6224056482315063,365
1011,2025,2,24,57,24.97835111618042,0.8289434909820557,365
1012,2025,3,28,83,41.04560136795044,0.9051762223243713,365
1013,2025,3,54,126,52.156177043914795,0.8107283115386963,365
1014,2025,2,46,92,31.124842643737793,0.7230363488197327,365
1015,2025,2,28,52,32.20193290710449,0.8513124585151672,365
1016,2025,1,25,60,28.407310485839844,0.5458798408508301,365
1017,2025,1,19,51,8.487635612487793,0.7424278259277344,365
1018,2025,3,22,61,46.742045402526855,0.9586606621742249,365
1019,2025,4,22,70,40.70509147644043,0.9313694834709167,365
1020,2025,3,22,79,51.194448471069336,0.9642054438591003,365
1021,2025,1,19,54,11.754508972167969,0.9109429121017456,365
1022,2025,2,19,61,22.109052658081055,0.8055939674377441,365
1023,2025,2,31,66,40.03553009033203,0.9116615653038025,365
1024,2025,1,26,53,28.182964324951172,0.5792397260665894,365
1025,2025,2,23,67,26.445703506469727,0.710860013961792,365
1026,2025,1,20,65,8.795331001281738,0.9429457783699036,365
1027,2025,1,30,54,36.26313400268555,0.6181684732437134,365
1028,2025,1,24,46,27.5535888671875,0.6161763668060303,365
1029,2025,1,32,42,44.71630859375,0.780292809009552,365
1030,2025,1,22,52,41.44642639160156,0.8032430410385132,365
1031,2025,1,15,41,17.566024780273438,0.46651411056518555,365
1032,2025,1,19,44,28.636123657226562,0.5958765745162964,365
1033,2025,2,20,62,24.693906784057617,0.8856173157691956,365
1034,2025,2,29,57,28.588924407958984,0.8789955377578735,365
1035,2025,2,19,49,35.0563440322876,0.8899300694465637,365
1036,2025,1,30,55,21.907262802124023,0.47961610555648804,365
1037,2025,2,31,56,49.240074157714844,0.7258734703063965,365
1038,2025,1,40,83,32.939208984375,0.44602030515670776,365
1039,2025,1,31,58,24.785593032836914,0.49158114194869995,365
1040,2025,1,17,57,6.03090238571167,0.28431761264801025,365
1041,2025,1,40,41,42.05132293701172,0.8041525483131409,365
1042,2025,1,41,48,34.694908142089844,0.7443432211875916,365
1043,2025,1,19,41,31.726789474487305,0.8447182774543762,365
1044,2025,1,19,51,29.524988174438477,0.854966402053833,365
1045,2025,1,43,49,31.887630462646484,0.8671124577522278,365
1046,2025,1,45,65,24.505748748779297,0.8059831857681274,365
1047,2025,1,35,56,32.25041961669922,0.9259680509567261,365
1048,2025,1,23,54,25.099769592285156,0.9642720818519592,365
1049,2025,1,45,69,24.200971603393555,0.9546107053756714,365
1050,2025,1,47,75,42.617759704589844,0.870241105556488,365
1051,2025,1,45,76,29.982948303222656,0.8571151494979858,365
1052,2025,1,45,60,36.92230987548828,0.847211480140686,365
1053,2025,1,46,70,49.83028793334961,0.8011521100997925,365
1054,2025,1,37,53,36.41240310668945,0.5546827912330627,365
1055,2025,1,45,65,43.25362014770508,0.868960976600647,365
1056,2025,2,17,62,22.459763050079346,0.41323941946029663,365
1057,2025,1,34,49,21.338499069213867,0.5524396300315857,365
1058,2025,1,36,47,33.78030776977539,0.6399468183517456,365
1059,2025,1,38,60,36.01365661621094,0.6998392939567566,365
1060,2025,1,41,55,48.14748764038086,0.904762864112854,365
1061,2025,2,42,64,53.84808158874512,0.8548861145973206,365
1062,2025,1,45,71,26.354557037353516,0.9275477528572083,365
1063,2025,1,48,66,27.015043258666992,0.911601722240448,365
1064,2025,2,30,73,26.00494956970215,0.6964433193206787,365
1065,2025,1,25,53,10.697702407836914,0.70252525806427,365
1066,2025,2,66,101,39.405442237854004,0.6414435505867004,365
1067,2025,2,79,118,32.335378646850586,0.4905964136123657,365
1068,2025,1,28,68,15.81783676147461,0.39080339670181274,365
1069,2025,1,49,79,15.796897888183594,0.3978579640388489,365
1070,2025,3,31,107,22.13551616668701,0.39764589071273804,365
1071,2025,3,37,125,40.90132999420166,0.6807835102081299,365
