bidx,month,mean_mm,sd_mm,p10_mm,p20_mm,p50_mm,n_years
0,1,334.4838,89.604576,229.9471,252.84756,310.49472,21
0,2,341.11676,91.450836,221.75406,238.07108,364.0161,21
0,3,349.88406,72.94385,247.40752,301.26105,338.8752,21
0,4,420.74615,141.99113,254.09785,270.97394,412.9121,21
0,5,425.0188,87.89941,379.05298,386.5046,422.78113,21
0,6,270.81586,60.85622,202.20639,211.05214,278.53366,21
0,7,200.34203,54.800766,134.11253,143.27054,198.51933,21
0,8,128.87444,53.88965,85.73939,87.36954,121.67517,21
0,9,50.103924,20.766167,23.29374,28.286657,48.484505,21
0,10,56.159016,21.129644,37.7568,42.51702,49.93499,21
0,11,95.289696,44.451126,40.383507,63.446465,81.771065,21
0,12,215.76517,70.480705,141.2738,153.85912,217.36113,21
1,1,426.6077,151.96237,264.44058,304.33582,408.38382,21
1,2,426.4974,118.80879,286.0567,309.21393,447.22537,21
1,3,476.55905,143.46977,340.09116,377.26126,447.3765,21
1,4,535.53314,174.89131,291.1877,404.95468,543.6009,21
1,5,491.35425,132.01044,395.06287,439.51544,482.736,21
1,6,304.5049,87.68386,224.10278,229.39175,317.85208,21
1,7,193.3656,57.056847,115.64217,133.17784,199.02289,21
1,8,86.14691,29.064947,58.799095,62.838497,76.95996,21
1,9,29.611282,12.278786,15.697463,18.26938,27.728228,21
1,10,28.073841,13.059879,15.197325,18.731504,22.562952,21
1,11,75.00678,43.127598,29.937511,31.827038,71.44498,21
1,12,230.86198,99.95162,118.70839,152.40956,210.6279,21
2,1,358.56653,134.04985,197.18767,276.2658,337.18976,21
2,2,432.1354,143.15216,296.9841,320.1717,412.23334,21
2,3,500.62604,174.944,304.39203,359.45166,469.66028,21
2,4,505.45746,138.49326,309.6147,412.8164,476.52725,21
2,5,376.4741,98.02106,285.8873,323.27298,377.1453,21
2,6,251.73407,99.287704,134.27681,177.65623,264.5262,21
2,7,142.76698,54.66232,74.27777,91.818756,143.48059,21
2,8,59.657967,19.095175,32.56421,41.435608,64.770935,21
2,9,16.362627,5.7950873,9.671847,11.439822,16.505362,21
2,10,15.2270155,8.328337,7.1047163,7.2250853,12.86718,21
2,11,23.593327,15.403166,10.050315,10.843121,20.793577,21
2,12,100.55123,52.755013,43.614044,50.174454,97.08943,21
3,1,298.9572,137.33475,150.9532,167.18843,273.2829,21
3,2,405.62723,132.01515,261.33575,287.34268,395.13834,21
3,3,454.6931,136.96875,288.92548,350.77353,424.49716,21
3,4,485.00552,133.27348,341.36258,355.36624,458.56393,21
3,5,344.50464,89.5679,260.2404,279.2732,374.01453,21
3,6,224.68141,92.596756,111.00726,152.8727,217.49127,21
3,7,136.46884,52.474804,71.260544,97.36226,128.84216,21
3,8,56.490734,18.357998,35.06096,40.665424,54.51466,21
3,9,11.995049,3.3116214,8.864732,9.608134,11.748123,21
3,10,7.3843384,4.253511,2.228148,3.5150003,7.024594,21
3,11,12.365862,9.930958,2.914363,4.4031754,9.239385,21
3,12,80.66983,46.683872,32.67909,40.637257,76.52276,21
4,1,284.55157,105.0643,133.30042,203.07895,285.72253,21
4,2,343.0994,85.47151,258.80698,263.61963,337.53943,21
4,3,426.90717,102.16992,302.32907,350.3934,399.97333,21
4,4,393.2556,81.196686,311.55444,333.31714,375.9756,21
4,5,310.0612,72.34017,247.13832,262.601,321.12054,21
4,6,231.78821,59.56921,177.72037,183.41093,241.21057,21
4,7,172.50137,55.913143,93.53315,119.6526,178.10628,21
4,8,76.96432,27.687449,49.557564,55.328022,67.97574,21
4,9,20.191822,7.876469,11.816275,13.354204,19.545963,21
4,10,19.996561,11.269961,8.334011,10.221667,15.907043,21
4,11,34.473263,26.703974,9.290242,13.168941,24.766077,21
4,12,124.208496,64.558044,59.523163,63.710304,116.59696,21
5,1,265.93927,87.8636,120.691055,205.61383,255.89732,21
5,2,323.79614,75.48106,234.58528,269.32236,304.47458,21
5,3,379.95975,84.74233,283.30045,306.79288,387.265,21
5,4,358.96307,56.57023,310.48868,317.35095,349.18497,21
5,5,305.71616,61.181858,242.68393,275.46545,301.91663,21
5,6,222.8656,49.053516,175.2752,181.81165,216.91618,21
5,7,185.37614,57.34307,129.66191,141.46327,184.40631,21
5,8,78.40234,26.036842,47.465385,58.655655,80.892494,21
5,9,32.458538,16.5486,14.220203,18.028738,28.062252,21
5,10,36.529404,20.604362,16.15322,18.705132,33.091274,21
5,11,67.89416,51.860065,17.060677,25.066467,43.622116,21
5,12,158.81067,78.509415,85.622406,88.773155,158.82126,21
6,1,255.13274,94.85399,117.435936,194.0804,259.82227,21
6,2,337.60248,79.560844,245.17963,289.78748,330.44064,21
6,3,367.9974,75.55424,253.00244,326.93787,397.05075,21
6,4,352.07532,62.840397,279.45673,310.1018,336.2955,21
6,5,304.71024,69.732544,223.36429,244.25041,301.39096,21
6,6,253.87161,65.014755,167.9393,209.98892,255.4388,21
6,7,179.97456,57.830513,114.687515,129.60815,176.7681,21
6,8,89.472466,39.833714,49.099308,60.615036,77.938515,21
6,9,33.572727,16.134201,14.407462,20.348019,29.288635,21
6,10,33.220512,26.49438,7.4549017,17.353271,22.316576,21
6,11,52.309425,47.65525,12.066299,13.551893,36.93886,21
6,12,136.78244,69.54554,57.875988,74.31969,131.58188,21
7,1,254.73744,73.41537,156.30695,193.19878,271.83575,21
7,2,302.28708,61.351135,222.48474,255.16946,290.1537,21
7,3,360.5939,77.48429,267.42838,271.3934,374.614,21
7,4,342.80267,46.174397,284.59937,302.13577,333.97104,21
7,5,311.1864,61.510994,226.0588,272.16473,326.80212,21
7,6,237.79234,55.89356,174.83763,197.4444,239.18027,21
7,7,187.99486,50.43148,133.47182,159.13002,185.694,21
7,8,89.39066,25.815735,60.953064,72.97438,86.43913,21
7,9,52.39456,20.212074,28.887676,38.928844,58.19296,21
7,10,50.98101,21.341183,27.234642,35.973457,45.64411,21
7,11,77.38766,52.757256,19.34063,36.23073,62.12517,21
7,12,166.137,74.95043,80.03352,107.1548,160.7924,21
8,1,253.12521,85.03553,130.92552,189.15134,255.1154,21
8,2,295.32324,68.78203,214.94873,223.45021,291.17142,21
8,3,346.98895,75.58903,257.17206,269.5688,354.47247,21
8,4,342.1822,46.392113,288.70966,299.11307,330.04138,21
8,5,298.57526,59.589077,229.89764,248.82426,309.3834,21
8,6,243.69363,57.2553,177.50076,195.42722,239.73906,21
8,7,203.55362,52.435608,145.43217,171.77469,196.31697,21
8,8,96.6213,30.95967,62.507023,72.69504,90.2213,21
8,9,37.1614,16.543856,19.18958,22.935362,35.23743,21
8,10,38.566902,17.51326,22.355473,28.562988,34.524418,21
8,11,68.477135,52.937683,14.778704,25.130314,45.060158,21
8,12,134.91522,62.747013,61.936966,87.17648,121.69632,21
9,1,235.2489,70.12549,140.03493,174.91388,238.89377,21
9,2,285.9102,72.729836,210.75568,213.82962,276.86148,21
9,3,321.381,63.970528,243.79929,255.01195,323.98862,21
9,4,341.9816,48.146427,296.4831,312.34595,340.23724,21
9,5,307.84113,64.64279,213.74287,261.32578,314.18802,21
9,6,244.92325,55.29327,175.24359,199.45198,246.16241,21
9,7,209.7255,50.05712,162.78386,180.18906,206.54265,21
9,8,98.778824,31.418264,65.02298,76.534424,91.20581,21
9,9,42.14467,16.470152,24.482176,29.42034,41.496494,21
9,10,43.99799,16.167442,26.980978,33.128403,40.62499,21
9,11,60.902485,44.50327,12.246913,27.535295,50.426476,21
9,12,134.68321,62.49496,70.51759,84.68495,122.97633,21
10,1,253.40504,87.94882,129.74237,184.99707,261.10028,21
10,2,327.3776,82.40708,226.37834,262.0189,312.27695,21
10,3,369.34262,81.881615,245.24825,309.88055,384.472,21
10,4,350.64526,53.921642,289.56122,307.09833,351.44177,21
10,5,298.27682,62.861713,225.655,251.14912,299.55167,21
10,6,248.53772,63.66033,176.05359,203.82439,255.71701,21
10,7,199.80286,48.06756,137.21237,169.6488,208.61017,21
10,8,98.861595,32.455948,69.1496,76.962364,89.478386,21
10,9,43.71821,21.259329,19.927666,29.08189,37.03697,21
10,10,46.196114,35.762203,10.382669,18.506842,37.58419,21
10,11,54.56525,40.705685,18.100536,19.065144,37.336178,21
10,12,139.36163,68.22951,68.024925,80.67394,129.97087,21
11,1,230.41199,63.74629,124.264496,184.57166,247.14209,21
11,2,291.04956,73.56309,211.75078,225.33536,285.83597,21
11,3,318.66663,58.592133,249.1478,257.24036,312.00052,21
11,4,358.6357,56.01839,298.4931,323.01663,348.13895,21
11,5,323.22174,57.76075,245.0461,258.02182,328.38757,21
11,6,261.60016,54.235886,195.99942,202.36708,278.42438,21
11,7,207.25223,51.673107,154.12415,156.33008,212.00882,21
11,8,120.34346,37.414646,81.84945,85.741585,125.05614,21
11,9,56.926838,19.153448,37.339725,41.21965,55.130672,21
11,10,45.496735,20.03301,26.347023,29.675488,40.88355,21
11,11,68.71734,45.786045,18.264381,34.23472,61.534134,21
11,12,143.66971,62.210957,72.122444,98.572556,131.21834,21
12,1,270.05856,86.23299,140.13348,201.09763,280.89362,21
12,2,346.78836,82.01887,265.26743,275.05362,334.99692,21
12,3,388.03354,77.94975,279.51022,322.33084,382.9856,21
12,4,354.68945,47.900093,292.42383,322.47113,346.3661,21
12,5,303.31528,67.81069,228.39839,252.3266,316.87296,21
12,6,249.76634,60.328568,189.18706,212.4485,255.4657,21
12,7,192.04301,44.427586,123.60217,148.88945,199.13516,21
12,8,110.62391,34.82602,76.35729,88.013824,105.73431,21
12,9,53.980526,23.49139,26.871103,37.73702,52.172497,21
12,10,49.733673,34.796135,17.074131,19.686287,43.43036,21
12,11,68.93699,52.08241,23.831858,26.71557,53.30272,21
12,12,152.86554,74.624146,64.764404,91.50812,144.3439,21
13,1,270.4608,62.24128,164.73596,211.524,289.03104,21
13,2,305.11053,57.58418,246.33295,263.46686,296.44983,21
13,3,353.05334,54.087055,301.91913,305.58987,343.59497,21
13,4,362.36435,55.618015,281.81934,312.36285,352.95724,21
13,5,315.3561,57.012142,249.50052,263.71725,315.7954,21
13,6,245.01595,65.98691,175.75589,201.85222,234.9506,21
13,7,180.52028,48.014065,127.468605,142.26378,167.26,21
13,8,128.67455,29.28926,92.76647,108.00703,123.45566,21
13,9,105.23353,31.541122,70.46701,78.76783,105.70597,21
13,10,82.0338,31.686502,39.49707,56.583042,85.7324,21
13,11,86.803406,52.106396,33.08001,48.457012,76.4087,21
13,12,181.48888,69.60865,118.280754,134.09213,165.7555,21
14,1,265.22406,76.71932,165.51653,192.84023,282.20264,21
14,2,351.1208,82.50332,271.1407,298.4355,336.98392,21
14,3,397.79785,77.12359,299.9681,312.7135,390.3923,21
14,4,351.46155,43.57994,297.75162,304.97186,348.4342,21
14,5,302.62463,65.434715,199.4036,250.26471,312.64096,21
14,6,252.90648,66.57875,179.48915,207.747,239.48639,21
14,7,206.1811,48.626987,155.84483,161.69417,204.88284,21
14,8,144.44035,41.156162,87.62391,110.43619,148.59871,21
14,9,93.19301,41.82228,48.708363,56.38072,95.635445,21
14,10,97.60019,44.84331,41.40706,65.45082,97.64243,21
14,11,116.218,84.89347,39.12836,49.5205,86.857834,21
14,12,188.9999,76.31938,112.717,119.87311,182.04965,21
15,1,300.51437,55.48659,239.00626,243.79913,298.45236,21
15,2,341.22394,56.60706,274.06427,293.3272,332.79446,21
15,3,405.97604,58.649776,335.27277,345.0422,401.88263,21
15,4,380.36032,60.610813,306.1157,338.99243,379.29306,21
15,5,308.28754,71.43887,223.59926,256.91397,303.14127,21
15,6,219.18008,63.055374,151.82094,174.00739,217.7917,21
15,7,160.19675,46.988068,112.540634,119.67803,143.85211,21
15,8,152.81299,41.32559,108.3136,112.70959,146.54895,21
15,9,142.30804,50.578667,86.52563,98.51824,140.94446,21
15,10,155.36972,54.321434,87.89282,109.28593,160.21016,21
15,11,128.2185,63.586063,75.24432,84.24983,112.042244,21
15,12,229.6393,78.158394,160.31607,171.44455,213.78075,21
16,1,303.5059,71.7418,201.04758,237.66496,310.39078,21
16,2,357.68066,69.02785,284.06723,288.9738,351.64285,21
16,3,411.5624,64.65707,330.15726,354.46933,399.22632,21
16,4,366.52896,47.555794,315.09213,340.64795,367.43362,21
16,5,296.47263,74.99964,202.44554,235.88896,295.37906,21
16,6,242.57083,58.42876,186.96632,212.14568,232.50856,21
16,7,205.01344,52.269222,141.76027,162.61871,195.63065,21
16,8,164.98953,41.4722,121.208145,124.62511,162.5284,21
16,9,146.33675,58.802856,74.36892,101.25106,155.77563,21
16,10,174.69817,58.495667,98.00084,138.98636,176.35641,21
16,11,137.69249,78.417465,60.0782,81.04145,111.74136,21
16,12,230.1337,81.05135,134.62617,171.50722,222.33841,21
17,1,337.08087,69.05589,255.61974,293.09732,331.48145,21
17,2,397.76056,81.318535,294.85318,332.73154,384.48007,21
17,3,446.6509,62.709564,369.18314,394.32303,456.00366,21
17,4,379.92343,54.475838,303.08685,332.13092,384.30634,21
17,5,297.3758,65.14604,231.59473,247.55956,296.04654,21
17,6,221.7021,56.48545,168.23524,198.55498,214.20314,21
17,7,183.45296,54.402187,127.01217,142.07462,174.62027,21
17,8,159.6825,41.51629,110.604034,130.81033,149.1466,21
17,9,120.29469,49.5711,51.239998,77.989006,130.10304,21
17,10,145.74976,48.142956,74.3117,93.6187,150.87744,21
17,11,140.23405,75.86807,79.780754,88.51485,119.86342,21
17,12,229.70872,76.013115,144.87282,193.78418,214.52779,21
18,1,323.8619,90.47718,202.1488,252.24463,334.45224,21
18,2,419.33533,90.96262,324.66534,357.7961,407.17975,21
18,3,422.91467,72.71533,333.32544,349.5734,426.1135,21
18,4,379.89023,45.10049,328.96527,336.7978,369.107,21
18,5,302.34775,75.79154,205.98814,255.57803,313.99478,21
18,6,224.38063,52.869675,174.13715,190.54948,216.73637,21
18,7,181.58789,49.292618,125.70125,133.29053,191.46251,21
18,8,112.22217,31.494186,72.25068,92.84063,114.5199,21
18,9,59.031693,28.65837,28.336035,32.956787,56.516922,21
18,10,59.12994,30.39815,20.132862,35.860786,59.770424,21
18,11,94.68472,60.852226,30.935389,47.511414,78.981255,21
18,12,183.49226,86.81879,70.825645,130.25671,168.93439,21
19,1,326.22174,96.2837,165.83794,246.60597,347.4625,21
19,2,431.42526,72.975624,328.02124,385.0641,418.82678,21
19,3,439.26782,67.04526,372.25433,388.18237,429.70663,21
19,4,428.06567,77.73025,356.26996,363.7049,417.5316,21
19,5,341.2266,96.174355,194.61789,290.4978,333.04544,21
19,6,208.42845,63.113247,150.4011,168.90863,198.73166,21
19,7,164.29883,55.411568,86.87182,105.32228,181.71617,21
19,8,99.9921,27.78087,67.7475,77.67012,103.17323,21
19,9,41.99804,14.653008,23.950422,28.685957,41.245823,21
19,10,56.79377,23.93911,28.474133,36.238544,50.07707,21
19,11,87.49419,51.476444,31.007624,40.911194,83.804504,21
19,12,162.06961,64.957596,102.10421,119.958206,170.86305,21
20,1,306.20227,75.90785,187.61061,252.90036,305.07144,21
20,2,373.05515,60.69066,311.30206,324.22717,377.4706,21
20,3,438.20767,59.421417,369.68573,383.14722,438.25003,21
20,4,421.3218,62.911934,342.4154,376.27032,407.18628,21
20,5,322.12988,90.340034,219.78458,247.3233,323.73526,21
20,6,202.11928,63.952984,131.2108,154.17886,188.49986,21
20,7,149.06505,42.174522,99.89173,100.830605,152.15291,21
20,8,103.16542,23.321524,69.55686,77.3644,110.26756,21
20,9,67.02479,23.246819,43.129032,52.224426,61.085926,21
20,10,64.6442,21.920788,35.11761,50.565903,63.927246,21
20,11,73.38516,38.248413,29.901062,43.150883,64.12476,21
20,12,166.65901,54.456913,86.70198,131.33478,168.39066,21
21,1,324.83258,104.59107,157.90665,203.62975,367.70584,21
21,2,334.33505,79.0715,220.3528,272.54474,343.75546,21
21,3,422.45786,76.86682,343.92197,363.2268,405.63535,21
21,4,411.9416,65.41397,329.6262,340.77792,423.57352,21
21,5,299.5181,68.728096,223.3677,255.87213,299.8475,21
21,6,190.79236,69.5127,110.25585,149.76476,180.46233,21
21,7,146.06941,50.156624,92.53561,100.694664,133.21515,21
21,8,90.27299,22.274868,63.337612,68.17213,97.396645,21
21,9,63.3467,37.486942,17.596924,21.538862,63.25648,21
21,10,54.71292,30.285645,22.716887,30.115772,45.77298,21
21,11,72.59759,47.673134,14.658871,41.073967,58.50758,21
21,12,170.83488,75.90645,96.08083,106.42664,154.44365,21
22,1,347.98892,80.779434,223.04333,318.60324,359.21906,21
22,2,408.3349,88.50218,323.23566,351.50113,399.2929,21
22,3,506.47498,97.91567,397.58487,454.11752,497.73038,21
22,4,428.84235,79.31921,344.78027,363.44333,422.44897,21
22,5,331.43655,91.75811,236.49889,249.5216,303.9151,21
22,6,170.03473,62.48821,105.66621,128.51509,145.1914,21
22,7,129.0408,45.146046,77.31703,91.00954,125.861015,21
22,8,85.97426,28.952822,48.063442,58.481968,81.40442,21
22,9,53.283222,20.325716,30.894037,33.35986,52.360043,21
22,10,60.370342,26.974201,27.584423,30.739744,60.433292,21
22,11,81.102974,49.359497,24.14902,42.727787,75.148865,21
22,12,191.25137,68.27974,124.24247,149.53117,177.67288,21
23,1,299.94272,78.713066,190.43332,213.71402,311.60428,21
23,2,345.42065,78.53487,265.79904,297.07886,338.72397,21
23,3,421.07437,73.535286,326.67084,354.5218,406.97214,21
23,4,393.87048,63.62994,316.7828,344.98178,394.3698,21
23,5,318.2968,101.195595,215.61714,243.13371,288.69815,21
23,6,186.97752,76.36385,93.19929,129.10175,179.31285,21
23,7,143.29376,43.810997,90.285706,104.44842,136.81796,21
23,8,108.073425,36.893826,59.228302,79.34608,110.38727,21
23,9,74.598335,29.395765,46.95013,50.63099,72.120186,21
23,10,73.62798,28.725086,38.68084,47.774273,73.16751,21
23,11,84.74771,46.32468,24.493618,45.62892,75.87867,21
23,12,175.67836,61.576378,108.056076,119.83194,173.99663,21
24,1,299.4234,80.17016,176.49579,212.05394,313.14465,21
24,2,359.21664,79.95709,291.9291,317.80405,347.33432,21
24,3,424.2904,75.70702,305.99033,383.27823,418.33548,21
24,4,388.81207,58.721184,327.24634,336.34332,398.28915,21
24,5,312.69513,101.23527,218.01794,232.89583,293.5362,21
24,6,181.47972,74.94629,95.33379,122.48463,176.15218,21
24,7,140.8464,45.004116,87.52676,99.919235,134.2704,21
24,8,110.88042,37.707596,65.61375,87.16318,112.35008,21
24,9,84.29115,34.207176,49.003586,54.122135,77.42604,21
24,10,81.412125,32.485844,46.532986,52.749176,76.543236,21
24,11,82.49195,42.915867,23.733465,48.33434,76.89458,21
24,12,173.18849,59.545517,107.045784,115.80215,178.36626,21
25,1,299.27612,62.310013,204.3622,246.61536,313.1531,21
25,2,350.4069,66.63023,262.67282,300.89212,353.12573,21
25,3,391.62314,55.349903,327.29477,345.1272,393.83612,21
25,4,386.6268,52.82185,310.47083,343.9646,396.40622,21
25,5,299.62143,85.76808,228.16188,240.49097,276.57202,21
25,6,181.39993,66.85759,122.43469,138.16626,172.73315,21
25,7,145.86522,38.850853,101.09667,118.99416,145.91165,21
25,8,129.11803,39.53889,84.00563,99.253914,115.32685,21
25,9,106.37558,35.746433,67.87538,80.06538,102.89852,21
25,10,97.19194,32.30599,51.877663,73.3409,97.499535,21
25,11,85.566124,37.850758,42.532494,53.074757,77.17128,21
25,12,192.4565,66.28305,126.87995,139.60236,193.19685,21
26,1,315.64044,77.45749,202.77829,239.66212,337.114,21
26,2,368.998,82.96673,260.64963,283.2205,393.04373,21
26,3,439.85483,72.900475,366.8864,372.7129,438.97913,21
26,4,383.9778,65.55269,310.36505,336.10248,388.88916,21
26,5,270.85046,104.97555,156.498,188.02711,252.38922,21
26,6,110.59747,53.753998,58.196365,69.4762,98.04224,21
26,7,84.411865,30.705425,59.761368,66.93015,79.0435,21
26,8,60.80622,19.970543,34.737743,47.997482,63.29842,21
26,9,59.74008,23.771225,35.916943,39.80731,50.786186,21
26,10,75.25218,24.973055,45.738228,50.767624,77.739944,21
26,11,100.66347,50.74561,37.97989,58.318172,91.78783,21
26,12,189.0358,57.04785,130.3687,147.03792,184.4998,21
27,1,320.56326,59.959106,230.59966,258.6286,340.80353,21
27,2,353.99222,58.205257,256.27106,327.43442,369.3064,21
27,3,399.48865,63.04508,331.69946,347.28455,401.44385,21
27,4,375.8107,53.600655,294.949,334.92715,368.44336,21
27,5,299.65997,85.94373,189.70113,225.60158,289.044,21
27,6,166.54535,56.400715,99.36866,136.21259,151.9434,21
27,7,146.08626,44.185616,98.701614,111.53472,142.06636,21
27,8,126.29013,42.43997,70.97386,91.94594,116.34536,21
27,9,121.036446,42.189724,75.31114,91.75422,117.416,21
27,10,105.90216,39.958294,42.943794,79.71537,106.23426,21
27,11,101.94975,43.471653,52.523167,66.803665,100.11558,21
27,12,209.2932,60.919777,153.24591,166.35025,212.19983,21
28,1,305.09338,75.80898,206.11124,240.58672,306.0357,21
28,2,332.1592,81.74834,216.96486,234.67854,352.65207,21
28,3,407.34943,68.91225,343.51456,374.67664,401.01233,21
28,4,348.57065,66.808044,248.21971,294.90253,358.3011,21
28,5,238.51332,97.41853,149.97922,177.21669,222.26018,21
28,6,88.53584,33.82431,55.584988,65.05376,84.33929,21
28,7,71.04391,32.491726,45.6995,49.670124,62.068817,21
28,8,45.170864,11.610199,30.114958,33.405376,46.707672,21
28,9,39.870525,19.155203,20.36344,22.351194,42.411842,21
28,10,54.041473,21.182564,34.11885,37.097,56.808884,21
28,11,96.75519,47.199932,38.513405,55.86846,90.571236,21
28,12,163.965,49.00186,108.127014,123.91303,148.26135,21
29,1,347.41074,77.60292,260.67258,279.79276,344.96207,21
29,2,382.54047,75.87102,294.89755,315.46988,382.75037,21
29,3,447.2944,59.930958,381.46317,413.36914,441.67178,21
29,4,421.6743,48.58413,375.28323,394.0756,403.88818,21
29,5,321.6457,84.81889,229.16685,250.33563,321.91257,21
29,6,194.15468,55.012287,145.03038,164.66982,185.64001,21
29,7,173.26266,45.085632,128.4111,141.57326,172.19466,21
29,8,129.64183,28.01012,95.60261,109.05217,125.32911,21
29,9,81.98312,37.477703,38.7468,55.399952,78.19134,21
29,10,76.8361,32.795387,43.046394,48.108467,76.44206,21
29,11,78.428314,40.159504,33.028072,47.17135,73.78572,21
29,12,193.66458,77.91353,86.39132,142.34717,189.3628,21
30,1,338.12424,89.0242,245.59042,277.3737,339.35873,21
30,2,415.9229,101.81076,282.53723,339.33505,418.8753,21
30,3,484.70578,71.406334,390.62125,455.33197,487.03418,21
30,4,426.0722,66.09819,347.2252,400.98972,421.73944,21
30,5,323.877,93.611115,225.80031,249.38864,318.59958,21
30,6,206.38147,65.108604,142.39873,168.01346,194.8188,21
30,7,181.03427,52.573307,111.48966,143.58826,183.98425,21
30,8,116.26227,30.157434,85.7359,95.00909,116.30933,21
30,9,50.387005,24.199286,16.302273,20.056707,49.679527,21
30,10,46.804783,26.468351,21.30097,26.433336,41.321873,21
30,11,59.439487,36.770363,13.232332,34.68693,52.616913,21
30,12,146.80222,75.78995,56.52659,86.785385,144.88353,21
31,1,329.39444,115.21191,214.25993,244.24942,320.4826,21
31,2,446.05347,131.38016,268.9667,336.19144,444.86972,21
31,3,531.91077,89.19732,427.19946,485.06546,518.18634,21
31,4,454.65616,82.94725,371.1238,404.41568,448.52145,21
31,5,339.68555,131.19127,215.8639,224.5706,329.82376,21
31,6,216.96803,75.575676,132.92865,154.26584,198.01881,21
31,7,170.0737,46.517143,115.82951,131.1193,173.91595,21
31,8,83.00067,26.009747,56.650375,61.243134,77.754456,21
31,9,23.19293,10.382187,9.222846,9.833586,22.204533,21
31,10,20.86379,13.119214,9.03644,11.279995,15.704265,21
31,11,32.422333,23.161991,7.386604,15.022672,24.856562,21
31,12,99.23775,58.757984,37.00241,42.531372,98.566536,21
32,1,277.44745,94.617485,174.50948,209.25562,261.43546,21
32,2,356.57272,97.352325,223.89836,279.40805,366.9382,21
32,3,440.54218,76.487305,356.91846,388.1572,454.06348,21
32,4,392.66733,58.93852,302.28455,359.36545,393.8514,21
32,5,305.95572,98.83778,198.60455,241.03992,303.3971,21
32,6,198.35826,47.579704,153.74182,170.33183,199.99446,21
32,7,166.13591,41.015106,118.5042,131.01953,165.75923,21
32,8,90.33949,21.68807,70.20614,72.00912,86.76394,21
32,9,34.268963,15.152447,14.821941,21.015726,35.139927,21
32,10,26.527472,13.745027,10.513498,15.777977,23.6429,21
32,11,29.370615,18.984425,6.254895,14.662472,22.372618,21
32,12,88.386955,43.92798,33.06056,53.466278,90.9556,21
33,1,267.7445,81.47335,179.38876,209.73988,259.79355,21
33,2,308.39523,70.14173,216.36986,241.63327,321.78827,21
33,3,358.2313,69.45009,274.68506,303.88342,367.86026,21
33,4,340.69608,50.08214,291.1526,297.16718,330.50653,21
33,5,268.05545,72.66777,199.88339,209.74034,242.64499,21
33,6,155.04906,41.95174,119.56342,128.14442,148.65628,21
33,7,119.68322,40.13111,78.12723,83.62081,112.4262,21
33,8,67.88602,24.097929,43.364777,49.278366,62.39176,21
33,9,39.243427,19.346756,14.559833,22.20089,37.393,21
33,10,35.98999,20.205725,12.395457,19.751303,28.866283,21
33,11,42.24935,25.566326,14.839341,20.530174,35.494564,21
33,12,96.00311,44.21095,37.584282,52.85929,97.60953,21
34,1,205.36053,102.07197,109.45482,116.30197,199.52196,21
34,2,292.25183,123.772736,158.33238,170.84074,292.84354,21
34,3,449.98688,118.773026,325.63223,365.42398,444.46603,21
34,4,416.76288,107.014786,274.2779,341.4493,424.28314,21
34,5,288.21695,113.284706,188.30458,216.67801,285.64874,21
34,6,204.25365,74.39204,129.46947,144.67874,204.698,21
34,7,148.97263,49.484653,89.281334,101.4506,139.8491,21
34,8,56.33678,14.980276,40.01196,44.385735,54.758804,21
34,9,12.346549,6.117595,5.823607,6.6304965,10.941634,21
34,10,8.048474,6.5745835,1.5529851,2.7684798,6.725351,21
34,11,7.7910695,4.7057986,1.3845145,4.267427,7.820178,21
34,12,45.941277,25.829044,17.376602,18.34223,39.596863,21
35,1,238.22102,85.09214,163.93164,177.60918,209.24184,21
35,2,290.25082,80.236755,199.06682,231.48988,276.8121,21
35,3,393.32715,95.82563,286.55542,324.8766,389.54245,21
35,4,350.6185,59.10138,288.036,317.0982,343.41263,21
35,5,277.16248,85.13346,195.12614,210.14545,262.47116,21
35,6,180.34631,43.79787,130.54561,143.97281,189.50012,21
35,7,135.7882,37.93127,93.23204,98.39335,142.87328,21
35,8,60.022915,22.157248,36.727158,44.711533,55.1286,21
35,9,20.158163,12.047743,7.758862,8.806161,17.911514,21
35,10,19.792706,12.204113,7.103251,11.586374,15.075587,21
35,11,30.988644,19.146172,11.58772,15.186361,26.513073,21
35,12,69.4317,36.45838,28.736465,32.355953,71.43438,21
36,1,192.33331,90.1876,100.713715,142.00668,185.99747,21
36,2,295.21417,118.517876,145.42807,195.57028,320.65457,21
36,3,452.97015,129.14568,302.13138,332.3654,461.27838,21
36,4,403.04144,108.426956,297.7121,312.6322,429.79877,21
36,5,280.941,106.648254,156.08334,213.46732,278.0454,21
36,6,203.22372,61.434025,136.34271,146.39957,200.26463,21
36,7,151.19023,54.376934,99.5195,107.289795,137.45831,21
36,8,44.38847,12.9674425,33.485157,37.81978,43.40424,21
36,9,11.974269,6.8263593,4.670606,6.326983,11.3432665,21
36,10,7.214968,4.13197,2.3579323,4.0136395,7.149049,21
36,11,8.446576,4.7207103,2.67598,3.6432316,7.9286113,21
36,12,43.428333,24.403484,15.5764475,19.959332,36.649704,21
37,1,227.40662,68.53562,152.93523,171.46086,237.32637,21
37,2,287.08197,82.44204,194.10422,217.35342,287.9294,21
37,3,371.614,89.5826,249.6893,299.94153,373.9754,21
37,4,362.60953,64.127495,286.32635,321.30273,370.9361,21
37,5,264.80627,86.112915,148.55072,186.49944,283.3534,21
37,6,153.42554,48.84672,93.40478,120.306885,148.81404,21
37,7,108.76564,47.113354,64.90912,66.805336,103.87213,21
37,8,41.50067,20.454317,21.702988,25.595814,34.395485,21
37,9,15.879624,9.755848,5.3226314,7.056349,15.327584,21
37,10,18.223991,9.085475,8.769806,11.123216,16.089685,21
37,11,32.17376,20.713505,10.859213,12.586815,24.390514,21
37,12,76.527626,35.663956,38.486076,45.26902,73.64732,21
38,1,189.91037,94.53383,78.734314,109.38515,185.61456,21
38,2,282.52905,121.89453,118.76369,169.86186,316.3535,21
38,3,427.5141,127.45204,247.2167,309.44644,472.94318,21
38,4,444.91248,150.3994,240.56996,334.4189,473.29044,21
38,5,275.24792,122.97852,113.55852,178.28912,277.8996,21
38,6,178.68884,59.86726,101.55941,121.24098,183.41582,21
38,7,123.48771,62.47025,55.47704,64.34346,108.3543,21
38,8,24.564133,6.8823023,18.694199,21.174408,22.689877,21
38,9,10.878479,6.1907554,6.676025,7.097853,8.399661,21
38,10,4.017411,2.2719893,1.438716,1.5195284,3.846092,21
38,11,7.500109,4.974854,1.2811484,3.1849236,7.1004267,21
38,12,41.23358,23.501566,17.1815,18.7572,36.077984,21
39,1,216.32578,73.336754,139.81439,168.17468,226.77068,21
39,2,265.9236,83.007065,155.0504,195.69034,284.8949,21
39,3,356.93497,89.36467,237.30759,295.3661,365.73764,21
39,4,366.42474,91.653755,237.5597,307.85938,397.2716,21
39,5,295.86362,100.162964,162.03766,215.10468,297.5473,21
39,6,160.14511,60.264755,94.4499,113.35101,159.38832,21
39,7,106.172134,55.174942,61.814697,69.27028,98.79817,21
39,8,29.575455,15.908283,15.304404,17.373072,25.75601,21
39,9,10.338816,7.526334,1.697056,4.4446926,9.998635,21
39,10,12.9170475,6.307234,7.2957687,8.6659355,12.00093,21
39,11,22.931973,16.983278,8.586022,10.318874,17.13968,21
39,12,66.05515,34.23681,30.576027,41.553345,60.08544,21
40,1,216.07458,92.66047,127.25111,138.17615,241.09456,21
40,2,247.55257,91.66676,108.60577,181.35828,236.8265,21
40,3,388.8552,111.29678,253.53854,282.93878,384.25275,21
40,4,406.65338,127.58463,210.71605,304.76462,436.1093,21
40,5,305.54565,133.30878,136.54016,185.89496,340.50116,21
40,6,185.13452,73.413315,93.82326,126.39624,195.09692,21
40,7,120.08858,61.8115,60.36578,69.17345,105.48719,21
40,8,17.95098,7.839447,10.813424,11.712008,15.345349,21
40,9,9.290173,5.7371583,5.190035,5.537522,7.485545,21
40,10,2.2133312,2.0070016,0.124474145,0.53522617,1.2899561,21
40,11,15.278608,8.063172,8.814007,9.730959,11.8281555,21
40,12,53.896637,27.532015,27.657604,32.259342,47.083157,21
41,1,200.17818,71.43949,116.42291,152.865,196.26408,21
41,2,243.04324,77.64135,124.07173,181.77275,245.45767,21
41,3,338.1519,78.35632,228.40439,293.07516,345.44498,21
41,4,379.67212,102.313644,233.27411,340.58475,405.76,21
41,5,304.64917,106.87787,182.42114,216.87141,315.49796,21
41,6,151.66698,62.38528,74.85853,99.58133,150.74506,21
41,7,89.73407,44.350616,46.256355,53.353355,80.20105,21
41,8,19.222239,12.765498,7.598013,9.443136,15.696999,21
41,9,8.100985,6.6677346,1.819659,2.1450217,6.272412,21
41,10,10.024048,5.081226,5.317031,6.2265916,9.42631,21
41,11,23.270258,16.217001,9.437547,11.968765,17.030962,21
41,12,64.178925,35.315372,30.183561,42.60873,50.77191,21
42,1,225.48735,66.92341,149.0729,159.86247,240.80548,21
42,2,284.00626,92.1227,146.66148,185.99512,297.1608,21
42,3,368.4586,70.89652,294.0918,312.42944,368.26837,21
42,4,371.816,95.69806,226.23781,315.0735,396.0293,21
42,5,285.74463,96.577484,196.92252,200.41154,286.13724,21
42,6,139.63489,65.694534,49.158333,88.02327,140.19806,21
42,7,91.416275,45.561657,49.0054,63.504498,89.47667,21
42,8,25.895151,14.036351,9.853709,10.45326,25.309187,21
42,9,11.648268,8.349181,1.8816361,5.31997,11.420301,21
42,10,16.44544,6.3214235,9.576438,10.642303,15.276771,21
42,11,29.868296,19.045008,11.929275,16.29371,24.976795,21
42,12,84.23763,39.376762,43.328693,59.74732,79.63531,21
43,1,239.98933,70.22558,165.90947,182.79887,236.63243,21
43,2,319.8067,98.20538,199.16068,230.1456,320.85712,21
43,3,371.05124,82.33791,274.4234,303.4249,391.30896,21
43,4,366.16074,95.772095,232.29083,272.50098,381.3499,21
43,5,250.90549,102.51715,144.31879,166.93135,252.67622,21
43,6,108.51602,63.490433,25.48623,62.648552,102.13548,21
43,7,61.72079,31.115532,35.552868,36.23406,57.04046,21
43,8,31.62273,15.2359,12.271624,16.236414,27.561562,21
43,9,19.597086,10.077079,6.165073,12.603188,16.822779,21
43,10,29.533941,12.935647,15.198278,18.155209,33.169632,21
43,11,42.382694,23.772482,16.579708,23.51718,34.18003,21
43,12,113.138855,41.981445,75.45966,88.03826,101.20349,21
44,1,246.82321,74.24167,181.53416,184.05908,239.1515,21
44,2,301.6522,94.098495,182.20334,208.09218,313.65,21
44,3,361.7178,81.785904,253.13876,298.86102,379.3045,21
44,4,355.21042,92.61142,262.69263,293.85532,348.36554,21
44,5,226.84103,102.68594,130.56503,151.11575,199.64073,21
44,6,77.31572,51.687836,23.114136,41.7006,63.85495,21
44,7,46.116325,23.095999,25.603817,27.441431,41.830547,21
44,8,26.183329,15.26928,9.828785,12.806489,19.46275,21
44,9,22.862692,11.764939,7.616006,14.907253,19.660315,21
44,10,34.001858,15.50092,14.619849,16.537663,31.888689,21
44,11,49.216076,25.629438,19.153078,28.99345,40.854557,21
44,12,120.06443,40.27172,90.872574,94.27702,115.57028,21
45,1,246.34158,77.17936,164.60025,173.68112,253.72644,21
45,2,303.85736,105.05558,156.40639,233.22667,333.438,21
45,3,407.8743,77.811615,334.7981,348.836,396.56845,21
45,4,399.1496,104.8126,256.36298,341.222,416.60535,21
45,5,274.36218,101.13287,166.9256,176.19818,259.15698,21
45,6,142.74837,65.79156,74.997665,76.99122,139.01782,21
45,7,102.76237,44.600693,64.89295,68.11215,103.49902,21
45,8,24.124905,13.013295,11.045322,11.174138,23.085499,21
45,9,15.439308,7.880606,8.117966,9.584626,13.74546,21
45,10,16.83151,6.772136,9.685685,10.855086,17.109879,21
45,11,29.60261,19.437922,11.820803,14.294504,21.65747,21
45,12,87.92496,37.695126,51.405624,67.19299,82.56159,21
46,1,259.93964,72.75772,196.51431,197.94844,259.61044,21
46,2,280.452,92.61286,142.41177,195.83447,308.34888,21
46,3,388.83337,75.28525,282.7191,329.5644,385.24277,21
46,4,369.19034,94.59128,254.53224,277.2031,391.46933,21
46,5,229.31038,107.87894,114.68602,147.67003,214.08621,21
46,6,83.066734,49.187218,34.59075,44.249268,65.99622,21
46,7,59.307476,33.916836,28.89508,29.83983,58.03501,21
46,8,17.237394,10.354613,6.379805,8.405407,13.14695,21
46,9,17.088566,9.395163,7.4141026,9.369764,14.68184,21
46,10,30.016224,16.810646,12.01402,14.317025,27.89405,21
46,11,47.34251,27.747791,18.342245,20.773466,38.284523,21
46,12,110.910065,42.84782,78.239044,86.02893,100.29574,21
47,1,248.58005,91.89168,141.88681,168.84595,240.67307,21
47,2,271.40897,102.36215,141.51094,184.21637,283.81516,21
47,3,379.96814,75.63176,311.03198,336.11954,370.90683,21
47,4,382.58627,110.92822,249.01361,333.4816,398.11084,21
47,5,285.9196,99.25929,198.30455,202.33487,273.40497,21
47,6,175.22287,74.851036,87.16075,96.2606,194.47997,21
47,7,130.97604,55.831997,77.49512,99.29675,128.23932,21
47,8,25.457935,14.921538,8.852571,12.734263,21.26036,21
47,9,13.114191,7.630229,6.71367,7.4239,10.440025,21
47,10,7.9618917,5.531179,1.8352329,2.00285,8.346311,21
47,11,29.204689,21.266306,13.714662,15.122284,21.738974,21
47,12,80.28794,45.75456,28.541613,45.838924,76.50811,21
48,1,241.70349,79.4391,150.05836,184.13864,243.50743,21
48,2,244.42249,83.942474,111.68399,182.6199,254.84619,21
48,3,351.34076,71.67369,285.30493,293.29187,362.33508,21
48,4,337.5713,91.23186,245.24321,265.02652,346.93948,21
48,5,187.64554,88.509346,108.88232,117.62456,170.53595,21
48,6,71.48611,39.123318,24.213701,42.58554,56.81124,21
48,7,34.217976,23.109104,16.569717,19.705204,29.390118,21
48,8,7.9543386,5.608935,2.2926805,2.4377124,6.244285,21
48,9,11.689931,5.457258,6.1870146,7.6434035,10.790957,21
48,10,12.960199,7.3341985,6.281507,7.175906,10.5989485,21
48,11,36.068264,21.537369,11.423288,12.799884,34.668507,21
48,12,98.511116,43.06206,47.270382,77.246056,92.82747,21
49,1,229.91188,88.95834,101.24632,151.2885,235.03319,21
49,2,273.43622,107.1734,127.83759,178.1776,281.91373,21
49,3,366.04416,75.65162,293.89542,308.00098,352.64,21
49,4,389.42886,111.29967,243.28137,286.2323,401.13428,21
49,5,228.50008,97.48572,108.09775,145.44023,225.46344,21
49,6,143.15314,65.46232,61.005188,67.27787,164.57632,21
49,7,88.37455,45.501507,49.235085,57.097626,88.44736,21
49,8,13.099407,8.051153,3.055424,5.73179,11.224694,21
49,9,11.782347,4.4119773,8.201175,8.802285,10.748497,21
49,10,7.0144224,3.7548387,3.0459485,4.4850383,6.417849,21
49,11,18.085533,12.94413,6.8000965,8.552609,13.148413,21
49,12,59.332367,36.81095,21.40075,31.97752,52.466507,21
50,1,210.76105,84.07031,106.67891,142.95937,219.67786,21
50,2,251.28542,102.02568,123.37169,188.06308,246.65913,21
50,3,348.21158,73.192375,256.83865,296.9274,344.3026,21
50,4,361.49847,108.708786,219.65671,236.19104,387.7456,21
50,5,202.50507,97.4242,81.979546,117.16812,186.99428,21
50,6,125.2623,60.046944,46.161316,64.55194,137.86566,21
50,7,74.683945,45.137352,35.163223,36.852116,69.70504,21
50,8,6.026777,5.705175,0.0,0.571038,4.9626756,21
50,9,10.866942,4.310775,7.878294,8.0675535,8.891921,21
50,10,8.041606,3.0325718,4.7108674,6.122386,7.3524437,21
50,11,13.371527,8.549705,4.310945,6.9546175,11.253694,21
50,12,49.97572,33.112015,18.440426,27.04353,40.12642,21
51,1,164.56302,69.58159,87.28534,105.89022,170.17621,21
51,2,238.66858,97.11854,126.28591,160.83572,229.99713,21
51,3,340.0731,81.40506,239.52885,250.45325,321.76608,21
51,4,358.9267,117.66702,184.77461,223.24194,381.10037,21
51,5,181.92459,94.99109,75.241905,108.97496,175.23805,21
51,6,110.90101,52.625286,35.24518,56.024776,128.02864,21
51,7,58.45827,40.47559,25.957756,29.125248,55.82111,21
51,8,2.374137,3.184913,0.0,0.0,0.4937139,21
51,9,9.826767,3.8911724,7.3246074,7.446708,7.9667454,21
51,10,5.6124835,2.629176,3.2293413,3.3215623,4.8125534,21
51,11,8.567724,4.8789606,2.9981918,4.407493,7.496974,21
51,12,38.95877,26.620056,15.610962,21.134514,26.565748,21
52,1,203.02086,71.498505,120.02334,145.8639,212.27872,21
52,2,247.18715,93.38204,128.14664,194.19995,242.48448,21
52,3,306.59933,62.05148,229.59486,255.79015,300.54736,21
52,4,320.43512,89.29832,204.73662,234.54395,342.42398,21
52,5,190.95035,95.05548,91.29047,106.54844,169.06265,21
52,6,94.40791,41.179943,37.949093,53.005142,105.38939,21
52,7,40.965027,27.383322,19.18118,20.120092,35.22159,21
52,8,6.2179556,6.179666,0.5486405,0.97324014,5.313917,21
52,9,11.750404,5.3654966,7.2365623,7.5960355,9.135731,21
52,10,8.96738,4.0808477,5.3015733,5.6465592,8.15715,21
52,11,19.582514,12.0197525,6.828748,9.240835,16.252035,21
52,12,59.748222,33.65698,29.38788,37.35973,48.277298,21
53,1,144.98895,65.9112,70.81327,95.16582,153.48094,21
53,2,214.50998,89.92382,104.08975,152.24413,227.39412,21
53,3,301.7743,80.36974,181.08574,216.15338,295.34607,21
53,4,347.01947,120.75776,184.46909,211.84946,388.21567,21
53,5,165.62541,93.69294,72.035835,101.44091,144.71872,21
53,6,86.14886,40.84507,29.380465,41.20231,98.026535,21
53,7,42.37041,32.710335,19.518045,21.689037,32.441795,21
53,8,1.9364645,3.2734578,0.0,0.0,0.0,21
53,9,6.663535,2.4083564,5.354761,5.7039905,6.354212,21
53,10,2.8949215,2.8307486,0.0,0.0,1.9149755,21
53,11,5.4566817,3.198233,1.5000982,2.8090398,5.361827,21
53,12,29.633173,20.529184,13.392802,16.214857,18.966835,21
54,1,167.27495,66.68802,80.68858,113.88914,169.76872,21
54,2,233.6656,84.226974,146.8373,172.83942,224.86221,21
54,3,293.19516,65.24977,214.25624,243.32037,284.49167,21
54,4,320.454,101.73467,181.94043,227.29568,326.3967,21
54,5,181.71469,97.40838,76.97528,96.94133,164.69673,21
54,6,86.39754,39.61479,25.900515,44.203167,92.07923,21
54,7,39.48047,29.38705,19.057129,19.714617,30.115927,21
54,8,7.5257483,9.821824,1.1308465,1.7103152,3.4084597,21
54,9,9.213401,3.95994,6.542743,6.7655907,7.389566,21
54,10,9.240362,3.742052,5.711159,6.3128843,7.3160343,21
54,11,12.819616,7.4496827,5.2070847,7.050411,10.119148,21
54,12,43.49243,28.213943,17.777122,24.845299,32.990685,21
55,1,157.88055,70.52348,68.87918,101.14579,167.48695,21
55,2,206.00227,78.244026,104.59814,150.59221,206.42316,21
55,3,275.10886,74.09438,190.43968,225.39778,258.4919,21
55,4,309.57925,119.84121,166.00108,171.12813,310.2047,21
55,5,172.40393,97.87145,73.77358,98.70644,152.99559,21
55,6,65.21151,32.210506,22.226498,35.60969,68.413086,21
55,7,36.789642,24.628548,16.358736,17.860298,26.637102,21
55,8,2.4453752,3.395035,0.36404395,0.41548395,0.7455046,21
55,9,4.1575294,2.2806883,2.0219152,2.9843602,3.385214,21
55,10,4.7734766,2.6458037,1.9912398,3.1202674,4.5865555,21
55,11,7.378379,3.393264,4.0390716,4.730725,6.238981,21
55,12,34.898026,24.645906,11.419033,17.544792,25.204407,21
56,1,165.37224,74.67289,73.34914,104.14335,172.01357,21
56,2,204.91536,75.4363,105.439285,163.42671,196.68951,21
56,3,276.76923,70.99749,208.97723,220.85059,276.26025,21
56,4,297.89243,112.936844,164.2543,166.14067,295.63507,21
56,5,167.00847,96.39925,71.45589,91.23139,141.31647,21
56,6,58.370903,28.161991,19.576462,36.74462,60.69775,21
56,7,37.327644,25.362228,14.368668,15.342154,25.856632,21
56,8,4.6593575,4.797693,1.3940098,1.5601131,2.6189997,21
56,9,3.3343568,2.2782812,1.9649022,2.0169222,2.45871,21
56,10,7.09676,3.8329458,3.911817,4.1642847,5.881406,21
56,11,9.941417,5.0475826,5.233712,5.87433,8.130435,21
56,12,40.075226,28.069868,12.740562,20.410288,33.303356,21
57,1,135.64238,79.710846,37.452766,61.33743,135.73608,21
57,2,184.29994,83.74612,72.23201,137.2828,182.26286,21
57,3,269.8495,81.98725,183.08218,192.66373,262.25183,21
57,4,264.86783,99.27503,159.50931,175.23834,261.9036,21
57,5,134.51021,92.54715,62.98859,65.22391,113.268616,21
57,6,41.442837,25.222279,16.871517,23.593597,37.2872,21
57,7,17.641432,9.36662,9.032094,9.739567,15.001448,21
57,8,0.7091673,0.96124804,0.06338319,0.13740696,0.22202265,21
57,9,0.6410676,0.57906914,0.18643114,0.20684624,0.35056102,21
57,10,1.5901941,1.4095464,0.1807518,0.34590426,1.7078371,21
57,11,4.2215524,3.198384,1.1384639,1.7972561,3.286225,21
57,12,26.26597,21.889793,5.793287,9.020769,17.807898,21
58,1,107.30822,75.082825,23.250511,62.22443,92.61824,21
58,2,126.08641,57.784664,44.04209,71.307106,125.094635,21
58,3,207.73654,75.56046,112.93369,146.03052,208.72842,21
58,4,191.84947,83.956154,101.082756,117.99636,170.43274,21
58,5,92.065636,63.904408,31.931833,45.047573,80.44325,21
58,6,29.416538,19.467321,14.25491,18.059086,24.102917,21
58,7,11.826411,5.8370233,7.146779,7.1900663,9.844261,21
58,8,0.9556765,1.2460909,0.1499247,0.38984528,0.62754714,21
58,9,0.41364202,0.5218917,0.07002719,0.123245426,0.19632474,21
58,10,0.9315122,1.1917744,0.055488903,0.08651325,0.3790345,21
58,11,3.0992992,2.7891984,0.31596455,0.458175,2.111492,21
58,12,20.004894,17.581446,5.0723877,6.4592915,15.984146,21
59,1,95.320694,81.80679,18.26476,24.550354,91.33745,21
59,2,141.09631,81.121284,36.37121,77.007866,137.7649,21
59,3,246.66008,94.59995,136.5394,173.99261,238.2765,21
59,4,229.26425,105.41368,106.78785,138.00908,202.19456,21
59,5,120.25222,70.78834,35.364105,55.780773,112.73075,21
59,6,42.35269,28.17615,13.292246,16.555258,41.12024,21
59,7,16.39901,9.296749,8.570888,8.851275,13.042468,21
59,8,0.3259682,0.6359426,0.0,0.0,0.0,21
59,9,0.20135993,0.43837392,0.0,0.0,0.0,21
59,10,0.5111479,0.87484294,0.0,0.0,0.02444278,21
59,11,1.8433148,1.9019197,0.0,0.05653101,1.0293525,21
59,12,10.854919,9.068565,0.94270617,3.859013,9.142319,21
60,1,84.887,69.58471,13.584492,42.797043,73.34838,21
60,2,108.054886,53.501446,41.00949,55.409046,108.96603,21
60,3,190.93362,80.9664,90.278076,130.17677,180.96422,21
60,4,177.52011,89.45409,75.197556,108.87642,145.93996,21
60,5,88.90861,58.662907,30.523542,35.954094,85.366035,21
60,6,28.903793,21.060097,10.989894,12.899378,24.350435,21
60,7,12.124384,6.420123,6.4910297,7.475623,9.455796,21
60,8,0.3478026,0.48725098,0.0,0.045161296,0.09158679,21
60,9,0.18005957,0.34655434,0.0,0.0,0.0,21
60,10,0.515499,0.708004,0.04499784,0.045201544,0.20016359,21
60,11,1.9922104,2.0507905,0.03822331,0.07954454,2.0538182,21
60,12,10.635411,10.3594475,1.3161093,1.9360845,8.603494,21
61,1,76.61795,59.10172,20.554508,24.76538,71.22398,21
61,2,108.74155,59.05638,28.81041,53.287296,113.91498,21
61,3,195.41776,76.8715,100.56331,134.51099,193.24657,21
61,4,186.23274,78.53978,93.25805,123.4316,169.7925,21
61,5,91.06981,53.982807,27.114567,38.419594,93.707405,21
61,6,35.503483,23.912752,13.075602,15.194556,31.096352,21
61,7,12.807619,6.814549,6.14804,6.602191,10.184142,21
61,8,0.6759016,0.9133638,0.0,0.04845404,0.37674195,21
61,9,0.3160603,0.56646633,0.0,0.0,0.0,21
61,10,0.34315294,0.5966672,0.0,0.0,0.05538908,21
61,11,1.5329825,1.5306393,0.0,0.051373187,1.2382722,21
61,12,8.519985,6.3682456,1.6245139,2.890682,7.360791,21
62,1,85.4484,67.18472,16.997074,42.345093,65.51841,21
62,2,98.58867,47.428993,44.06226,49.68248,89.836136,21
62,3,181.87091,72.80064,83.552246,121.159424,178.77519,21
62,4,173.86282,78.93863,79.541725,108.20292,163.32523,21
62,5,94.14052,62.424763,32.573055,38.23625,91.50965,21
62,6,39.771496,24.317345,17.947598,19.45221,36.675846,21
62,7,16.403934,8.426212,9.095276,9.567787,12.274592,21
62,8,1.4523605,1.5062383,0.4414119,0.46717185,0.70526195,21
62,9,0.31179398,0.5497433,0.029116638,0.030726165,0.09275407,21
62,10,0.46797395,0.6666076,0.051492833,0.054777607,0.19804627,21
62,11,2.4308608,2.1316843,0.2514411,0.3805918,2.0374715,21
62,12,12.313329,8.84143,4.6294804,5.0277724,10.334571,21
63,1,97.336975,76.10452,26.462421,34.03194,75.33007,21
63,2,122.1897,70.607475,44.40651,55.43429,111.59001,21
63,3,225.0738,84.36511,123.96521,164.26224,215.46082,21
63,4,249.31654,112.62463,102.32151,143.01476,236.03572,21
63,5,140.72359,78.77665,48.109394,50.565536,138.8942,21
63,6,75.86527,46.38603,32.087875,32.822548,74.873,21
63,7,30.659868,18.73131,13.229258,15.056011,21.053663,21
63,8,4.446264,5.538148,1.1968733,1.6735522,2.6706998,21
63,9,2.1761498,1.5703949,0.79104847,0.821984,1.6808195,21
63,10,2.9679692,1.034227,1.8389746,2.0526462,2.8337421,21
63,11,3.7495053,2.2409194,1.3080969,1.6866368,3.571251,21
63,12,16.300957,11.109083,7.26702,8.9758415,12.462309,21
64,1,94.643135,78.069565,25.608192,43.68936,85.903984,21
64,2,104.78023,51.584156,48.541183,53.266953,95.1003,21
64,3,185.50887,62.142406,106.54701,143.9326,171.84393,21
64,4,199.87207,84.28735,80.90014,127.18175,212.75392,21
64,5,120.77975,71.586494,34.42294,49.63978,116.35196,21
64,6,68.027725,40.936733,25.6411,32.47462,64.35406,21
64,7,27.179726,17.068665,12.202456,14.767588,19.927666,21
64,8,4.130967,6.192243,0.594193,0.75940645,1.384331,21
64,9,1.4637686,2.1626694,0.2333867,0.35006633,0.5712037,21
64,10,1.9150797,1.4638249,0.6675112,0.7657576,1.1637769,21
64,11,3.9926264,2.752061,1.0934712,1.2079332,3.5434852,21
64,12,18.193182,15.254046,8.228829,8.712685,13.966672,21
65,1,103.2467,91.15619,22.47828,32.641518,83.444534,21
65,2,130.3736,83.09702,40.629673,57.483574,104.38202,21
65,3,234.18217,91.73685,144.4941,155.18718,219.55309,21
65,4,264.54947,152.70558,92.52509,109.87695,274.53983,21
65,5,140.95895,91.35468,32.614376,45.488564,133.42506,21
65,6,70.24493,54.167324,27.845745,30.951769,63.74034,21
65,7,21.71479,13.915106,10.401087,10.507859,16.774105,21
65,8,4.0863457,6.417053,0.27810872,0.5640094,1.7518014,21
65,9,2.1908917,2.455185,0.0,0.0,1.5402738,21
65,10,3.668975,2.6861882,0.28617123,0.57229245,3.455984,21
65,11,2.478943,2.6440089,0.0,0.18595453,1.4349962,21
65,12,19.340555,16.30431,9.078896,9.702303,13.672506,21
66,1,88.475655,73.15085,22.26287,32.707424,72.131195,21
66,2,104.12291,60.792126,39.21451,49.36214,91.8681,21
66,3,190.3896,71.34377,107.5124,135.80089,181.06938,21
66,4,194.91035,94.539474,77.65725,100.826904,212.4198,21
66,5,109.91582,70.22418,26.955503,37.3169,107.40184,21
66,6,55.570244,36.57737,20.046328,24.228046,48.5827,21
66,7,19.823534,12.235707,9.446761,10.957052,14.874729,21
66,8,2.7896943,5.118752,0.07172401,0.17333896,1.0570015,21
66,9,0.7084244,1.3789086,0.0,0.0,0.034336478,21
66,10,1.0615922,1.7093892,0.0,0.0,0.119292825,21
66,11,2.0471292,1.6539476,0.0,0.26769674,1.9628012,21
66,12,15.558019,15.089044,6.800843,7.5336742,10.04626,21
67,1,89.24869,92.825554,20.402481,21.522896,66.61273,21
67,2,119.10785,85.993164,33.888153,43.151356,90.643036,21
67,3,224.0664,88.35012,138.58896,159.1012,207.60466,21
67,4,226.61433,143.24812,63.696365,84.42181,271.44864,21
67,5,117.26715,88.247154,22.30048,24.559855,120.81997,21
67,6,54.209053,42.683006,16.130219,20.4382,47.445232,21
67,7,18.977291,15.378102,9.440062,9.583801,11.927801,21
67,8,2.3266973,4.078167,0.0,0.0,0.0,21
67,9,0.6982367,1.7716496,0.0,0.0,0.0,21
67,10,1.4334846,2.870644,0.0,0.0,0.0,21
67,11,1.7185256,2.432234,0.0,0.0,0.0,21
67,12,16.568253,10.788891,7.974485,8.258019,14.772932,21
68,1,85.15668,70.560974,17.81294,24.223639,71.65457,21
68,2,102.67048,59.582047,33.523884,43.878036,91.93052,21
68,3,177.01747,68.17622,92.16379,126.30045,170.60097,21
68,4,168.03313,86.05255,73.14619,88.91342,181.98108,21
68,5,95.468094,65.34364,26.514944,40.907623,85.29587,21
68,6,48.878365,29.109257,17.851915,22.512596,39.621433,21
68,7,15.410814,7.596944,9.602379,9.973144,11.552133,21
68,8,2.152061,3.7711453,0.15040156,0.15789372,0.51229787,21
68,9,0.42045912,0.81297594,0.0,0.0,0.0,21
68,10,0.66830134,1.2921535,0.0,0.0,0.039541908,21
68,11,1.3243542,1.1307238,0.025970504,0.09513214,1.0244054,21
68,12,14.250491,14.721374,5.4757752,7.0840063,9.636416,21
69,1,84.0647,69.56804,17.715458,28.486979,76.81037,21
69,2,109.05793,66.279205,38.795433,49.31664,99.14607,21
69,3,173.75731,73.23161,79.51611,112.45806,170.11243,21
69,4,164.15454,82.49701,79.926125,97.24327,167.31444,21
69,5,95.28661,62.57325,20.988817,42.73937,76.05659,21
69,6,43.92169,28.927738,15.226193,18.947784,39.150585,21
69,7,19.223576,9.37241,9.136556,9.583728,15.472019,21
69,8,2.4863083,3.8668475,0.08878169,0.21339828,0.5873718,21
69,9,0.7438451,1.2882171,0.036660247,0.06007218,0.2645036,21
69,10,1.3287076,1.876872,0.12984604,0.25639507,0.57922405,21
69,11,2.4787936,1.9175895,0.5230708,0.98676157,2.000851,21
69,12,17.311148,13.087343,7.8238907,8.35516,13.181909,21
70,1,65.949455,65.965454,15.440278,20.498564,44.342472,21
70,2,89.107666,58.411915,28.046717,47.87373,72.15263,21
70,3,156.24452,71.89479,73.622505,92.534096,156.16571,21
70,4,143.8575,84.983444,61.390274,63.30845,152.13823,21
70,5,77.86073,59.610603,13.523202,41.881863,60.446262,21
70,6,37.8991,28.115833,12.730158,16.445633,34.006306,21
70,7,20.20847,10.0275,9.746413,10.609056,19.16544,21
70,8,2.9195652,2.617357,1.2512275,1.4558554,1.8263181,21
70,9,0.813033,1.373854,0.16040836,0.1647923,0.38938445,21
70,10,1.2477653,1.801777,0.08649203,0.12180105,0.35625908,21
70,11,1.7130172,1.8905264,0.026903406,0.14414503,0.9422791,21
70,12,15.251148,9.014279,7.1651373,7.879345,12.04211,21
71,1,50.125847,51.12862,14.9374075,21.82411,30.630371,21
71,2,67.196594,45.3832,21.578583,24.91158,53.382057,21
71,3,134.50188,64.5463,54.208324,85.1579,124.410225,21
71,4,134.83524,67.7614,58.50162,62.674255,135.37831,21
71,5,81.67096,44.677547,30.486235,45.301075,82.455246,21
71,6,101.38021,45.605278,51.662548,64.21081,90.97677,21
71,7,71.572044,43.53622,41.17283,43.30185,49.444008,21
71,8,32.553215,13.365721,18.087833,22.470299,30.344881,21
71,9,11.53829,6.0404377,6.3021326,7.603386,9.914349,21
71,10,3.599393,2.2187035,1.463707,2.0190706,3.0617344,21
71,11,5.001854,3.404555,1.4788625,2.3556557,4.2304482,21
71,12,12.047585,5.758245,6.979087,7.3120747,9.487474,21
72,1,47.374733,53.44952,16.30462,19.202877,27.967875,21
72,2,61.642822,37.31591,18.756222,32.665176,61.682114,21
72,3,112.98906,58.22794,50.218937,66.35927,105.00736,21
72,4,121.127884,61.342243,51.71824,66.84239,100.257614,21
72,5,81.853195,40.785057,41.699368,48.007393,73.24685,21
72,6,101.97008,50.644196,43.562443,66.5017,91.204636,21
72,7,77.9944,51.759926,36.830433,40.85051,56.41337,21
72,8,36.087788,17.65948,20.359562,23.046074,30.79927,21
72,9,14.452235,6.8623967,7.7932353,8.880269,12.896321,21
72,10,5.2415204,3.2719455,1.8867652,2.389873,4.6666512,21
72,11,6.7799196,4.713694,2.010536,3.0932415,6.1127114,21
72,12,12.7957535,6.9639587,6.641674,8.234901,9.095679,21
73,1,61.452427,66.656136,21.410583,22.519493,40.192574,21
73,2,85.10764,60.07602,24.580427,48.853424,66.904785,21
73,3,148.3742,75.292656,56.735397,69.73165,135.37819,21
73,4,182.96254,81.11967,107.09455,114.256805,165.81575,21
73,5,163.97984,74.307076,99.373535,111.623505,145.54355,21
73,6,226.39728,109.32289,97.48824,132.41824,206.22498,21
73,7,164.4817,104.71436,68.20176,83.7233,121.97632,21
73,8,59.38036,36.504257,28.966837,32.374905,48.222202,21
73,9,38.23979,25.73585,16.512947,19.515665,33.094673,21
73,10,16.507835,7.302169,10.376197,11.07537,12.341544,21
73,11,16.498026,7.654008,8.705555,9.457272,13.901295,21
73,12,22.229313,13.197252,11.228292,12.416294,16.241192,21
74,1,47.946938,56.43867,16.5748,17.80701,27.86207,21
74,2,63.40142,42.870277,19.88382,29.089556,56.053406,21
74,3,105.27667,56.7014,55.24834,55.5223,94.02876,21
74,4,118.40885,59.649967,48.53694,71.62778,105.89251,21
74,5,82.908295,41.982464,45.035744,48.838055,73.14266,21
74,6,103.74235,50.73943,43.431057,67.36671,91.98802,21
74,7,74.37951,45.81772,33.85324,40.324852,56.23835,21
74,8,30.54262,15.947589,17.983253,19.141851,26.540329,21
74,9,15.963412,8.168985,8.976674,10.248853,13.411104,21
74,10,5.2458606,2.5006006,2.4125028,2.8586543,4.879325,21
74,11,7.1059866,4.456169,2.1291082,3.8271666,6.0032406,21
74,12,14.718811,9.508696,7.2471175,8.2521515,9.838081,21
75,1,48.250023,56.286304,14.676736,19.594357,31.027233,21
75,2,62.313957,45.684002,16.720081,28.579325,50.151676,21
75,3,104.498604,56.360886,52.764713,55.6458,98.21164,21
75,4,117.40241,55.189816,59.88881,67.32011,113.05218,21
75,5,86.356674,40.514736,46.62609,53.583023,77.09908,21
75,6,121.40248,57.621243,57.071327,79.9782,115.208534,21
75,7,87.13031,52.71233,40.62857,47.747383,67.02811,21
75,8,31.700977,13.817951,17.477528,20.381811,27.032799,21
75,9,17.270847,8.752747,10.291245,11.436216,14.850221,21
75,10,7.509653,2.8322728,5.217614,5.4133205,7.397348,21
75,11,8.835196,4.6672378,3.8882122,5.167716,7.915397,21
75,12,16.23918,10.394303,6.8548775,8.794673,10.416565,21
76,1,52.484684,63.208454,18.951744,21.935223,34.48991,21
76,2,62.809174,48.217175,14.55727,20.451412,43.47007,21
76,3,104.23556,55.769722,50.490623,57.101166,95.853584,21
76,4,109.029945,51.403805,50.706898,63.732887,103.325195,21
76,5,84.583534,36.486717,40.594284,52.626766,86.96555,21
76,6,118.848274,52.77998,67.45031,74.90244,116.46665,21
76,7,85.82937,42.92146,46.67973,50.892338,69.63938,21
76,8,45.813915,15.618983,27.22402,34.150146,42.95954,21
76,9,20.642061,11.991069,12.597853,13.248093,17.540644,21
76,10,9.182566,3.0689964,6.8619876,6.9546924,8.337216,21
76,11,10.398444,5.569603,5.3958592,6.4995823,9.525266,21
76,12,18.701115,12.234679,7.889022,9.826448,12.750939,21
77,1,64.679985,65.14365,23.643528,24.86985,45.504223,21
77,2,71.890945,52.64421,19.722734,30.726748,59.837234,21
77,3,123.71478,60.2585,52.34158,87.822845,101.35951,21
77,4,160.2328,61.345985,88.21498,106.17289,159.71667,21
77,5,168.78308,71.54699,83.72722,90.8526,177.46407,21
77,6,222.61101,109.02781,106.133675,151.61345,188.7092,21
77,7,166.06595,91.17613,94.65492,96.271286,127.75714,21
77,8,68.264206,31.573414,35.73917,42.588013,60.923866,21
77,9,39.077145,28.320026,21.15689,23.17547,34.14336,21
77,10,17.378939,5.233717,11.989038,12.858818,15.724575,21
77,11,15.746297,7.06351,9.167485,9.741148,13.482839,21
77,12,24.847363,14.839854,10.216841,13.024536,17.376762,21
78,1,65.74352,74.79479,24.467043,27.398952,41.585037,21
78,2,73.57777,55.48357,16.56354,24.916275,56.585026,21
78,3,127.12807,58.104877,55.03208,79.6085,120.8844,21
78,4,127.03484,53.679523,59.183094,74.75999,122.55714,21
78,5,129.4303,52.91277,61.32646,75.762344,126.342224,21
78,6,190.63702,79.27763,99.547165,127.382065,180.2832,21
78,7,136.4604,56.131226,88.40071,93.51348,112.24423,21
78,8,70.33951,27.77008,37.067535,52.473534,65.63136,21
78,9,44.52302,20.519142,24.352419,29.358171,40.176544,21
78,10,16.626608,5.5892725,11.804329,12.416818,14.80909,21
78,11,17.144037,8.812242,9.915251,10.850901,13.718935,21
78,12,25.727955,17.39929,11.044256,12.979099,19.327208,21
79,1,71.294075,66.87674,25.577316,28.068516,49.810547,21
79,2,80.406746,59.316315,24.545626,33.939117,63.70404,21
79,3,136.62059,66.88016,51.11662,98.93198,143.59483,21
79,4,163.40439,70.84073,70.994194,102.6777,161.27061,21
79,5,184.75667,81.15347,93.24825,104.94994,172.93517,21
79,6,279.53192,136.5298,128.14127,168.30067,238.20294,21
79,7,192.86383,86.43009,118.771965,127.34123,152.84698,21
79,8,87.31737,34.7559,51.83676,61.287678,82.78317,21
79,9,47.371265,27.76499,23.251171,28.984173,40.565563,21
79,10,21.931057,7.748245,15.215553,15.584518,20.710531,21
79,11,18.65387,7.1235623,11.651737,12.141647,17.093683,21
79,12,28.147255,16.87765,11.470829,13.358437,25.095121,21
80,1,51.17105,53.355965,18.483927,23.793314,32.407314,21
80,2,62.855713,38.858036,12.29591,31.55152,50.186707,21
80,3,108.42323,53.85425,48.398605,63.453613,106.63279,21
80,4,84.29047,44.693687,32.38454,53.48349,70.626816,21
80,5,65.66898,36.082348,23.20097,37.116524,67.68411,21
80,6,77.218956,35.789196,34.667976,43.234516,72.05098,21
80,7,55.075287,16.63446,37.73021,38.419907,50.39619,21
80,8,30.085787,11.765782,17.064835,23.16104,29.907845,21
80,9,13.288676,6.9468665,6.5038586,7.286325,12.377077,21
80,10,6.863675,4.240195,3.3757567,3.6194942,5.5465465,21
80,11,8.751036,5.3716846,4.4966607,5.1281166,7.44045,21
80,12,20.982023,15.6426735,7.5578694,8.964116,13.719509,21
81,1,62.920235,53.4319,24.21079,27.384075,49.162777,21
81,2,82.0425,60.56029,17.305986,33.59232,66.89148,21
81,3,132.98276,64.64555,50.711803,83.43168,123.0174,21
81,4,170.03049,69.84999,77.52414,94.30759,182.52122,21
81,5,203.48776,95.14197,91.0105,127.95493,200.4949,21
81,6,276.92493,114.610504,118.26328,175.85626,287.78522,21
81,7,213.77249,76.75031,137.92415,157.03883,183.1632,21
81,8,118.209564,43.75065,82.33159,84.9833,103.24727,21
81,9,56.83295,35.389942,27.041924,32.994633,53.479694,21
81,10,31.693214,12.44754,19.337126,22.00755,28.051933,21
81,11,27.49312,11.913264,16.626404,17.340546,23.856945,21
81,12,34.70866,19.730185,15.100666,18.419508,37.744953,21
82,1,48.57138,47.69158,17.203644,20.335316,35.122074,21
82,2,60.79116,35.99801,10.845902,33.540176,55.52252,21
82,3,88.76065,41.410057,31.599913,59.922173,77.611115,21
82,4,92.055626,37.654106,52.41411,57.808727,94.02672,21
82,5,90.139984,47.47441,39.75056,47.122673,76.26116,21
82,6,128.88464,57.217583,62.933693,76.83372,112.07188,21
82,7,99.30546,26.721975,71.183365,74.74784,96.775604,21
82,8,60.797062,20.59268,40.188213,43.549484,55.618572,21
82,9,29.166183,15.055597,15.497614,18.136223,24.152973,21
82,10,15.520267,8.551131,8.353802,9.210249,14.436944,21
82,11,15.068934,8.730593,8.925683,9.484603,12.219603,21
82,12,28.092052,20.543346,10.581144,13.61252,21.218523,21
83,1,59.792236,48.67633,24.386543,32.658443,40.20413,21
83,2,71.735306,46.382587,21.404753,30.98105,56.965427,21
83,3,112.62569,57.96754,45.281265,73.80328,93.63592,21
83,4,133.62962,55.541775,78.90922,81.56797,140.97922,21
83,5,163.03749,80.18499,70.61425,103.77261,137.20158,21
83,6,222.06036,91.67178,110.74477,146.76471,200.97389,21
83,7,165.90016,40.276184,127.93351,139.18512,156.83168,21
83,8,96.973816,41.932816,64.91183,70.9541,80.37781,21
83,9,45.7661,27.752417,21.28395,26.87447,38.99063,21
83,10,26.576029,11.629903,14.899606,16.939959,25.289099,21
83,11,24.82579,13.113139,14.796714,15.810071,20.371613,21
83,12,33.19206,21.720976,13.217083,17.786362,25.904074,21
84,1,55.5684,53.253605,18.295238,23.726496,35.061626,21
84,2,60.103313,35.746937,18.680553,31.358282,54.28923,21
84,3,97.66154,51.889725,45.17831,54.58141,84.821754,21
84,4,109.474365,43.98156,53.711586,76.159546,110.426956,21
84,5,130.5073,63.8052,62.914043,79.400696,125.65309,21
84,6,202.09846,83.62768,117.85752,130.18726,195.43771,21
84,7,107.50335,26.255606,89.82888,91.04761,96.91463,21
84,8,96.265884,34.693737,62.79979,65.634026,89.347176,21
84,9,50.865875,26.171946,29.937248,31.921373,41.411495,21
84,10,26.518677,13.918605,14.084162,17.358583,23.229944,21
84,11,22.89863,12.650665,12.57261,12.904022,18.100718,21
84,12,28.36379,17.063927,14.159076,15.674034,21.592247,21
85,1,71.00343,49.40009,26.110199,43.777832,53.74554,21
85,2,71.07562,48.646458,24.765896,29.423615,62.427673,21
85,3,117.68981,68.56967,52.264614,57.677753,103.85484,21
85,4,166.42863,75.493744,99.02541,106.84587,162.99716,21
85,5,224.78648,107.87257,103.32043,137.69629,187.27686,21
85,6,236.02376,125.35149,86.26608,91.40907,229.72592,21
85,7,119.84754,56.648438,71.56433,72.29905,101.89506,21
85,8,167.12274,55.715897,114.99526,115.31747,156.5004,21
85,9,85.035126,52.01528,48.553986,54.23955,68.73,21
85,10,48.636894,21.265493,28.192043,30.30831,50.13748,21
85,11,34.78217,17.073713,17.034027,20.58844,35.337643,21
85,12,33.594986,15.552082,18.271751,19.214294,27.92303,21
86,1,52.618576,54.389397,20.092876,21.6396,31.257504,21
86,2,55.63727,37.09628,16.524988,20.63939,43.18465,21
86,3,87.87898,48.698006,33.79402,46.898872,82.975426,21
86,4,114.08732,54.255253,55.455547,70.67889,114.118904,21
86,5,161.20755,72.86471,72.50308,96.1026,156.75902,21
86,6,159.91731,93.971756,82.51681,88.274,130.90346,21
86,7,161.95041,28.053356,130.39381,136.65424,161.01056,21
86,8,106.52853,32.686584,69.90212,79.62178,101.50645,21
86,9,62.73463,35.099586,34.353073,35.973747,51.139755,21
86,10,34.106926,24.362103,15.727845,17.246193,25.593016,21
86,11,21.696312,11.650781,9.129726,11.565223,19.208797,21
86,12,25.764242,14.668261,11.041624,12.632515,20.780233,21
87,1,56.559982,44.6192,16.111883,27.24897,46.209686,21
87,2,73.089424,55.019756,21.128082,23.635239,51.97509,21
87,3,107.57844,57.127644,40.98124,51.722057,96.78004,21
87,4,167.94673,93.29634,79.004196,95.744705,144.10254,21
87,5,271.18283,150.24976,143.17445,157.4685,196.33652,21
87,6,252.69571,161.42871,89.64681,100.00545,208.78616,21
87,7,263.41245,60.75857,188.92412,207.5695,264.61115,21
87,8,158.46048,42.46899,108.81379,116.92796,149.25421,21
87,9,85.510826,48.003613,48.340183,54.856873,76.04268,21
87,10,51.712902,25.029371,29.495884,33.909084,41.992695,21
87,11,33.38582,18.669477,13.270598,15.792278,32.413315,21
87,12,30.927307,16.430582,15.324013,17.938839,26.848368,21
88,1,49.344624,55.18034,17.364706,18.366968,28.87788,21
88,2,58.227253,38.85925,19.023733,19.666615,42.81133,21
88,3,81.21808,47.365643,30.34499,44.813522,73.69415,21
88,4,114.61713,61.733788,54.720707,65.331505,106.53751,21
88,5,171.42279,80.756584,91.46973,113.74015,155.03407,21
88,6,174.12741,93.90354,95.58284,100.69042,129.83899,21
88,7,171.88034,28.170923,137.30287,155.42189,172.50032,21
88,8,110.08702,30.503899,75.18916,78.73973,108.64982,21
88,9,69.62382,38.322475,37.917015,39.927822,58.93738,21
88,10,36.34771,25.46695,17.95733,19.358074,26.267145,21
88,11,21.62554,11.500023,9.064627,11.891415,18.191637,21
88,12,27.062628,15.9337845,11.059734,14.82956,20.319895,21
89,1,42.577522,47.723194,12.600715,17.818943,24.125832,21
89,2,54.204147,40.034527,12.147396,17.632353,35.554268,21
89,3,72.52011,45.49955,23.814665,33.2519,58.623795,21
89,4,112.315674,60.76963,54.16266,59.939194,109.84811,21
89,5,184.7127,90.00143,94.076126,119.38692,173.90256,21
89,6,149.96387,87.73213,72.19122,76.214905,114.13404,21
89,7,172.97176,28.967075,131.24438,153.75945,168.81078,21
89,8,99.97736,30.730148,70.3539,72.61229,87.35071,21
89,9,70.23844,32.240414,39.252213,43.41088,69.50718,21
89,10,35.316673,27.904362,16.603624,17.86833,24.098131,21
89,11,19.078299,11.991005,8.337278,9.91497,14.680435,21
89,12,23.403534,14.629445,9.539963,11.760192,18.998652,21
90,1,40.06038,47.00799,11.531817,13.102192,20.9532,21
90,2,42.10786,32.764454,12.178195,15.46825,31.188889,21
90,3,65.67723,43.67033,19.186096,28.798904,54.03748,21
90,4,113.75919,65.672554,45.67643,67.768326,98.77687,21
90,5,185.41553,94.6011,105.09072,114.31806,170.14674,21
90,6,160.68625,61.496956,95.04231,116.80502,141.9849,21
90,7,155.31824,27.531563,128.87236,130.32217,161.98083,21
90,8,81.22713,24.427488,54.085392,58.346302,74.225876,21
90,9,53.657146,21.602516,34.42158,36.121754,47.640587,21
90,10,35.99251,30.384834,14.889057,15.050981,22.072947,21
90,11,23.536741,18.82729,9.726959,10.584445,15.821605,21
90,12,22.08571,15.08284,7.3553925,12.239351,19.44153,21
91,1,47.49823,51.748108,15.070176,17.503447,28.784946,21
91,2,52.45259,36.516624,18.578913,20.862944,47.02132,21
91,3,62.117424,38.14152,26.986618,37.348957,57.993595,21
91,4,119.88714,65.35203,55.218903,64.90186,104.13382,21
91,5,188.29475,89.263954,104.0873,114.26831,158.02428,21
91,6,184.19406,44.96756,130.37535,138.82109,184.23126,21
91,7,135.32257,26.902407,90.23776,117.36992,144.12964,21
91,8,97.474144,24.823767,72.9604,80.12383,89.96806,21
91,9,56.519745,17.883032,33.301224,40.56024,59.929752,21
91,10,44.702164,33.733025,16.470589,17.534267,27.950186,21
91,11,31.571905,22.913778,12.230421,13.244307,20.490221,21
91,12,25.40015,17.858189,9.56825,11.982905,18.833704,21
92,1,57.652985,56.56671,11.578268,14.928013,44.13879,21
92,2,55.527576,34.706264,21.023577,23.876049,48.27449,21
92,3,66.16275,41.453926,24.913277,31.30543,61.104565,21
92,4,64.439926,36.793575,24.258892,32.7582,50.844845,21
92,5,76.84659,48.642555,38.592587,44.732544,69.087265,21
92,6,80.1705,15.442862,63.393185,65.52811,81.05832,21
92,7,53.345005,11.807868,38.36735,46.29331,53.881424,21
92,8,45.99739,9.801258,36.55097,38.35913,43.810543,21
92,9,23.716515,7.4890103,15.850735,18.00473,23.35748,21
92,10,19.160446,13.976364,6.9560857,8.647593,11.770918,21
92,11,31.155678,22.910206,8.392489,9.259717,26.552662,21
92,12,41.961792,25.171392,13.946226,21.543198,35.020607,21
93,1,48.402832,50.144073,14.45677,16.902782,34.012867,21
93,2,65.27311,40.46485,22.91992,28.725153,70.8361,21
93,3,67.314095,38.9908,26.587025,34.799847,55.359272,21
93,4,110.22041,44.12299,59.347733,72.05557,106.980225,21
93,5,151.77156,69.75172,79.77018,98.77595,130.75307,21
93,6,156.35876,30.266148,129.07732,130.69363,150.97763,21
93,7,120.2831,27.114159,86.86827,93.473785,120.91659,21
93,8,91.766075,20.077538,72.18273,72.70595,86.09227,21
93,9,62.92397,24.39211,44.003338,50.327988,56.130028,21
93,10,40.35419,25.556984,17.815224,19.58328,28.955954,21
93,11,39.453045,31.37172,9.102125,16.00762,24.325687,21
93,12,33.806377,18.124386,13.988936,17.895388,29.976513,21
94,1,50.522625,57.64688,13.303199,13.793476,36.32517,21
94,2,61.218864,43.759106,16.936476,22.617922,47.72725,21
94,3,64.23976,44.086,22.631039,31.981077,54.384777,21
94,4,81.51892,31.316458,48.39108,54.236057,85.51837,21
94,5,102.200645,41.84704,65.42887,73.24158,91.45865,21
94,6,107.96388,21.449896,85.745316,91.63394,106.170845,21
94,7,93.59756,25.58257,75.91345,79.368706,88.46981,21
94,8,69.88072,17.621826,53.214893,56.14369,67.125496,21
94,9,39.165554,17.489319,22.274363,26.362312,37.048206,21
94,10,35.414955,22.298065,15.418638,17.936344,23.591381,21
94,11,45.433662,33.859116,13.29024,19.576683,36.43722,21
94,12,42.517975,23.544535,15.953222,19.657904,33.826927,21
95,1,63.68641,63.018047,18.410847,18.930645,48.807507,21
95,2,75.6385,51.329487,22.141268,30.32458,73.06774,21
95,3,85.278824,51.858036,34.199425,48.39039,79.908745,21
95,4,141.36124,65.734314,72.398605,77.922165,106.82631,21
95,5,181.99661,87.533066,109.2991,133.65466,168.25905,21
95,6,152.59079,33.724537,124.856735,127.29329,141.3975,21
95,7,140.27097,43.1376,108.92176,115.81538,133.50029,21
95,8,85.51253,20.840393,63.352394,66.96806,80.56244,21
95,9,65.208046,26.553543,39.291553,43.21843,64.87912,21
95,10,56.36783,31.428839,24.435627,26.388348,44.94838,21
95,11,72.25529,47.084435,20.784487,27.970167,57.93538,21
95,12,56.371403,35.144547,22.23012,24.659077,49.181484,21
96,1,57.55391,54.240334,15.518652,16.896252,37.24592,21
96,2,93.842094,65.91406,30.479065,36.162155,70.924286,21
96,3,83.97155,50.474773,35.545242,53.153225,65.922325,21
96,4,126.52116,58.81996,67.60047,76.42723,105.68069,21
96,5,122.01481,38.270744,77.479195,86.10834,119.90903,21
96,6,125.627625,33.184406,82.84448,102.683075,128.6434,21
96,7,112.79179,36.752186,78.5623,86.11776,107.48561,21
96,8,61.164276,16.038395,47.008465,47.744705,57.218372,21
96,9,66.653564,22.185114,36.109524,47.01992,72.65466,21
96,10,54.09397,28.278217,22.439156,28.685482,49.57894,21
96,11,79.90346,46.872902,25.877754,29.831228,77.941376,21
96,12,60.94649,38.079082,25.69041,27.592726,44.872993,21
97,1,74.86779,62.92465,27.876928,30.184057,52.271282,21
97,2,109.53691,70.07368,47.374504,50.69706,90.41339,21
97,3,115.88963,61.581146,61.90139,72.3842,99.99533,21
97,4,173.26863,77.44634,96.88524,109.87231,150.60666,21
97,5,165.19441,66.032745,100.81899,128.54193,152.05888,21
97,6,168.8225,41.709896,113.51648,137.20937,171.20393,21
97,7,146.54216,43.376617,111.2693,116.47887,135.69594,21
97,8,94.000626,20.644733,74.257355,77.19057,92.540955,21
97,9,78.75684,24.190989,42.902153,56.72953,82.396515,21
97,10,76.0858,39.73772,32.614243,38.318027,72.68254,21
97,11,93.705345,51.63311,32.53916,36.640102,90.636406,21
97,12,67.483894,38.642994,28.973602,30.597061,53.906918,21
98,1,78.91488,66.385056,30.072184,33.64866,58.96662,21
98,2,90.97854,58.79776,34.808723,43.964664,77.74544,21
98,3,87.263596,57.15214,36.490944,43.596657,73.31305,21
98,4,68.97501,27.581438,39.78713,47.118916,64.05435,21
98,5,50.569,29.265265,28.914495,29.30057,46.170856,21
98,6,69.79151,20.469723,50.04797,52.20492,68.85269,21
98,7,62.66761,18.621407,44.612495,48.37561,59.681683,21
98,8,40.45751,11.836184,25.75486,30.058298,38.169426,21
98,9,32.491547,10.363043,20.844416,22.49525,32.393753,21
98,10,43.33535,31.999651,15.8842745,19.455683,32.32433,21
98,11,90.26506,52.561905,29.32349,42.65773,72.96251,21
98,12,89.53546,47.15506,33.452106,38.18897,86.07261,21
99,1,101.64205,64.62393,45.159023,56.32025,85.91121,21
99,2,120.76429,63.893566,59.18051,71.18638,107.35618,21
99,3,138.36435,66.65892,66.71198,90.39495,130.85063,21
99,4,160.85272,47.009052,102.943726,107.46547,174.31464,21
99,5,148.84212,66.99518,87.09498,91.19272,141.9214,21
99,6,141.91653,41.382244,90.07028,99.35318,146.99582,21
99,7,141.7988,40.859753,97.428795,113.34659,136.89073,21
99,8,114.31063,38.35084,77.969955,86.61569,111.28711,21
99,9,86.891685,26.093418,56.787678,64.433975,83.8732,21
99,10,86.15088,46.773937,46.415966,54.904716,71.37166,21
99,11,119.273575,58.105194,61.771873,71.85019,102.15557,21
99,12,94.322556,44.01504,46.229465,53.16144,90.134705,21
100,1,104.516075,70.50807,49.7912,52.57095,85.88981,21
100,2,117.95023,67.68173,40.874523,57.516506,100.49717,21
100,3,144.6363,67.14994,73.685074,91.2401,131.87334,21
100,4,147.84146,51.947926,78.46332,109.32886,131.19377,21
100,5,124.09441,48.563133,70.734375,83.61099,120.07799,21
100,6,127.256165,41.119762,74.57593,83.90126,131.91171,21
100,7,135.28113,40.032066,85.38142,115.65436,133.2041,21
100,8,109.712975,37.197224,76.05083,80.91071,100.47413,21
100,9,75.579666,24.525211,44.34041,56.64214,75.02832,21
100,10,87.77495,42.717823,48.673,53.56728,72.79781,21
100,11,135.93303,62.15936,61.104614,76.51912,121.41427,21
100,12,113.132126,54.418133,47.64405,62.485134,111.39538,21
101,1,110.60777,71.2315,46.48924,64.5479,96.02008,21
101,2,142.38362,84.13586,57.785446,61.996777,111.93599,21
101,3,165.13568,68.786766,97.249794,107.29563,154.37918,21
101,4,166.64174,54.306194,101.65345,126.188965,163.19153,21
101,5,155.17053,63.526928,82.99374,117.574196,148.63434,21
101,6,153.90024,51.795963,93.80914,102.79488,160.18336,21
101,7,162.49458,49.550343,105.43223,114.021774,154.67514,21
101,8,132.27963,42.8786,77.713905,92.78865,125.130356,21
101,9,84.29117,28.339922,51.304325,57.355072,77.01932,21
101,10,107.2555,46.78542,64.17901,66.7666,107.77441,21
101,11,156.73782,73.364075,81.643845,107.95196,142.50992,21
101,12,124.91268,52.620583,62.381462,65.49481,125.577545,21
102,1,114.08303,75.016014,59.325813,60.773483,88.2452,21
102,2,130.27968,76.379814,45.569298,65.49223,108.83313,21
102,3,153.92346,66.88938,90.72065,115.5144,134.78432,21
102,4,146.48619,55.26893,80.11052,103.71935,128.77412,21
102,5,117.79712,52.00267,55.53629,67.60185,109.62872,21
102,6,113.98446,40.70888,66.897446,79.711395,110.279625,21
102,7,133.55974,42.644028,83.91386,96.46287,130.51793,21
102,8,105.9674,34.81749,72.72859,77.44723,98.196846,21
102,9,73.203835,25.00962,43.864876,46.832184,65.5198,21
102,10,99.122574,46.824017,55.03502,58.02471,94.549194,21
102,11,152.60474,73.733826,76.41644,97.46867,137.51106,21
102,12,123.67086,64.74587,44.64867,48.278854,123.19538,21
103,1,135.61447,80.56049,67.91547,82.51875,114.726265,21
103,2,181.09651,104.92029,61.319233,80.978615,170.01099,21
103,3,220.08026,98.55257,141.46295,159.2289,208.40726,21
103,4,191.71219,65.44349,116.3307,140.71365,171.14397,21
103,5,169.56339,76.47268,65.0029,104.857704,162.14372,21
103,6,158.77702,57.775074,88.315315,100.06073,151.41454,21
103,7,162.32384,51.342117,103.135025,116.73413,155.27486,21
103,8,134.27585,42.666798,94.8701,96.2389,123.129654,21
103,9,112.568474,40.46221,68.61556,71.03926,108.65253,21
103,10,140.7678,60.00031,85.484314,92.47452,123.81045,21
103,11,177.8695,91.561714,96.27309,116.12065,155.17668,21
103,12,156.71277,72.40211,67.51073,75.48831,147.97897,21
104,1,94.044495,69.03777,37.414295,46.99999,68.17122,21
104,2,108.71087,72.89679,31.726746,43.700794,93.55474,21
104,3,134.05405,71.31874,73.77461,93.09767,111.85976,21
104,4,110.656296,47.31402,62.442776,65.60966,95.876144,21
104,5,83.58009,33.05116,35.147312,62.15052,86.05107,21
104,6,69.291046,26.397596,35.18717,44.199368,64.36539,21
104,7,84.165405,27.621199,56.002533,66.252594,77.9665,21
104,8,63.59632,21.125292,43.794697,49.921497,56.414494,21
104,9,51.86192,14.077163,35.151066,39.32916,56.033417,21
104,10,79.38959,40.818016,42.01618,52.12033,65.55928,21
104,11,129.99158,67.51006,61.14889,79.70111,122.41423,21
104,12,115.28046,56.970158,41.15333,43.455513,117.9847,21
105,1,118.796745,74.36884,69.435455,72.879196,90.02042,21
105,2,151.76929,88.79416,52.99359,80.25628,132.97682,21
105,3,206.99272,101.15815,133.73174,146.0485,196.8889,21
105,4,185.73657,75.429985,98.30711,127.59022,164.138,21
105,5,137.07478,50.187576,59.940216,99.838,157.68117,21
105,6,138.19368,52.32736,76.276276,81.08243,143.94128,21
105,7,156.24425,48.770542,106.91148,117.63068,146.13501,21
105,8,113.91557,36.45198,79.32184,85.32378,103.0255,21
105,9,89.69893,27.464037,52.926594,64.60924,93.733574,21
105,10,127.9084,57.507977,60.948303,84.29667,112.8791,21
105,11,164.81985,80.70301,70.60323,102.40881,158.06488,21
105,12,142.85777,66.1701,63.35305,76.648605,146.6218,21
106,1,109.929794,82.26658,50.646942,61.272987,77.54682,21
106,2,147.96826,98.9019,49.587135,64.11308,131.58212,21
106,3,181.29745,88.2962,105.964966,130.0791,157.5699,21
106,4,163.71053,67.277664,85.961655,101.97849,147.29546,21
106,5,122.151695,46.401005,70.204025,87.923874,123.33402,21
106,6,110.74538,43.05482,57.038673,64.55983,112.67964,21
106,7,136.60823,43.983006,96.74858,104.16596,126.931694,21
106,8,96.490105,29.434387,76.979065,77.921196,87.38096,21
106,9,72.77345,22.00983,45.384995,57.043476,72.16815,21
106,10,102.31701,48.389027,52.559174,65.52817,92.894844,21
106,11,169.07439,84.02852,64.3439,87.96579,170.77768,21
106,12,135.74095,69.47083,59.61807,64.4006,123.80779,21
107,1,124.96608,90.31776,55.16164,75.392075,100.09409,21
107,2,120.03831,79.185486,43.400536,58.50232,104.98238,21
107,3,193.28015,96.804695,84.75136,129.23082,178.65005,21
107,4,166.9576,70.99204,88.93869,94.73264,155.70683,21
107,5,142.58397,49.687035,89.359276,112.48737,142.79298,21
107,6,142.36589,58.13737,61.75858,87.21692,153.46547,21
107,7,130.91261,41.483887,91.50783,98.837,126.19724,21
107,8,104.80779,36.08883,76.73751,78.577675,98.61984,21
107,9,94.290855,32.110844,58.46025,70.22922,88.58916,21
107,10,139.31662,69.50557,63.210182,84.92273,134.93127,21
107,11,147.74242,76.49999,56.440544,72.876854,137.15149,21
107,12,120.42126,64.231674,34.574337,67.98468,116.00879,21
108,1,106.75715,75.58538,29.060184,36.03049,103.03779,21
108,2,83.66347,53.854362,32.875557,37.363094,64.281715,21
108,3,117.42871,84.208,45.33422,53.958206,94.061,21
108,4,64.042885,31.639496,39.263897,40.354248,59.417988,21
108,5,34.159966,12.079561,23.180223,25.236519,33.755676,21
108,6,21.177422,8.071837,11.254603,11.5439415,22.61476,21
108,7,25.456598,7.024194,18.778093,20.1189,24.604269,21
108,8,15.034316,4.451657,10.603527,11.445388,14.459472,21
108,9,24.509888,7.788066,18.794046,19.869663,23.021242,21
108,10,60.867462,40.819847,18.717678,22.66611,51.284054,21
108,11,150.44241,66.810684,72.01566,97.958145,140.5696,21
108,12,152.19698,57.380127,87.78059,96.22861,142.5483,21
109,1,147.59224,104.80287,64.43336,79.58171,126.52303,21
109,2,153.09244,107.77452,51.000916,61.01072,118.426384,21
109,3,205.21852,101.38545,104.71658,150.86179,197.39072,21
109,4,194.12881,79.0792,89.404205,101.23112,188.66824,21
109,5,165.65485,60.45499,108.56865,130.67265,164.13467,21
109,6,158.70015,62.22104,67.996475,105.29618,161.14594,21
109,7,170.53513,56.008415,119.2765,126.52948,162.87056,21
109,8,98.99174,32.408997,70.69112,76.459656,94.49033,21
109,9,96.03925,28.487741,53.08667,78.57194,99.247604,21
109,10,159.09372,88.795105,70.21924,96.82774,137.06256,21
109,11,181.9285,93.50471,70.318405,96.95435,187.88017,21
109,12,131.4675,66.40576,50.59783,69.7153,131.65,21
110,1,117.836006,80.58272,30.058115,43.564243,109.98977,21
110,2,83.795815,53.617302,31.979113,32.939407,66.81766,21
110,3,127.12292,86.143745,40.149693,64.186935,107.21686,21
110,4,70.40228,34.332634,42.213535,48.0691,68.3108,21
110,5,40.60127,12.318257,31.126278,32.14808,40.35916,21
110,6,24.515762,11.61078,11.193914,13.25672,23.277302,21
110,7,32.392788,9.35258,23.502998,25.042452,30.437437,21
110,8,18.638155,6.0158114,11.067978,12.369137,19.158825,21
110,9,21.903595,9.240377,14.221332,15.555438,19.901995,21
110,10,64.07772,41.099445,21.439693,26.0142,58.947693,21
110,11,168.17885,69.905594,83.48862,99.65465,164.61201,21
110,12,162.68797,59.31725,100.23149,103.675255,154.5315,21
111,1,107.39595,74.72498,41.82517,51.211075,96.60712,21
111,2,107.29899,64.268036,40.12537,46.08564,100.08036,21
111,3,160.3967,89.22744,66.65916,90.06286,145.0109,21
111,4,140.65788,67.94323,71.079384,95.71457,122.029175,21
111,5,98.428894,39.343025,54.71291,70.660034,93.961555,21
111,6,68.356735,35.68128,34.48312,35.3516,74.87673,21
111,7,93.004105,31.504862,67.201065,71.06153,86.18118,21
111,8,52.24067,17.122116,29.794502,38.087692,49.392498,21
111,9,48.389668,17.726738,32.86244,37.29863,44.234512,21
111,10,90.460976,46.43451,43.19005,62.762974,79.04375,21
111,11,183.93561,90.53397,79.523506,81.25156,194.92688,21
111,12,137.39001,63.71299,54.47114,93.94715,143.88324,21
112,1,103.76815,73.49353,30.368553,33.319996,98.52503,21
112,2,83.469185,60.03123,27.824543,36.15842,66.76611,21
112,3,146.75037,84.525795,59.799114,64.28456,139.8198,21
112,4,82.413925,43.526745,33.150677,49.055508,78.84779,21
112,5,75.25549,31.107735,39.37616,47.228344,72.86447,21
112,6,43.021263,23.339754,17.385288,19.437664,45.277557,21
112,7,66.28587,25.914772,41.14115,42.814747,60.25124,21
112,8,35.875,15.885882,20.05605,23.169418,33.380833,21
112,9,42.74539,19.804464,23.156412,27.788782,36.93408,21
112,10,73.368904,45.63688,29.82444,40.85567,57.485004,21
112,11,187.6888,94.10257,63.36365,84.245056,186.26892,21
112,12,152.35178,59.072407,87.35626,99.993996,160.71211,21
113,1,96.5683,78.08298,28.932869,31.395584,71.49964,21
113,2,101.77326,62.045048,33.664497,40.182686,91.69642,21
113,3,154.7067,92.23239,53.230057,70.515976,148.25241,21
113,4,160.82745,86.99875,72.62563,85.29956,154.62917,21
113,5,144.24469,72.449684,81.47885,84.99969,119.20331,21
113,6,96.12162,59.12085,34.148254,52.067947,96.862915,21
113,7,116.716835,45.36692,64.92232,68.300064,118.44354,21
113,8,69.09621,29.737528,39.82765,45.889683,61.585182,21
113,9,77.650665,30.98906,39.958954,54.133865,72.71597,21
113,10,122.41304,76.74889,42.938606,74.16168,98.22893,21
113,11,210.78032,106.19739,78.92937,119.053894,200.4146,21
113,12,129.80386,66.035225,43.337975,76.45765,143.19751,21
114,1,103.35039,71.5998,28.630281,37.275116,96.65044,21
114,2,77.85964,54.26373,23.444696,33.658737,63.145866,21
114,3,136.89963,77.45384,49.374825,68.48406,122.017784,21
114,4,86.75785,41.40757,46.051266,48.32947,89.03841,21
114,5,64.46708,25.732544,33.59126,43.24967,55.861946,21
114,6,42.7195,20.57708,17.691986,23.09259,47.597736,21
114,7,62.998802,21.566948,40.584106,42.141045,66.85213,21
114,8,40.568325,17.497988,23.366173,25.37766,39.956436,21
114,9,48.198265,25.144722,24.46728,31.294281,42.2848,21
114,10,87.05089,53.38162,31.294403,45.63524,70.51552,21
114,11,182.68509,85.1499,75.47043,109.77482,162.05414,21
114,12,157.23674,56.82597,96.87114,107.38418,157.50635,21
115,1,108.77475,79.08945,25.5132,29.1468,110.94337,21
115,2,79.36262,53.808155,28.685041,31.682093,55.36361,21
115,3,138.29378,72.3518,51.0428,71.68288,141.41788,21
115,4,101.85087,44.953518,53.784706,62.215458,95.11217,21
115,5,83.00016,42.667007,42.67305,51.27386,71.30027,21
115,6,51.066864,24.780771,22.465189,27.36263,53.08843,21
115,7,77.54262,29.1118,48.888718,51.902557,79.70456,21
115,8,45.07291,19.617622,26.544891,28.035627,40.74964,21
115,9,66.10451,33.07833,33.122734,44.596058,60.387814,21
115,10,101.3892,62.993744,43.678497,49.054657,85.833984,21
115,11,183.31126,73.751724,81.84761,130.97212,193.28416,21
115,12,152.87048,56.871876,86.93816,91.92012,173.47586,21
116,1,136.52719,89.028534,34.443108,49.556805,134.49565,21
116,2,89.04222,54.40019,37.50723,39.754593,65.20882,21
116,3,128.85347,70.06005,41.718365,62.464108,117.90928,21
116,4,73.65609,28.78141,42.810085,49.160454,73.99375,21
116,5,35.148296,13.733539,18.764183,24.134731,34.560894,21
116,6,19.86289,9.641721,8.595083,11.450863,20.958565,21
116,7,35.14399,11.404759,21.871113,25.051907,32.97013,21
116,8,23.760477,9.958228,12.640862,14.714697,20.626024,21
116,9,34.969856,19.670841,18.334183,22.263935,30.896742,21
116,10,80.667,53.298306,23.759256,30.21264,67.511055,21
116,11,194.71284,82.72312,85.28534,119.362976,186.88422,21
116,12,191.26242,57.577908,118.156265,146.4781,181.21184,21
117,1,125.324036,91.46464,25.339632,34.98593,112.42012,21
117,2,82.12784,57.543446,21.293964,31.727211,70.22133,21
117,3,133.32233,67.88572,33.29352,66.95808,161.64484,21
117,4,81.36288,34.568142,44.406258,51.349594,74.4138,21
117,5,45.626213,29.425673,22.120497,25.676392,39.18275,21
117,6,37.620678,22.765348,14.231085,18.287508,38.953903,21
117,7,54.20894,23.911676,30.207973,36.588646,47.86764,21
117,8,39.1056,17.681541,20.742834,22.335667,34.034473,21
117,9,54.11034,26.837357,25.326046,34.82995,46.534367,21
117,10,92.86063,59.81526,35.09899,44.087547,73.70309,21
117,11,182.50198,77.90196,79.42115,104.71004,196.88774,21
117,12,172.42274,60.248238,88.56668,136.08168,169.88371,21
118,1,150.57822,100.03945,40.96737,47.97677,140.08415,21
118,2,93.07518,55.03157,34.7004,38.918236,82.45203,21
118,3,131.91554,66.608734,38.84135,60.04106,150.36905,21
118,4,69.8548,27.060133,42.794914,45.764317,70.22368,21
118,5,29.880795,17.022657,13.60523,17.592669,23.77334,21
118,6,19.309336,12.333341,6.3554554,8.705708,17.653606,21
118,7,30.586037,13.992103,16.023533,18.95239,26.45047,21
118,8,25.979876,11.48184,14.3105,15.135317,22.66222,21
118,9,37.62266,21.15614,17.204287,20.946507,35.444942,21
118,10,82.45538,58.21232,23.589523,46.75576,64.60726,21
118,11,192.05222,71.38606,93.184364,117.58712,208.50385,21
118,12,206.4474,65.02061,129.49928,152.16615,198.20486,21
119,1,133.4094,90.96043,34.84907,45.470455,126.74778,21
119,2,84.11184,58.812954,31.471537,33.320602,72.72142,21
119,3,129.16357,67.46294,40.24261,68.94953,142.40257,21
119,4,95.14653,48.16663,48.344494,53.984238,79.45803,21
119,5,45.75173,26.216223,24.847902,26.664118,38.492496,21
119,6,36.10081,24.4441,13.740932,16.669895,32.618713,21
119,7,52.737373,21.804132,31.935108,34.273655,49.23594,21
119,8,42.950638,18.997984,21.582684,26.842127,38.0848,21
119,9,51.56179,28.083153,26.033176,30.253544,41.994347,21
119,10,99.41885,75.44369,30.273014,32.58691,69.22416,21
119,11,200.19675,92.01905,99.21872,126.23722,151.08806,21
119,12,176.6447,59.87617,92.18131,128.71725,178.63672,21
120,1,155.15633,88.27563,32.97049,67.11342,164.74251,21
120,2,94.80303,57.093662,40.289764,42.928806,73.816956,21
120,3,132.03465,71.71986,56.736897,70.56619,123.09523,21
120,4,72.79848,28.13145,40.383713,53.333008,66.36743,21
120,5,34.874977,23.229876,15.502258,20.144205,28.246284,21
120,6,21.825674,15.507347,9.753428,11.453937,19.099184,21
120,7,29.190763,12.106776,14.360122,20.409668,26.84262,21
120,8,27.092611,11.479685,16.935041,17.45289,23.105635,21
120,9,41.986675,24.141144,14.683708,22.551327,34.603306,21
120,10,100.28884,71.29217,34.901543,43.005844,85.548386,21
120,11,195.13086,78.13693,100.776306,121.61984,186.60876,21
120,12,214.19531,58.725418,147.2588,171.89995,215.6393,21
121,1,171.21394,86.2459,52.18782,98.13429,173.55458,21
121,2,107.54508,59.858807,54.232025,57.67405,89.56774,21
121,3,148.3446,74.66646,72.22966,85.34334,131.79301,21
121,4,98.34029,35.159504,55.92083,65.34874,91.45165,21
121,5,49.0353,21.920979,28.571255,32.014465,43.261673,21
121,6,30.698252,17.428486,13.504185,19.426628,25.392921,21
121,7,37.4517,15.520579,18.308226,22.732811,35.357986,21
121,8,33.628235,12.603659,19.563381,23.111595,30.775412,21
121,9,65.892235,31.768051,32.395996,37.776012,58.81824,21
121,10,109.07809,48.089924,56.38815,77.77092,96.94508,21
121,11,212.85696,78.35064,113.104866,142.01283,215.25456,21
121,12,231.32448,54.085876,162.36862,181.83838,220.82103,21
122,1,124.040306,67.59647,58.56547,64.45115,122.78205,21
122,2,70.20386,37.266262,32.858215,44.851177,66.364555,21
122,3,98.976494,57.139423,44.454563,58.663383,78.92643,21
122,4,85.73441,43.12764,40.467937,46.929756,74.98731,21
122,5,46.090286,16.970905,21.93977,34.705368,44.018654,21
122,6,28.513428,22.370724,10.786258,15.065822,24.196909,21
122,7,30.604652,15.226918,14.410438,16.345583,27.20258,21
122,8,21.850399,10.308315,10.205365,11.955736,22.011429,21
122,9,59.601055,34.76808,24.604836,28.692474,53.05674,21
122,10,86.26267,33.06335,60.721127,67.790764,83.36094,21
122,11,155.55711,80.20902,93.26044,96.930786,145.59909,21
122,12,164.17883,66.19601,109.7632,110.08961,143.29422,21
123,1,226.4806,62.820297,145.11418,180.72005,225.14659,21
123,2,161.06065,70.403206,72.28492,96.43996,155.61154,21
123,3,186.65155,65.86478,97.46243,144.01404,167.87164,21
123,4,117.53682,40.515583,74.449905,82.827805,113.500145,21
123,5,76.60575,19.202023,56.770767,59.378914,77.426315,21
123,6,42.29705,17.918987,24.764956,28.202494,39.846264,21
123,7,48.144634,20.648317,25.594582,27.0191,44.031315,21
123,8,43.654842,15.986062,25.390186,28.347654,39.982796,21
123,9,93.475464,34.70227,48.24574,69.43958,92.10114,21
123,10,131.01053,40.358944,84.18636,103.68818,122.558876,21
123,11,189.73366,45.43846,138.00696,166.22588,187.91798,21
123,12,224.47137,49.894905,188.37747,196.31438,210.08266,21
124,1,324.69287,78.6325,261.92172,267.79852,301.13422,21
124,2,266.1666,98.85623,130.57036,183.24199,254.79681,21
124,3,286.80814,88.02699,203.45753,207.48055,267.51733,21
124,4,170.42326,58.292763,104.6392,130.69206,163.06833,21
124,5,120.61674,41.975372,69.91186,88.71568,113.03898,21
124,6,80.13478,35.43346,37.814278,45.31825,76.28233,21
124,7,94.584145,54.626156,50.83236,64.250755,77.81863,21
124,8,70.88114,35.70001,33.623276,39.59526,63.98008,21
124,9,154.93565,58.362835,72.65853,94.99016,157.41457,21
124,10,193.73917,53.121967,148.10379,153.3294,180.77098,21
124,11,188.55501,68.75062,112.597145,135.9615,159.7804,21
124,12,244.30322,52.88493,181.37292,193.52493,237.6853,21
125,1,262.49377,74.54801,185.01009,227.37216,254.1864,21
125,2,200.83931,57.780415,146.7131,154.99959,185.62366,21
125,3,177.88857,50.537025,135.34755,139.27934,168.05666,21
125,4,94.42588,31.175613,61.190033,63.481796,100.548386,21
125,5,81.65452,40.879356,32.188393,52.54073,78.41403,21
125,6,74.22824,32.602085,35.976353,47.4454,71.83332,21
125,7,88.27641,51.5627,46.909138,51.668373,74.678566,21
125,8,55.45106,31.556807,15.874026,32.110928,48.39366,21
125,9,123.31234,60.81685,47.730972,71.4042,123.802284,21
125,10,145.93047,38.04084,105.72972,114.28563,136.65323,21
125,11,122.69112,44.503075,70.154564,87.07706,120.20285,21
125,12,173.21512,42.97537,119.270905,127.20681,182.67331,21
126,1,318.3099,90.08251,193.14821,261.42825,318.3593,21
126,2,265.33127,81.03421,168.1004,189.27473,253.98888,21
126,3,238.36649,57.61047,173.11333,186.6816,222.36485,21
126,4,136.81952,56.7358,69.01323,88.630005,136.70221,21
126,5,106.69127,67.40354,40.058758,57.29024,89.74071,21
126,6,96.64611,32.862385,49.119923,78.28893,97.71036,21
126,7,111.11566,53.737846,54.57717,59.24093,107.43807,21
126,8,83.896515,51.29998,35.459785,40.52846,74.15641,21
126,9,165.16492,72.8763,99.885666,107.1064,143.96573,21
126,10,179.97156,55.21364,120.83877,156.37015,166.72693,21
126,11,169.31834,49.817818,124.81841,136.55081,157.90877,21
126,12,200.89853,47.292458,153.52626,161.11227,207.0326,21
127,1,204.57803,62.193512,117.194725,163.46101,189.48918,21
127,2,166.54924,56.197437,101.326744,114.66467,176.61835,21
127,3,139.6249,45.770912,94.24447,98.07085,137.23972,21
127,4,98.00592,50.50969,43.616802,61.260414,89.48447,21
127,5,106.2694,75.04169,28.312918,52.744183,81.15214,21
127,6,98.35402,34.037716,55.2696,74.56744,95.7128,21
127,7,111.03961,43.439175,57.64324,82.52959,95.388626,21
127,8,97.17791,53.142185,27.690495,55.76919,91.94872,21
127,9,153.06786,63.640343,85.28541,98.99325,133.6531,21
127,10,175.23608,57.41538,131.14426,142.2368,172.03279,21
127,11,133.32137,49.57493,79.711784,95.76595,126.99259,21
127,12,153.06433,43.039963,106.65683,122.26432,147.09705,21
128,1,218.97469,65.07976,129.86249,167.74779,224.63388,21
128,2,192.80856,58.22328,134.71883,143.8372,203.35193,21
128,3,154.28842,37.602703,110.0014,117.40275,147.11609,21
128,4,102.48881,39.17299,52.68031,67.27959,104.074936,21
128,5,104.56254,69.501785,36.814182,49.936035,73.13341,21
128,6,79.855896,23.439825,45.130337,57.686584,86.611015,21
128,7,94.7186,36.999626,52.59238,65.41867,92.46129,21
128,8,84.58354,46.67416,26.73691,46.908676,81.306465,21
128,9,148.89406,60.633205,82.87773,96.98959,136.22939,21
128,10,153.5986,55.996746,111.417564,117.24163,151.23534,21
128,11,131.51888,45.384075,81.788574,90.73842,132.04253,21
128,12,150.26654,36.05805,117.36118,125.234924,152.90033,21
129,1,201.50204,73.9009,105.68978,132.46896,202.73976,21
129,2,204.19748,60.815506,147.05151,168.76808,189.47043,21
129,3,152.01872,36.278057,111.16171,125.77762,143.646,21
129,4,96.69496,29.66404,55.383125,76.60661,94.16204,21
129,5,111.694786,79.80478,48.03882,50.667885,87.99177,21
129,6,78.841835,21.532257,51.933964,59.306824,84.2602,21
129,7,98.04891,37.665466,49.194332,67.711876,104.040955,21
129,8,88.088135,50.271454,30.887657,46.84107,70.24939,21
129,9,148.3472,63.376423,65.328575,101.80275,144.21268,21
129,10,143.25461,53.64715,89.16347,103.136185,131.32925,21
129,11,134.34872,45.185574,86.64904,97.48036,115.83999,21
129,12,141.58498,39.396908,95.43887,115.3418,138.6552,21
130,1,138.36223,51.74444,77.5926,89.22559,128.32861,21
130,2,142.99907,51.8879,76.488655,115.525955,140.78755,21
130,3,122.84045,34.742092,92.88039,95.804794,116.17977,21
130,4,106.1351,35.01388,54.5195,79.72181,106.57045,21
130,5,110.84926,50.93159,55.788685,62.826977,105.689316,21
130,6,107.513336,30.506569,69.35642,88.00014,101.67254,21
130,7,120.39147,43.65146,60.38644,85.509514,120.08243,21
130,8,108.1006,52.692024,51.27693,55.23162,103.878624,21
130,9,146.07985,55.090492,85.155945,101.2765,142.44992,21
130,10,135.49162,56.362297,66.21169,94.32091,123.083984,21
130,11,120.228745,45.738934,64.31011,81.22543,111.28908,21
130,12,114.4996,37.340828,70.277885,76.65504,109.30527,21
131,1,147.16927,57.43943,84.70487,96.24127,127.087364,21
131,2,140.42657,52.981712,92.09874,101.13572,137.04727,21
131,3,124.82387,38.720974,74.376434,92.48602,128.05765,21
131,4,124.53584,47.602173,61.47304,84.004875,127.591156,21
131,5,120.18834,49.06057,52.038715,69.87089,121.20178,21
131,6,137.52036,33.83503,100.4127,109.02472,143.40633,21
131,7,151.65427,51.740982,71.28303,111.1521,160.14012,21
131,8,126.853745,58.913624,59.458958,71.04913,130.20834,21
131,9,162.82254,60.099266,95.35951,112.24849,159.53317,21
131,10,164.10327,73.29137,85.028786,107.1338,140.25214,21
131,11,129.58725,58.94226,64.06093,82.17143,123.98107,21
131,12,133.53313,48.71345,90.08415,93.32618,116.18677,21
132,1,123.99736,50.909813,77.05545,86.54438,105.64259,21
132,2,118.68741,46.837425,70.47654,79.11042,120.763916,21
132,3,105.92274,43.685947,61.914696,67.83792,98.12164,21
132,4,116.013336,55.963997,38.56122,74.73743,116.15321,21
132,5,113.125694,44.712193,53.04843,72.6671,116.132065,21
132,6,138.69214,42.341232,89.89383,97.82202,139.67937,21
132,7,151.3849,60.515045,59.93925,104.33357,158.30013,21
132,8,117.53648,49.63109,56.19161,67.34248,115.59767,21
132,9,156.63911,58.36119,79.45323,90.05845,170.80583,21
132,10,150.22937,71.66941,62.782246,84.60897,135.59503,21
132,11,119.51008,71.23926,60.79912,74.1917,99.39474,21
132,12,120.53414,49.626392,80.43245,83.74218,111.57185,21
133,1,121.96058,65.87839,68.229324,74.48891,87.74952,21
133,2,136.85059,56.219337,65.919174,88.56562,124.381516,21
133,3,115.13628,57.861984,54.543262,72.82219,89.29223,21
133,4,129.09476,66.206245,58.125603,73.80504,127.701675,21
133,5,119.60629,42.084812,75.60288,82.58645,123.32479,21
133,6,130.51942,49.939987,70.735535,86.27455,118.037415,21
133,7,140.76854,61.255287,66.79872,96.547775,148.17372,21
133,8,113.978645,54.261433,50.627182,70.772995,103.582565,21
133,9,152.60582,60.6713,83.50615,97.40123,142.14975,21
133,10,139.97084,57.03588,85.771545,102.50177,139.58405,21
133,11,118.15612,77.29644,52.506886,57.385517,109.11097,21
133,12,119.220924,63.606033,62.11354,73.21286,99.75612,21
134,1,116.18937,60.52232,59.736782,64.84562,93.96923,21
134,2,154.64883,75.76912,79.397606,91.66534,134.93427,21
134,3,118.84146,57.719654,51.301098,63.47161,97.47214,21
134,4,128.94308,74.09721,48.541527,72.93908,115.182884,21
134,5,117.00887,48.147816,80.543,86.90702,101.23648,21
134,6,124.09428,53.271725,71.742355,85.956,106.934494,21
134,7,132.11795,80.166885,58.49491,90.36958,127.95812,21
134,8,116.76656,64.163475,57.340805,64.589226,96.94243,21
134,9,143.45586,56.29889,86.486084,106.40085,123.87564,21
134,10,122.015076,52.57805,78.26484,85.96316,125.689835,21
134,11,107.83874,63.02862,42.881977,64.8166,99.49345,21
134,12,111.87595,62.564384,56.565636,72.53708,95.38195,21
135,1,95.49734,57.75444,42.26899,52.771683,68.7482,21
135,2,136.20955,67.92225,75.3306,87.680824,129.5374,21
135,3,103.28382,54.77386,47.168198,63.96058,87.50345,21
135,4,117.848854,62.754906,49.518513,63.15976,119.78944,21
135,5,111.69462,50.78749,67.175995,76.05182,106.01226,21
135,6,113.67361,47.041103,71.54986,77.16249,104.579056,21
135,7,112.27679,75.64281,48.97099,64.03166,96.219955,21
135,8,107.66812,55.829033,50.307896,54.789253,92.77051,21
135,9,124.809906,46.610992,78.784004,93.52371,110.208496,21
135,10,106.377525,44.667976,63.20467,72.07941,112.0216,21
135,11,86.44419,50.467007,39.13736,49.774277,86.93393,21
135,12,90.978096,51.309746,55.807804,60.96425,73.200676,21
136,1,84.50722,34.031254,35.371307,55.637917,82.66034,21
136,2,130.08203,69.60944,63.104465,83.20241,111.6808,21
136,3,108.16722,61.943497,62.53935,65.483986,91.05264,21
136,4,118.01889,61.70492,50.82373,64.91846,121.34036,21
136,5,118.88228,62.476376,58.98472,66.763245,108.7739,21
136,6,111.906235,39.920033,61.88669,82.56672,112.32082,21
136,7,99.75451,59.978874,45.923523,50.24755,82.34938,21
136,8,101.08276,47.640285,54.662506,60.752415,98.1044,21
136,9,108.78138,36.73604,64.5972,78.78689,104.802635,21
136,10,97.092926,42.194225,50.189278,68.50274,83.64234,21
136,11,82.67854,50.604057,27.599794,49.440525,68.228165,21
136,12,86.753975,47.28791,42.637184,56.84416,69.835556,21
137,1,83.506035,35.145237,41.095474,48.150272,78.12027,21
137,2,107.414536,49.817623,55.604916,65.47161,95.88332,21
137,3,115.52766,90.017105,42.45494,54.38109,81.21332,21
137,4,114.26214,61.825565,45.412422,56.402817,127.415504,21
137,5,100.355286,55.82392,41.386696,54.50554,97.82426,21
137,6,110.47042,51.36994,66.58123,74.52973,100.21298,21
137,7,89.43834,37.979954,31.914381,71.07172,86.70867,21
137,8,77.13748,28.00801,37.82418,63.73445,82.47953,21
137,9,91.471565,37.549255,47.983162,57.566776,84.290245,21
137,10,99.33907,50.29734,41.77711,61.8508,90.256485,21
137,11,89.75231,47.953045,32.89623,51.414616,79.40669,21
137,12,84.173134,45.72579,48.648483,49.87602,61.677288,21
138,1,289.4298,103.34494,143.30476,247.96133,282.4885,21
138,2,360.93546,85.89835,274.91946,293.08057,347.40363,21
138,3,461.4708,104.43077,309.0511,369.66235,459.51068,21
138,4,399.9999,86.46304,337.44998,349.601,381.7335,21
138,5,297.2313,81.9819,201.56131,240.4983,293.5147,21
138,6,218.66069,62.132248,148.513,185.3984,212.50569,21
138,7,163.5115,49.43043,96.41277,124.9228,158.99097,21
138,8,76.24591,27.2847,52.338215,59.703045,72.875565,21
138,9,20.888315,8.448804,13.142251,13.918649,18.77804,21
138,10,15.40147,7.5449643,7.747935,9.506547,15.0138035,21
138,11,28.672146,20.55382,9.71638,11.455469,22.467968,21
138,12,126.76731,75.42163,45.601048,54.730396,118.13902,21
139,1,0.0,0.0,0.0,0.0,0.0,21
139,2,0.0,0.0,0.0,0.0,0.0,21
139,3,0.0,0.0,0.0,0.0,0.0,21
139,4,0.0,0.0,0.0,0.0,0.0,21
139,5,0.0,0.0,0.0,0.0,0.0,21
139,6,0.0,0.0,0.0,0.0,0.0,21
139,7,0.0,0.0,0.0,0.0,0.0,21
139,8,0.0,0.0,0.0,0.0,0.0,21
139,9,0.0,0.0,0.0,0.0,0.0,21
139,10,0.0,0.0,0.0,0.0,0.0,21
139,11,0.0,0.0,0.0,0.0,0.0,21
139,12,0.0,0.0,0.0,0.0,0.0,21
140,1,102.2492,75.032005,23.821623,42.115845,75.280754,21
140,2,77.83665,53.94176,20.400408,33.659187,70.64585,21
140,3,89.62638,42.10427,43.15942,67.77244,79.0056,21
140,4,204.30931,63.026752,140.01335,148.73961,181.45271,21
140,5,338.64285,81.89127,229.65382,292.51096,354.1488,21
140,6,326.493,57.512318,260.01007,293.83652,326.49948,21
140,7,260.34637,46.765713,211.52745,223.35652,256.19412,21
140,8,226.867,51.759987,157.62065,197.34442,234.12779,21
140,9,119.50335,34.61642,71.94231,76.90608,131.47408,21
140,10,94.94544,29.37132,67.19431,72.3053,86.882805,21
140,11,115.66855,43.94093,78.46592,81.33423,112.97035,21
140,12,120.116875,71.32055,54.387333,61.898346,94.773125,21
141,1,41.714703,30.422512,14.296566,14.985639,27.980335,21
141,2,38.204575,24.99876,12.639176,14.472118,32.7061,21
141,3,52.05388,25.263859,25.495522,31.103008,47.363716,21
141,4,130.18265,55.489098,61.718487,81.21403,111.92712,21
141,5,292.96634,108.03445,204.78024,230.47733,280.8272,21
141,6,306.29462,82.045135,213.10953,229.60226,280.50232,21
141,7,293.47888,65.967155,233.30945,239.27289,278.4668,21
141,8,186.15207,56.912506,124.35685,134.35684,179.8644,21
141,9,87.22814,35.51885,40.87703,48.017406,93.23376,21
141,10,64.77171,30.766329,29.050053,40.577816,63.897655,21
141,11,61.62654,38.34763,18.833952,27.607851,56.121807,21
141,12,48.478737,33.613125,22.804415,27.873083,36.497704,21
142,1,76.55508,63.477688,15.562628,27.675392,44.503773,21
142,2,82.07034,59.518063,18.145485,22.239511,69.991005,21
142,3,90.65445,48.71806,39.10456,46.435898,79.24126,21
142,4,208.69714,63.61818,139.79184,155.82706,182.87994,21
142,5,350.27112,91.5051,254.81491,307.35663,366.97916,21
142,6,321.40567,55.384953,248.71007,283.17014,330.28076,21
142,7,253.27121,37.35645,206.18016,223.87679,259.2679,21
142,8,224.58127,42.763588,182.0097,188.19162,217.30022,21
142,9,128.36043,41.70457,65.53335,82.37346,139.27072,21
142,10,91.16913,31.62417,54.926075,65.20607,86.18332,21
142,11,94.85155,41.246258,54.233246,61.03568,91.222206,21
142,12,110.67772,71.27132,46.746323,49.536064,79.214775,21
143,1,32.106525,31.164879,6.1106954,7.3991218,18.04822,21
143,2,28.077913,25.49404,5.091703,7.9392233,19.819595,21
143,3,49.353382,23.830702,20.325829,26.688677,48.10623,21
143,4,152.40265,69.708664,82.96781,92.24122,136.98326,21
143,5,317.88965,109.09594,241.22067,248.52701,344.3347,21
143,6,338.40912,91.86338,243.44576,252.40471,332.08377,21
143,7,327.59683,69.97934,243.81487,261.1639,325.82367,21
143,8,211.3532,58.9849,149.25697,165.25916,207.57088,21
143,9,97.18918,41.034794,45.26886,57.010696,104.27108,21
143,10,68.320885,31.035082,32.13446,39.49641,64.049385,21
143,11,69.761284,47.306435,12.856885,33.27044,64.50708,21
143,12,57.738834,55.761265,21.493158,23.614687,32.672993,21
144,1,170.77882,66.348976,89.64066,118.5828,167.47064,21
144,2,159.79382,43.309784,106.87839,134.59982,158.8287,21
144,3,226.91037,63.35724,125.71427,167.11224,232.98656,21
144,4,291.7738,100.345665,169.4073,208.86949,284.8801,21
144,5,363.93848,110.660904,268.66446,303.7158,384.8678,21
144,6,227.98691,85.20099,147.9659,155.67119,211.31255,21
144,7,191.78702,79.56129,95.962875,119.847725,177.88138,21
144,8,106.41698,42.103218,75.18755,80.66116,95.37081,21
144,9,48.53144,20.725044,24.094343,34.451775,45.547935,21
144,10,45.03758,24.52411,22.001476,22.58475,35.219448,21
144,11,44.205864,23.448872,16.96055,22.212856,39.31741,21
144,12,85.46834,42.18203,49.11933,51.698284,75.696175,21
145,1,207.85393,79.618996,111.60925,158.18121,201.24724,21
145,2,177.10799,50.126816,122.09365,144.64095,168.07397,21
145,3,234.06839,63.30732,138.15076,178.3148,247.01505,21
145,4,311.68317,105.08893,172.44464,200.68951,309.62915,21
145,5,359.47034,103.8765,293.88162,307.22888,359.52173,21
145,6,243.15364,88.25471,156.61992,168.93417,214.478,21
145,7,194.40176,83.29512,91.97411,119.46128,187.06082,21
145,8,106.78446,44.767952,62.562122,78.52004,99.99105,21
145,9,49.25948,23.407757,23.349586,33.386944,45.833332,21
145,10,46.284832,22.09731,26.258797,27.39137,43.861168,21
145,11,51.85151,29.35632,20.29177,25.54555,45.083626,21
145,12,99.24656,44.715862,57.839813,62.084373,83.21881,21
146,1,98.88248,70.02076,28.538538,36.158504,69.39295,21
146,2,102.07774,64.102554,29.866768,35.11633,89.1383,21
146,3,74.70826,30.975267,35.804756,53.92161,72.745,21
146,4,234.81853,62.243877,152.51595,174.85059,232.76384,21
146,5,391.09784,84.016914,269.00754,321.15875,416.29663,21
146,6,270.1026,45.84095,202.41472,229.52312,278.7088,21
146,7,168.02982,40.652515,114.91603,136.0807,164.06395,21
146,8,203.54953,39.814827,142.19049,172.214,204.29573,21
146,9,143.6489,33.20364,107.41207,118.95339,143.37567,21
146,10,80.80215,26.562464,48.27475,64.06799,74.95435,21
146,11,93.619835,33.459682,51.356457,64.2348,89.925224,21
146,12,143.78719,90.54848,66.334435,71.09067,105.4797,21
147,1,91.31985,70.79191,21.561869,25.59476,60.24643,21
147,2,93.20701,71.51776,14.957209,20.743591,82.49566,21
147,3,97.249214,42.056835,55.364185,67.024414,80.82038,21
147,4,237.18265,63.59274,172.19742,178.06491,235.66393,21
147,5,387.82645,86.562416,263.45703,313.08514,406.6986,21
147,6,319.85748,60.661575,235.94655,266.26447,327.23996,21
147,7,216.84499,49.690548,161.16264,173.79158,217.75151,21
147,8,219.95787,42.157227,173.24376,182.72887,222.75327,21
147,9,177.23495,48.307117,123.65775,137.58188,166.59868,21
147,10,97.675316,36.926975,65.10073,71.39689,93.378,21
147,11,93.87663,34.562454,50.195972,61.55174,90.70942,21
147,12,130.08417,83.81835,56.7135,63.87449,96.42656,21
148,1,207.55069,71.72233,115.29728,160.64627,213.10207,21
148,2,220.11678,58.06771,146.76706,173.61055,227.84573,21
148,3,273.9436,56.331776,187.90837,237.8016,278.79718,21
148,4,324.01968,82.014305,198.73154,261.65372,327.95844,21
148,5,357.45404,88.90383,287.8677,327.15384,357.92218,21
148,6,240.34908,89.76475,149.28186,157.60352,205.74423,21
148,7,191.2804,71.095985,113.44493,136.36887,192.41699,21
148,8,125.907,36.44957,89.92737,101.0232,119.90295,21
148,9,51.492188,21.395947,23.260511,38.197926,51.26342,21
148,10,45.346508,22.55342,20.922579,29.121365,36.963543,21
148,11,53.46934,37.715866,17.368546,22.24477,42.720882,21
148,12,129.05028,51.731064,79.50826,85.70313,112.65807,21
149,1,169.81897,42.707424,124.494934,139.93237,168.94962,21
149,2,262.98676,66.73019,181.60852,212.46512,264.7451,21
149,3,285.11578,50.404613,236.4107,238.61945,274.75348,21
149,4,337.8493,85.027306,256.5579,268.2155,340.5139,21
149,5,330.98923,61.68122,294.24835,301.94904,327.06506,21
149,6,226.62468,75.55203,142.34662,155.65768,210.83775,21
149,7,184.18198,61.18944,118.20174,137.70328,186.08595,21
149,8,123.77926,36.042164,85.08781,96.72269,121.3163,21
149,9,62.453438,22.66581,35.305496,42.231503,64.61505,21
149,10,52.709663,16.158218,39.37813,40.73675,51.79078,21
149,11,67.27298,40.329742,27.032404,28.530308,60.03768,21
149,12,120.875084,39.514484,80.09513,82.181755,118.788124,21
150,1,97.13232,83.5145,24.531698,26.875566,68.26919,21
150,2,103.8347,78.108665,18.156918,25.841217,84.009636,21
150,3,111.32206,50.738247,62.497055,75.192566,102.90714,21
150,4,236.36057,54.148003,171.32947,194.05316,232.95999,21
150,5,367.3941,82.51024,260.45126,317.76224,378.6443,21
150,6,327.47726,68.83285,228.3853,273.50525,330.07693,21
150,7,248.6341,53.34781,174.26883,202.42418,246.7541,21
150,8,219.60568,35.74416,167.10274,180.0782,226.7049,21
150,9,216.55957,66.983215,162.60944,164.86423,203.03917,21
150,10,124.430244,50.102516,75.8143,80.94161,116.07414,21
150,11,111.72929,42.760754,61.284927,77.349945,109.11392,21
150,12,123.23615,88.1027,51.53461,56.416462,86.52892,21
151,1,118.04435,95.37019,28.976675,33.232773,82.09417,21
151,2,104.8657,69.29708,27.365177,31.53044,99.4998,21
151,3,109.37816,47.11895,64.8149,72.928734,107.63267,21
151,4,243.0973,49.631527,172.77434,190.20073,257.05414,21
151,5,382.18466,71.98053,272.61478,347.3229,383.93927,21
151,6,304.6086,55.135777,242.79517,261.10886,304.14478,21
151,7,214.36407,40.757755,154.99403,193.03671,214.79889,21
151,8,206.3382,37.02089,165.62146,183.00066,200.57541,21
151,9,174.92036,43.500908,129.11014,145.47314,165.63463,21
151,10,116.84806,37.213093,78.01685,85.097824,108.37739,21
151,11,123.09743,52.721302,69.851036,75.40313,113.47836,21
151,12,148.41737,102.376465,62.94334,66.90381,108.127945,21
152,1,391.14587,113.207504,264.1536,299.40042,373.3022,21
152,2,421.06497,116.120995,303.57657,349.8961,380.58463,21
152,3,496.59116,136.7433,326.72668,364.28528,484.0657,21
152,4,476.4691,121.16865,326.11832,390.6826,459.00635,21
152,5,394.36124,81.94057,325.26932,348.9932,402.6124,21
152,6,251.14755,65.1435,189.92603,195.20824,262.86075,21
152,7,186.0577,62.275047,107.71557,126.33918,184.53091,21
152,8,91.94148,29.95845,64.15502,71.75083,81.659515,21
152,9,34.429375,16.928295,13.853103,17.989994,38.932964,21
152,10,37.891193,19.624563,18.03332,22.162426,29.45124,21
152,11,68.607315,38.879303,18.602375,36.001385,67.53639,21
152,12,201.79196,91.79542,101.216,125.25048,192.92157,21
153,1,222.46835,45.919655,162.20514,202.42801,235.08943,21
153,2,274.15195,66.30477,217.34799,220.81546,273.0157,21
153,3,319.99594,49.29715,269.28815,280.23868,317.72845,21
153,4,330.2505,59.456127,271.84183,286.64777,311.91965,21
153,5,317.4562,65.614716,266.68048,292.61893,315.17035,21
153,6,224.26723,68.31725,137.63274,154.07129,213.23178,21
153,7,180.26224,45.94144,132.98904,144.4537,178.26668,21
153,8,141.39066,27.675154,107.02442,116.1111,141.4053,21
153,9,73.29316,21.999405,44.523315,55.120792,73.00431,21
153,10,56.778275,17.888174,37.587826,39.68378,50.68138,21
153,11,89.66613,36.92382,38.347446,57.539413,88.72234,21
153,12,123.533356,38.057304,82.79776,94.47915,113.106346,21
154,1,252.45366,51.455387,202.15471,207.25537,245.58852,21
154,2,317.2659,76.71513,234.8531,239.21379,315.9326,21
154,3,339.72113,66.64066,262.43805,285.4214,329.22687,21
154,4,364.43924,84.58302,251.34506,309.97357,356.08655,21
154,5,327.9814,52.797745,291.38248,296.0913,327.8024,21
154,6,250.67046,67.62955,179.65283,205.9977,224.25533,21
154,7,194.75719,54.265526,138.53055,154.40517,180.60289,21
154,8,137.09497,36.69295,92.70559,98.45606,141.77278,21
154,9,69.37305,24.391193,45.04859,49.571213,66.768555,21
154,10,61.48806,20.844778,37.93463,40.880264,54.399063,21
154,11,92.05958,40.247128,44.422943,55.708782,87.53696,21
154,12,133.74686,41.329983,78.80834,99.79546,128.25108,21
155,1,311.8388,89.71924,208.78355,243.42754,292.54926,21
155,2,364.43033,90.6246,269.7693,284.10217,356.30176,21
155,3,434.9647,100.66776,335.66925,343.42313,410.51093,21
155,4,422.5609,100.04418,285.7959,327.33673,405.61346,21
155,5,344.3564,74.78543,277.55066,295.2907,369.36554,21
155,6,230.31534,63.253002,155.30722,174.36313,228.49321,21
155,7,164.7042,55.7633,81.17608,103.18285,185.15654,21
155,8,78.47747,24.633991,51.262733,55.4837,73.19598,21
155,9,29.191916,13.079976,18.520922,19.720963,28.722256,21
155,10,31.923306,15.74104,16.77726,18.368172,26.790014,21
155,11,58.048862,34.364918,20.54106,35.953167,47.4982,21
155,12,164.2822,74.120926,84.31542,98.31111,145.02856,21
156,1,166.38475,65.22146,85.26944,118.53181,160.88268,21
156,2,185.6171,46.98214,131.34538,152.81015,192.41762,21
156,3,265.52768,65.183876,179.83328,219.91022,244.50383,21
156,4,320.80902,98.805786,209.43431,234.82741,339.3048,21
156,5,352.9406,108.727715,255.82214,279.59363,365.1536,21
156,6,232.96187,93.19261,145.84732,156.30162,205.28123,21
156,7,169.71059,67.63423,98.194176,110.67814,159.896,21
156,8,100.619225,33.306946,68.438354,69.91178,96.173416,21
156,9,47.96795,20.70095,25.047413,33.535942,42.71049,21
156,10,43.274178,28.743155,16.60333,19.090338,37.80313,21
156,11,40.75534,24.335997,17.60997,19.974346,34.8727,21
156,12,76.22588,39.193554,44.32692,49.469566,65.539116,21
157,1,196.52419,70.7103,107.72703,147.15533,196.10713,21
157,2,194.74136,51.20173,143.26845,155.89148,196.55838,21
157,3,267.9942,66.194824,186.5298,216.6108,250.17062,21
157,4,318.2655,92.519936,187.2717,237.6722,320.4699,21
157,5,349.83295,109.09805,230.34543,279.12097,369.0328,21
157,6,237.78055,88.79864,156.09538,172.44514,195.49902,21
157,7,181.24529,73.64012,91.30138,121.99672,166.49734,21
157,8,110.46081,36.244553,75.17723,77.663315,105.95621,21
157,9,47.75423,20.39397,23.880741,31.892717,45.551094,21
157,10,44.438667,28.936,16.357557,19.446346,34.836468,21
157,11,42.20069,27.87053,16.04398,20.930054,31.99524,21
157,12,93.19757,42.553474,59.36822,60.47384,72.993034,21
158,1,62.30246,56.354687,14.816748,20.520796,33.42905,21
158,2,54.32173,41.637913,13.6284275,17.77577,41.686543,21
158,3,84.20212,38.25521,40.494095,52.158066,81.15074,21
158,4,197.75803,71.01564,127.48152,144.13219,176.43835,21
158,5,325.1242,95.10139,237.56131,268.55557,337.9365,21
158,6,349.3117,79.24824,274.5008,295.7198,347.2139,21
158,7,314.24954,62.632767,241.23239,260.3083,304.56876,21
158,8,217.21712,42.993706,173.28607,174.90489,203.78671,21
158,9,120.933266,42.861786,69.617226,88.10305,119.36578,21
158,10,81.275185,35.880188,34.542427,55.968773,76.60178,21
158,11,95.98391,51.28765,23.474522,45.522087,99.44513,21
158,12,88.5401,71.79492,31.230907,39.029568,54.09301,21
159,1,73.04909,55.34099,24.294853,30.618732,44.51798,21
159,2,69.751755,40.461308,22.467585,30.230341,65.12222,21
159,3,105.15982,40.858456,66.22474,73.581696,85.616844,21
159,4,225.27167,79.04821,142.33168,168.5049,193.43622,21
159,5,345.79987,102.0449,216.57637,263.0375,368.72516,21
159,6,348.65195,74.53644,263.38327,314.6416,342.39053,21
159,7,299.1464,65.41603,228.77005,235.23012,295.48227,21
159,8,204.32462,48.48243,150.8525,163.34491,201.48395,21
159,9,118.71444,41.230045,66.782005,84.69264,119.66794,21
159,10,95.72023,43.96665,50.515232,56.222267,98.24753,21
159,11,108.96542,54.2189,31.732426,59.692142,114.42811,21
159,12,72.17025,55.143856,24.4091,25.263964,45.47547,21
160,1,241.64067,94.123375,148.45544,175.31563,223.13274,21
160,2,234.91109,71.822495,169.09254,186.07492,216.4085,21
160,3,273.97894,56.932972,205.99545,233.53894,289.75342,21
160,4,361.4348,47.844234,297.0905,321.59412,364.47153,21
160,5,411.5312,61.250656,351.06918,362.35788,405.54123,21
160,6,400.0655,60.88125,323.3507,350.2968,421.1231,21
160,7,359.80112,53.5216,306.56116,319.5933,345.54218,21
160,8,298.52576,44.95614,267.13187,279.75842,293.56607,21
160,9,257.71286,56.69796,210.75911,214.95168,260.62985,21
160,10,220.02336,52.099865,165.73834,170.28973,213.56544,21
160,11,246.78711,66.5418,184.12424,197.62044,239.92184,21
160,12,253.40337,67.41619,153.75043,186.02606,249.91585,21
161,1,224.3256,81.13002,131.3613,149.49426,218.66559,21
161,2,241.35994,74.79432,170.65567,198.74039,226.08891,21
161,3,260.46432,42.275513,211.58957,215.73009,263.7348,21
161,4,332.15997,35.270298,289.6238,303.24878,329.62994,21
161,5,404.50354,49.592354,337.45532,355.47324,422.40268,21
161,6,349.35336,58.571114,272.55396,298.58023,350.4768,21
161,7,301.97055,40.784195,251.01854,271.5931,299.6514,21
161,8,274.31946,45.721855,228.13704,241.47299,267.8104,21
161,9,224.25928,43.007404,188.07643,199.08884,221.2949,21
161,10,203.90588,48.30173,145.92665,161.96014,197.60497,21
161,11,251.0692,63.875065,173.40254,187.06396,266.6167,21
161,12,243.58896,62.92477,154.8454,184.445,253.47058,21
162,1,324.01624,82.39346,233.82559,255.46512,329.63934,21
162,2,354.24994,80.04095,247.68634,288.5609,352.61,21
162,3,425.23373,92.68456,309.33014,362.43594,426.65552,21
162,4,423.82376,85.24532,326.84787,366.93484,419.67426,21
162,5,377.92172,57.03729,342.1114,362.23944,375.4879,21
162,6,257.65573,60.724495,199.56248,219.97621,253.1005,21
162,7,207.14693,45.710407,149.81303,166.81781,208.47614,21
162,8,121.96373,31.554295,88.19956,94.29225,117.93692,21
162,9,53.79086,21.81732,22.841532,32.588356,55.2481,21
162,10,50.428844,20.37746,32.204193,34.43411,42.274754,21
162,11,96.90492,46.356358,44.53289,60.60608,91.544655,21
162,12,195.3407,67.49901,116.25489,131.38742,186.56657,21
163,1,256.7969,66.25995,166.33922,191.7732,278.18948,21
163,2,320.31207,62.368465,252.1884,255.64139,323.54324,21
163,3,367.5918,77.56304,257.10577,304.12973,372.3655,21
163,4,349.17194,58.72917,267.40402,312.4183,338.45273,21
163,5,315.44193,58.093315,242.55247,297.75375,327.23672,21
163,6,228.87953,53.782993,175.13321,187.2085,220.23236,21
163,7,187.32886,38.498283,145.06421,156.67674,191.45134,21
163,8,97.656166,31.394312,65.180176,68.80777,93.58548,21
163,9,53.981846,24.127417,27.853811,33.02145,50.270363,21
163,10,61.584908,25.40296,33.59101,46.54888,55.082413,21
163,11,88.50374,55.09235,17.575853,42.45406,82.06834,21
163,12,177.85916,80.060844,99.36994,118.32939,181.79129,21
164,1,156.69106,44.896965,113.998825,118.44597,163.18152,21
164,2,226.37642,52.59663,181.79498,202.0039,229.50215,21
164,3,308.70074,50.528076,242.39134,276.95474,311.4273,21
164,4,322.54822,62.515427,252.00124,266.9031,322.6828,21
164,5,331.46283,73.5544,269.633,291.60236,320.77582,21
164,6,232.32547,84.15059,124.91224,142.50131,253.774,21
164,7,175.86829,48.580486,115.82454,130.49167,175.9482,21
164,8,121.10323,28.873781,84.32819,94.09234,115.33535,21
164,9,61.77657,16.575415,37.951694,47.414955,65.19797,21
164,10,57.049187,21.71606,32.709087,33.98075,54.79752,21
164,11,57.006004,35.119442,21.167274,27.638952,54.351204,21
164,12,110.34723,35.80739,65.41537,77.31951,102.606575,21
165,1,183.83087,42.657616,137.18062,154.51367,190.67017,21
165,2,261.5678,65.116615,192.51271,221.52614,268.73102,21
165,3,300.12808,48.78055,244.01695,264.37918,294.84958,21
165,4,334.22662,63.764008,267.26962,286.48203,319.91208,21
165,5,320.9562,68.080185,273.92407,288.47018,312.57614,21
165,6,226.57013,75.46131,135.68144,152.55267,223.0531,21
165,7,176.96715,54.55767,111.737724,137.80609,175.88896,21
165,8,125.302444,26.20609,95.87472,103.71232,122.56444,21
165,9,68.83617,18.003912,45.019676,46.789646,72.76101,21
165,10,56.838444,17.557022,36.447098,39.15727,55.572792,21
165,11,73.33545,36.06217,33.87926,39.157307,69.48844,21
165,12,115.762924,36.482937,74.43298,82.24825,117.433846,21
166,1,228.08775,51.031265,158.5104,195.08655,237.53043,21
166,2,288.07498,49.275433,225.40569,261.3946,288.1024,21
166,3,343.24243,62.132507,275.0872,282.73062,341.02252,21
166,4,336.8461,58.86253,283.4311,292.29822,323.36566,21
166,5,318.73932,66.63038,261.2235,311.86563,324.76425,21
166,6,210.44736,52.69979,160.41203,173.50536,204.79698,21
166,7,179.20323,34.29954,138.84985,151.89897,184.12825,21
166,8,110.951035,24.48902,81.02792,93.40039,110.83214,21
166,9,70.1481,21.805002,46.444897,48.98754,70.98316,21
166,10,69.10884,21.294334,39.688198,55.390152,64.03112,21
166,11,91.02809,46.228874,31.998192,51.170795,81.48027,21
166,12,157.39174,49.842754,105.57979,112.73959,149.16609,21
167,1,215.49644,49.49772,145.63728,175.37364,228.25984,21
167,2,278.0002,55.670765,218.06755,230.05476,275.82416,21
167,3,336.84875,73.16891,254.73074,272.4837,334.12552,21
167,4,329.66,54.77991,275.84604,278.22916,328.3557,21
167,5,313.56183,78.59677,215.08632,277.01923,329.703,21
167,6,213.35684,54.960396,172.23656,186.87952,195.39832,21
167,7,176.83218,43.52568,131.24142,135.54424,182.26808,21
167,8,93.63513,26.329111,71.908035,77.487144,88.36977,21
167,9,71.76828,22.070658,45.924572,53.757748,71.76951,21
167,10,63.994453,21.446041,33.72639,48.118042,59.112587,21
167,11,77.900764,43.19636,30.383118,48.2247,62.43298,21
167,12,164.63182,59.70069,105.18439,112.349174,156.23093,21
168,1,255.64072,85.68704,176.99081,183.04636,230.92451,21
168,2,214.84029,79.74668,131.11958,146.91602,214.99266,21
168,3,303.11847,43.964024,235.00172,283.2128,301.50598,21
168,4,346.18814,49.367554,279.76468,301.6348,349.69968,21
168,5,396.9874,63.415516,312.57324,353.84277,390.96503,21
168,6,385.2265,44.041737,330.3864,340.79498,396.17847,21
168,7,342.53384,65.21829,280.76797,287.0779,340.13104,21
168,8,309.23697,43.901676,248.45709,287.30975,300.55582,21
168,9,234.78409,35.60349,188.28613,205.98625,230.0418,21
168,10,246.21721,49.280853,182.52405,195.2029,240.2418,21
168,11,208.32742,43.08091,151.79858,175.58012,204.7002,21
168,12,230.51474,51.368656,157.41608,171.08794,241.4398,21
169,1,219.9269,67.58832,151.32442,158.5467,209.62872,21
169,2,204.8786,69.274475,121.46768,156.74496,205.41086,21
169,3,298.0867,46.655914,244.00058,265.21106,296.58954,21
169,4,380.49582,65.8254,295.35263,306.2292,384.23334,21
169,5,410.23215,53.264854,342.07745,378.2941,417.05594,21
169,6,365.8059,35.022465,324.3108,334.182,362.10956,21
169,7,355.54993,56.64085,282.49133,323.18967,355.15378,21
169,8,257.81967,37.532574,223.68094,233.48865,259.55884,21
169,9,225.0662,38.24236,156.0061,204.60031,230.5681,21
169,10,241.75786,39.182816,199.84329,207.83983,236.49734,21
169,11,232.79536,42.353024,178.97272,193.63298,233.42174,21
169,12,227.71335,42.575996,173.29243,196.33446,222.41765,21
170,1,93.09625,55.084766,32.723724,38.921368,80.67798,21
170,2,121.34934,58.83738,52.577354,79.6374,107.81265,21
170,3,184.32936,54.563183,125.07558,147.26218,173.54073,21
170,4,283.81964,95.06206,200.7291,203.91968,255.68658,21
170,5,391.60794,138.15459,194.69815,311.6546,399.76776,21
170,6,338.8422,75.02217,217.59082,297.79562,348.20193,21
170,7,268.96167,68.103905,193.19899,216.8905,271.54922,21
170,8,171.1508,51.792328,124.56699,140.63489,163.33366,21
170,9,104.61741,36.89549,54.48548,77.00441,102.50329,21
170,10,88.97075,41.345768,39.661926,52.904648,79.05879,21
170,11,105.14728,55.21182,35.132015,43.63825,112.85197,21
170,12,79.34908,57.872307,27.067625,30.93913,54.507713,21
171,1,104.89211,58.59456,37.22323,38.672314,91.14266,21
171,2,145.26256,69.430214,45.27285,88.984245,139.739,21
171,3,226.47829,61.761646,133.99428,191.22699,209.58311,21
171,4,314.94135,101.59219,217.40547,241.03227,283.096,21
171,5,408.73004,149.35654,201.0782,326.52524,414.27435,21
171,6,315.14963,86.13017,211.00648,267.13544,297.68127,21
171,7,253.92805,69.105354,178.76767,192.97614,265.39185,21
171,8,144.64685,48.033485,95.76031,113.40551,143.54408,21
171,9,90.80676,31.739958,48.72293,59.52928,89.60661,21
171,10,84.499596,39.46361,42.38957,48.90896,84.57226,21
171,11,90.142296,50.267494,28.712402,40.666214,91.78622,21
171,12,79.30538,58.879395,24.616995,34.174828,60.77894,21
172,1,151.41545,62.15279,88.76153,101.00772,140.61008,21
172,2,202.17139,54.413982,141.64893,169.39288,197.8213,21
172,3,295.60953,51.319614,246.9991,259.14224,300.6304,21
172,4,322.9527,84.91987,232.93054,247.87148,318.60303,21
172,5,334.24527,104.2945,233.32416,244.3716,319.75354,21
172,6,200.25302,76.99796,117.22964,124.152855,201.01677,21
172,7,146.6558,45.067554,94.19788,100.42561,150.72725,21
172,8,85.8788,28.928799,54.148796,58.263557,86.36149,21
172,9,48.235138,18.5269,21.612295,33.264923,45.29966,21
172,10,43.737194,29.096994,17.386024,19.185614,30.466839,21
172,11,48.85771,25.163437,22.14521,30.03438,43.053596,21
172,12,57.1336,28.628838,34.281574,38.640152,45.294834,21
173,1,160.60611,66.82978,90.58309,98.42743,158.81348,21
173,2,200.65443,55.79146,131.4276,155.28276,190.4835,21
173,3,303.10394,51.702663,252.42252,259.79904,290.44388,21
173,4,317.37244,76.33952,228.10384,238.14922,319.29584,21
173,5,309.00677,105.988205,197.83983,213.83344,300.29205,21
173,6,174.1518,67.761185,112.01986,115.84241,147.76222,21
173,7,137.15982,43.094162,82.17557,93.0306,144.58484,21
173,8,82.7276,28.203188,50.361206,57.881916,79.304054,21
173,9,49.890614,17.015957,25.515118,33.98233,50.765312,21
173,10,43.015884,23.596806,20.553606,26.620125,33.43647,21
173,11,53.10791,24.272339,28.368921,32.027683,47.025047,21
173,12,57.5772,30.3047,30.294199,34.135468,51.922966,21
174,1,94.72566,88.144844,27.001074,34.10636,47.88109,21
174,2,90.78428,61.90759,21.647156,28.005993,84.521774,21
174,3,119.98197,52.282555,59.447353,74.75828,111.51755,21
174,4,251.8165,65.44192,180.48701,197.81529,251.33482,21
174,5,344.78287,86.1525,239.90404,275.7891,365.11664,21
174,6,339.7281,68.098976,258.54385,291.45456,339.46982,21
174,7,272.69733,48.86561,214.94571,227.5557,263.03366,21
174,8,218.50867,37.887253,171.7698,179.93483,212.68663,21
174,9,176.64786,54.92219,117.484245,121.644356,175.11484,21
174,10,109.819275,43.593475,70.79285,76.67803,105.877365,21
174,11,113.258484,45.619987,54.695667,71.34067,113.75522,21
174,12,112.0246,80.62941,44.40069,54.167763,78.05075,21
175,1,107.94343,95.76624,32.186684,38.27037,63.904087,21
175,2,95.18685,59.860912,26.900848,32.51475,99.24682,21
175,3,152.90186,57.946472,99.45098,105.480804,136.39351,21
175,4,305.1019,89.27889,199.48482,222.74722,309.70358,21
175,5,326.32257,81.96009,206.783,239.44916,347.8733,21
175,6,330.59015,70.22695,247.69386,273.4403,327.8387,21
175,7,279.0934,53.10475,217.98181,243.98334,270.7478,21
175,8,220.66876,44.897484,173.49788,183.29443,207.35258,21
175,9,162.8564,55.634617,94.959785,110.53855,165.46036,21
175,10,134.50676,51.18015,86.967926,90.044075,127.43042,21
175,11,146.00424,59.04651,69.55936,86.06226,150.94788,21
175,12,131.62419,94.64369,45.965816,56.102016,76.62231,21
176,1,129.90266,115.95454,22.873396,44.425728,81.653595,21
176,2,98.683334,61.863163,25.726185,29.244465,110.41138,21
176,3,169.96596,68.42308,87.44573,129.49197,152.40785,21
176,4,296.95798,52.376736,237.67705,242.58195,298.0158,21
176,5,356.3246,78.30398,246.56482,281.26138,357.93594,21
176,6,327.72772,67.07599,259.91757,275.50537,319.64658,21
176,7,255.64227,38.56673,204.56691,208.42427,264.87543,21
176,8,203.68378,44.98587,163.92996,175.08318,193.21294,21
176,9,138.83015,41.325012,100.80944,104.45365,133.10376,21
176,10,115.39227,38.75125,86.64745,92.16561,112.00831,21
176,11,109.98766,42.464043,75.606415,79.17897,101.27357,21
176,12,126.5287,94.04854,39.559982,59.582264,80.158806,21
177,1,123.95994,113.10282,30.547382,38.115738,72.91814,21
177,2,98.69989,62.847855,27.475895,30.103136,106.29179,21
177,3,151.89867,61.344097,83.36911,109.95358,148.1326,21
177,4,285.5314,51.344578,215.9081,247.3553,291.46902,21
177,5,354.74603,77.65433,253.12064,295.29965,355.23102,21
177,6,333.59167,68.67281,261.15396,280.6177,322.0882,21
177,7,264.08948,39.538628,209.3305,220.74405,272.1547,21
177,8,221.23752,43.720562,179.10744,200.30125,208.74846,21
177,9,181.28409,49.90322,135.29985,146.46965,175.69885,21
177,10,122.18197,44.888466,80.63182,95.90079,118.295586,21
177,11,115.71225,47.06648,71.45064,76.937454,110.60446,21
177,12,132.5513,98.9699,48.316517,58.490456,89.50156,21
178,1,233.89632,72.54248,161.02559,165.26955,221.02635,21
178,2,226.199,63.018093,159.79564,199.39333,219.67815,21
178,3,299.57254,45.45685,248.05736,280.30173,294.10028,21
178,4,348.54776,44.90204,289.7853,307.49844,348.28482,21
178,5,405.91983,57.075474,317.01923,368.3548,401.3387,21
178,6,389.1351,44.061073,320.4038,367.34106,386.50006,21
178,7,362.7566,55.23956,310.39984,319.94177,358.97977,21
178,8,318.81348,41.39752,277.52487,289.92044,317.47095,21
178,9,246.37772,43.35305,207.45245,213.69139,228.89473,21
178,10,237.09534,44.79639,189.52199,191.55774,236.24635,21
178,11,235.59079,43.290794,182.96436,210.02448,226.91843,21
178,12,241.02258,53.884617,169.12361,186.3176,254.23009,21
179,1,274.0979,90.777115,160.93195,185.29669,262.8557,21
179,2,264.1291,63.73921,182.02203,225.278,248.67273,21
179,3,281.07632,41.387608,234.93425,249.71356,283.48547,21
179,4,320.84744,46.91987,267.29282,283.5366,315.64307,21
179,5,381.13306,55.68633,313.20227,340.4722,409.2291,21
179,6,324.7054,56.4552,241.77502,294.2478,327.6207,21
179,7,277.42987,50.418392,207.60603,244.24466,278.86603,21
179,8,259.92764,53.079727,176.64137,234.30124,271.44324,21
179,9,206.86172,40.740486,162.2745,171.25392,206.18665,21
179,10,175.6048,41.74035,128.51001,134.36725,174.12483,21
179,11,216.3109,54.79837,149.04488,157.50093,229.91933,21
179,12,230.78964,55.24288,162.97307,182.21333,238.23027,21
180,1,270.43137,78.76838,182.00441,208.64388,254.23132,21
180,2,260.63504,76.83838,176.01947,206.22853,260.72284,21
180,3,297.74536,46.78492,251.61041,258.3485,293.09863,21
180,4,315.7904,47.78379,269.9366,272.83813,315.14926,21
180,5,379.82523,60.534687,305.4496,314.59805,386.77252,21
180,6,354.36832,53.02575,274.4638,319.566,356.5168,21
180,7,317.58698,62.644726,247.97946,263.9378,309.08435,21
180,8,270.32715,44.085705,216.59944,235.72792,268.42792,21
180,9,221.99075,41.35832,173.99371,186.87816,220.88417,21
180,10,243.9461,50.064587,187.05717,204.29738,248.08218,21
180,11,202.02478,31.330988,165.24493,171.84273,202.20895,21
180,12,267.87564,46.503788,210.24387,215.6898,268.09064,21
181,1,271.06113,74.95671,189.29964,202.09082,267.58032,21
181,2,265.3276,82.89724,172.24628,195.3982,259.28647,21
181,3,293.52423,55.98185,230.93578,253.39522,288.88776,21
181,4,311.48383,59.919716,245.22893,263.24823,301.96033,21
181,5,371.01508,65.6858,271.68716,340.59,371.91867,21
181,6,334.19977,58.003826,254.36931,298.79672,329.5063,21
181,7,291.9222,48.91162,246.00111,250.48114,292.0965,21
181,8,248.55682,51.788338,199.18225,207.31056,239.37798,21
181,9,211.41411,44.34098,151.91212,175.98015,205.30379,21
181,10,210.37007,46.125443,167.53658,176.46237,201.35077,21
181,11,217.61421,35.68854,178.02946,188.44012,205.88124,21
181,12,266.64487,45.46016,208.39522,233.9077,261.67023,21
182,1,102.389465,75.02648,29.311579,38.171234,75.28555,21
182,2,82.83529,42.706623,32.7379,35.68496,82.903046,21
182,3,149.14307,49.811996,91.2421,105.20244,156.3678,21
182,4,277.41733,94.62039,171.16573,188.40457,262.44876,21
182,5,347.63092,92.2138,217.28047,288.67276,367.54178,21
182,6,331.443,64.30103,271.2223,289.52914,339.4545,21
182,7,275.85162,55.399372,201.04071,243.53424,264.28055,21
182,8,187.63707,43.072426,150.81085,159.68051,177.60568,21
182,9,124.41576,51.304573,65.13181,72.46575,114.91177,21
182,10,106.2138,36.24437,59.53556,84.13014,105.02052,21
182,11,136.80533,57.022682,60.574127,62.151478,150.91017,21
182,12,118.60426,86.189,41.867188,49.278595,73.327934,21
183,1,108.79499,69.58057,34.637207,45.85562,82.56561,21
183,2,99.688705,47.056347,43.24308,49.308056,93.46113,21
183,3,170.32257,53.552895,120.87402,130.59253,154.9001,21
183,4,296.6821,95.92471,197.9351,221.90361,281.70038,21
183,5,360.68536,107.23077,206.91792,287.38675,366.7974,21
183,6,340.63092,69.36645,266.01367,298.41278,347.64737,21
183,7,285.20615,74.176956,214.27618,229.16194,287.00998,21
183,8,181.47928,44.657753,141.90451,151.8204,181.98752,21
183,9,124.75321,47.306355,60.106953,95.18774,121.98926,21
183,10,100.689095,39.287548,61.514378,69.59677,100.53424,21
183,11,122.89281,51.940792,46.624603,60.189964,134.78851,21
183,12,121.94394,91.60013,44.310986,48.635963,72.666016,21
184,1,264.12546,69.794365,178.84824,209.93158,249.27335,21
184,2,246.38512,77.81587,160.48483,185.45181,242.92693,21
184,3,294.75644,44.36727,234.53947,259.23093,290.0645,21
184,4,308.01605,52.18556,251.54604,269.0812,299.89545,21
184,5,363.8411,59.96949,281.94348,313.64798,371.59247,21
184,6,336.95352,46.04196,276.80908,314.63705,325.89215,21
184,7,313.79584,48.91918,264.61624,274.09335,315.29938,21
184,8,262.98135,36.15495,223.27559,231.44092,263.05002,21
184,9,213.69945,44.097095,155.80974,163.14911,208.83354,21
184,10,224.65346,48.156307,176.61444,182.75587,212.897,21
184,11,203.46774,32.97287,169.62814,182.42108,197.0111,21
184,12,261.13885,44.629112,203.78946,224.0931,258.68515,21
185,1,247.29109,53.440464,186.94695,202.87122,232.32648,21
185,2,249.3577,79.4128,163.26506,189.6228,236.78148,21
185,3,300.58405,46.57864,242.23529,261.87616,299.39227,21
185,4,334.90698,57.072266,254.42906,290.20142,323.8566,21
185,5,361.39145,61.04077,297.90973,320.90823,365.65262,21
185,6,315.69745,30.32033,281.37366,295.1477,316.0432,21
185,7,309.10394,37.01318,274.17993,281.36758,304.57397,21
185,8,238.69408,33.210224,210.09554,227.30006,243.62085,21
185,9,207.23068,46.351265,137.47318,161.07327,215.88799,21
185,10,215.60422,48.11083,167.28836,170.34328,208.6465,21
185,11,220.11346,38.479095,174.75293,184.58049,228.46327,21
185,12,255.05574,49.486595,194.35802,231.01553,244.6993,21
186,1,127.27386,95.356346,40.199978,51.63612,90.7621,21
186,2,116.00846,57.172092,54.916626,69.904076,116.02706,21
186,3,165.5073,54.910786,106.5004,113.17226,156.14888,21
186,4,306.79135,101.256454,188.00415,202.96541,303.23697,21
186,5,344.28857,85.71116,238.32251,265.15317,361.19424,21
186,6,328.20505,61.876087,250.93408,282.7242,330.21237,21
186,7,262.81113,47.986347,201.84648,228.25163,259.06592,21
186,8,199.83235,44.31946,146.95694,162.70947,193.28352,21
186,9,125.229805,51.486473,62.5846,72.54317,132.14597,21
186,10,129.84895,41.60866,79.760895,95.08176,126.24913,21
186,11,151.38132,64.26818,62.816338,66.59686,163.5953,21
186,12,132.91348,91.20412,53.64441,58.936726,88.6641,21
187,1,130.67899,102.301994,40.16048,52.8375,95.39094,21
187,2,111.28766,53.80503,44.951714,68.601006,117.75252,21
187,3,167.49797,56.88516,107.43753,113.125725,150.20453,21
187,4,321.4893,98.21418,206.77737,210.17618,322.4837,21
187,5,340.2346,82.52799,240.18686,259.1783,364.6884,21
187,6,322.19217,61.676567,248.82684,275.70462,322.58026,21
187,7,263.0624,47.717934,215.44284,221.6963,259.75745,21
187,8,209.36218,36.81421,165.86552,168.8331,209.90503,21
187,9,121.14564,47.02453,66.37204,73.775406,131.57632,21
187,10,146.62283,47.463284,97.39941,99.23685,147.44328,21
187,11,154.73698,64.71332,65.086395,69.70211,165.89142,21
187,12,135.36012,92.19167,50.340927,61.287636,96.345146,21
188,1,281.68597,84.204636,166.34476,186.58563,285.06577,21
188,2,269.0471,72.45468,188.38953,209.40047,272.95407,21
188,3,286.47983,50.98271,235.72507,243.27536,264.6927,21
188,4,322.66727,57.812767,261.42703,286.69852,315.6624,21
188,5,370.64175,70.53779,286.91116,300.4756,373.44833,21
188,6,320.9936,57.036728,233.70468,264.10562,330.613,21
188,7,268.84448,44.68933,214.50528,237.70102,262.85068,21
188,8,198.18982,44.29434,158.96736,163.51384,207.1247,21
188,9,209.55153,41.38297,170.35295,179.8514,199.13434,21
188,10,211.8511,46.09325,157.67316,168.86159,212.50471,21
188,11,216.1603,47.9961,148.63052,172.4365,231.49576,21
188,12,269.5818,61.913063,200.78108,231.86586,265.98535,21
189,1,281.89886,88.83311,162.9308,183.87009,278.79718,21
189,2,266.1147,64.04535,195.85611,220.83192,268.74686,21
189,3,290.29138,45.265648,238.0461,255.13383,279.2021,21
189,4,317.66098,56.856255,257.36197,259.3015,306.72025,21
189,5,369.79947,61.46705,278.65814,329.61746,381.34656,21
189,6,319.95923,57.230064,224.79492,274.03113,326.4774,21
189,7,257.2207,44.852528,204.12895,218.38394,254.9433,21
189,8,204.1954,42.993446,159.11548,178.4219,211.10825,21
189,9,202.63416,38.50206,163.26027,173.93732,202.36879,21
189,10,194.2344,44.489025,141.6709,151.49797,190.36508,21
189,11,204.96068,49.97361,129.83049,162.90508,216.12938,21
189,12,256.139,67.598694,184.70016,214.44388,244.42368,21
190,1,164.51321,47.370804,102.25638,125.99205,172.28268,21
190,2,238.75241,63.3429,174.53876,193.26129,234.30731,21
190,3,311.24127,58.142227,250.33258,255.89163,303.46356,21
190,4,324.42416,49.927116,265.42303,286.03183,310.48416,21
190,5,314.91382,81.12625,220.09871,251.85498,320.36166,21
190,6,221.2929,63.41861,142.8829,163.39853,219.73912,21
190,7,171.17242,41.91105,126.82419,132.48944,173.34825,21
190,8,101.08494,29.477345,65.46902,75.963036,93.67002,21
190,9,72.13316,28.685566,40.713505,43.69865,73.36962,21
190,10,58.532784,25.447866,32.85118,38.97267,56.33399,21
190,11,59.83546,29.694246,25.730577,35.844444,52.055843,21
190,12,132.42659,46.26071,84.52296,101.20123,122.781395,21
191,1,164.0017,58.38767,104.63551,117.17347,172.04846,21
191,2,211.69124,50.683292,169.13805,174.19156,204.29237,21
191,3,302.35513,38.30917,245.0273,276.724,302.1761,21
191,4,318.77783,67.05655,234.97174,261.0538,333.69797,21
191,5,330.3662,82.974815,244.85736,282.4794,312.44827,21
191,6,217.94577,69.491066,141.53976,162.5473,209.51888,21
191,7,161.09395,41.215775,114.164856,120.07709,162.37741,21
191,8,103.630974,29.236322,65.398415,80.68261,103.34324,21
191,9,57.56199,19.859022,29.73599,41.69095,60.658295,21
191,10,49.99492,28.999607,23.80224,27.927315,42.0802,21
191,11,52.721878,30.970814,20.826626,29.47575,45.014954,21
191,12,103.736145,40.84565,56.964878,80.7996,89.648865,21
192,1,266.47562,87.67761,146.6068,178.24701,273.7527,21
192,2,254.08861,64.97381,182.7934,208.43365,255.53317,21
192,3,288.05844,43.297375,236.24455,251.32628,282.9857,21
192,4,316.27936,62.382732,244.06267,247.06052,308.72174,21
192,5,349.11346,47.397705,289.97485,300.7484,352.33377,21
192,6,280.5727,52.356617,203.99721,228.09064,298.91977,21
192,7,231.36989,50.26691,182.57039,187.81866,228.53256,21
192,8,183.48016,36.34076,143.61768,160.76912,184.1189,21
192,9,181.91092,30.782503,150.79317,162.67453,174.31161,21
192,10,179.30615,45.239864,122.037575,142.05118,173.52077,21
192,11,196.07527,60.714428,117.22871,144.46088,203.16579,21
192,12,222.35968,68.727066,138.36081,173.92615,217.70654,21
193,1,289.4777,68.55963,205.80414,212.56242,301.54813,21
193,2,280.76526,67.059044,217.16602,228.12639,286.63574,21
193,3,302.75433,41.023712,248.63771,262.4798,311.8374,21
193,4,325.82303,59.944458,247.90204,280.4174,314.21423,21
193,5,350.77536,41.604782,302.40695,319.63995,356.60602,21
193,6,290.5806,44.54784,223.21758,240.79591,299.63153,21
193,7,276.4595,38.35401,236.19728,251.94188,270.1561,21
193,8,209.7179,41.797493,172.68454,187.0558,204.17218,21
193,9,204.04227,31.223265,171.94203,176.01093,204.67612,21
193,10,202.3995,35.882523,154.1667,177.8048,204.99042,21
193,11,211.63005,39.081676,155.73209,176.83424,209.78455,21
193,12,273.61505,53.372032,214.9275,217.81519,263.00394,21
194,1,140.69475,54.747917,77.54674,93.48263,139.24055,21
194,2,212.44017,54.92101,153.77925,177.20224,202.77187,21
194,3,309.75177,45.435986,256.26733,279.16202,303.45697,21
194,4,317.33926,77.05457,231.54025,259.32895,321.38333,21
194,5,317.77438,90.57091,212.31084,234.81294,310.3268,21
194,6,192.11171,55.72721,135.30087,148.3454,178.69048,21
194,7,146.77711,40.32217,95.31466,105.69203,146.18373,21
194,8,85.89335,26.836535,56.7842,62.012135,84.95855,21
194,9,50.669514,18.556654,24.463984,32.82448,51.361378,21
194,10,43.04316,24.900532,17.7723,25.165146,35.22621,21
194,11,53.31611,30.66229,21.161201,35.386288,41.043617,21
194,12,109.26337,49.770046,55.829212,72.36482,94.14896,21
195,1,140.72995,56.91844,80.96997,98.667786,123.53874,21
195,2,208.71379,63.30645,135.41454,163.77608,193.68526,21
195,3,299.15402,52.733425,249.92764,257.45425,292.4122,21
195,4,314.18997,75.16104,228.55896,246.53423,332.12213,21
195,5,297.68597,90.97159,196.37065,208.388,317.40768,21
195,6,189.30605,52.810528,130.82541,141.49438,176.98245,21
195,7,138.02238,43.97063,82.62309,91.6402,132.96796,21
195,8,72.53219,22.606586,48.50937,58.775414,64.913925,21
195,9,47.84647,19.689539,20.976416,29.543633,44.346397,21
195,10,37.837082,16.407578,22.90726,23.556366,33.666134,21
195,11,49.783012,26.846525,19.006104,30.446274,41.609196,21
195,12,86.99119,43.050133,42.62953,63.893578,72.80008,21
196,1,127.21105,71.39626,42.486347,53.48399,111.91145,21
196,2,158.70389,78.21685,49.260307,93.75933,152.57274,21
196,3,236.64851,62.74991,182.72289,192.252,225.73734,21
196,4,326.59402,99.30021,232.21442,239.8789,313.71024,21
196,5,386.26135,131.77412,206.09532,300.51572,382.15463,21
196,6,298.13403,85.462166,212.6814,226.85786,302.51382,21
196,7,221.69917,58.042645,154.65248,170.99129,230.82025,21
196,8,141.15088,40.48798,109.353935,115.81095,137.81648,21
196,9,92.45399,32.85027,48.007523,66.67518,90.552376,21
196,10,89.85032,38.434906,45.81566,52.472847,94.45449,21
196,11,82.33879,40.443363,33.3049,37.171535,85.58918,21
196,12,88.66317,66.11614,32.601295,36.675423,62.38781,21
197,1,129.04933,74.39773,42.266193,53.090313,118.87929,21
197,2,164.19792,60.149513,80.09302,117.85401,172.10683,21
197,3,232.42365,61.105133,156.98618,192.53194,210.34296,21
197,4,325.57703,101.1938,210.70883,225.11165,325.44498,21
197,5,370.34537,113.659645,202.7916,279.0668,389.759,21
197,6,289.25064,81.03039,200.3235,236.825,295.75253,21
197,7,226.81364,66.15327,155.53233,161.39569,228.3858,21
197,8,148.80736,42.227634,100.34129,120.570786,145.01512,21
197,9,112.16854,40.463604,58.22936,83.02876,110.33086,21
197,10,80.02668,26.663568,51.131695,58.03231,83.94248,21
197,11,94.83373,41.136677,39.015427,47.56516,106.6701,21
197,12,112.16912,78.39646,46.15497,53.253147,74.17169,21
198,1,132.30656,75.613235,43.25142,62.10952,118.748985,21
198,2,119.564606,62.76272,36.20811,58.409397,122.5782,21
198,3,171.52295,54.275898,118.82896,130.34105,163.20006,21
198,4,298.26266,66.28955,206.83401,243.55826,287.52783,21
198,5,343.3532,61.07628,272.88245,300.54666,342.15405,21
198,6,272.15146,55.262737,224.1941,237.03374,265.08206,21
198,7,242.19475,38.86816,187.83221,204.28265,247.00609,21
198,8,217.11346,36.065647,183.91946,193.29462,218.16827,21
198,9,182.60184,36.942364,143.05298,160.8115,172.72134,21
198,10,122.742836,29.613438,96.28912,102.9639,124.58513,21
198,11,138.9488,39.93439,95.57429,109.85456,139.02998,21
198,12,161.18414,84.3901,73.82185,95.35001,127.972084,21
199,1,210.70686,80.629005,103.660675,128.96216,219.84682,21
199,2,188.76035,74.5758,100.621635,128.78699,169.33545,21
199,3,272.45398,49.72843,225.59888,230.50893,253.08191,21
199,4,315.73907,59.12513,232.15985,272.81134,314.46793,21
199,5,313.136,50.381237,266.94995,277.8869,314.71063,21
199,6,272.56918,53.779457,229.36646,239.80751,266.72464,21
199,7,245.35649,39.70194,199.5867,210.66821,246.84995,21
199,8,192.7013,36.881824,147.26608,154.7035,205.97218,21
199,9,163.79964,33.691315,118.3409,134.3456,160.7102,21
199,10,151.11612,28.35361,123.19195,136.23836,150.40549,21
199,11,201.45593,52.641407,149.1427,153.54887,186.78966,21
199,12,192.3683,55.487297,144.49684,149.7347,170.7635,21
200,1,215.50256,73.23795,109.99357,149.62856,218.79509,21
200,2,203.06595,56.268097,131.66124,168.6817,188.06665,21
200,3,259.38605,36.344856,219.05275,221.55396,260.30524,21
200,4,294.52972,58.73921,233.43631,242.45505,274.2667,21
200,5,328.1807,48.663177,265.89017,298.44366,326.8478,21
200,6,278.06683,55.435753,202.00911,215.54817,288.22098,21
200,7,230.69487,52.848087,177.4556,190.86699,220.38026,21
200,8,193.29648,34.410923,154.8437,173.64612,192.8766,21
200,9,177.16745,29.641941,144.31094,157.30818,173.12828,21
200,10,135.69186,34.98055,100.4982,107.46087,128.13719,21
200,11,182.81209,58.20368,110.53577,134.9892,187.18639,21
200,12,208.62279,65.46752,144.88269,151.71202,202.84763,21
201,1,294.94446,67.88273,205.9755,233.47726,297.81958,21
201,2,276.4844,52.50336,218.80107,232.47961,290.69363,21
201,3,303.85956,45.48084,243.69856,275.34818,298.88574,21
201,4,330.30984,44.167538,270.6425,285.00714,330.7912,21
201,5,337.59778,43.802715,277.59573,302.6276,337.00244,21
201,6,289.5368,38.090466,237.23456,260.07446,287.1158,21
201,7,271.19748,39.17563,219.19324,241.7,274.748,21
201,8,217.4983,35.47491,177.78496,185.14035,208.7377,21
201,9,203.2464,35.926052,167.72241,168.7859,196.36115,21
201,10,209.39676,33.77987,175.1515,186.04063,202.25594,21
201,11,249.92715,45.299267,194.58406,211.82108,239.26633,21
201,12,279.93167,58.953228,202.26572,227.14554,287.03064,21
202,1,145.27234,99.50926,36.191765,56.918,124.50037,21
202,2,154.81448,82.09824,56.12431,63.35638,157.5186,21
202,3,224.31308,84.41665,144.752,158.38669,220.0053,21
202,4,313.29614,57.53095,260.2307,278.8221,295.98474,21
202,5,363.47467,68.21649,261.73953,301.3879,365.58255,21
202,6,311.44116,62.617577,260.23206,267.07205,304.23087,21
202,7,243.62833,35.78205,206.90622,224.71268,236.03673,21
202,8,207.27855,42.592907,169.23006,170.57423,212.13211,21
202,9,153.27725,41.562756,110.856926,117.95251,147.94968,21
202,10,131.53809,37.004593,93.59523,113.23228,123.61285,21
202,11,151.95723,47.392365,101.65697,120.33381,141.36888,21
202,12,140.10724,91.35507,55.97286,65.65076,103.878525,21
203,1,143.92638,106.03611,32.81547,56.19601,125.44075,21
203,2,129.15396,78.00779,37.980618,45.435314,133.89503,21
203,3,187.90588,65.82003,116.56425,144.91035,178.26746,21
203,4,294.99103,55.05861,216.73463,254.01971,301.2806,21
203,5,360.8771,72.468925,263.9066,299.18942,364.05353,21
203,6,297.8554,61.087486,248.77174,251.55124,292.92236,21
203,7,231.06364,38.5349,176.58278,187.80562,225.97893,21
203,8,204.96991,32.170418,170.37851,183.79695,205.5604,21
203,9,177.62715,41.435116,133.32506,141.4607,177.20166,21
203,10,138.05089,38.269356,113.02607,115.7739,131.33467,21
203,11,139.58615,46.147396,91.779076,110.16933,137.54323,21
203,12,138.35602,84.54299,55.17611,68.36515,105.98219,21
204,1,182.12811,71.072334,100.535126,105.87117,189.15056,21
204,2,170.75653,52.49528,107.68587,137.90811,170.42267,21
204,3,222.27649,34.12966,187.0541,192.98648,212.35594,21
204,4,299.6094,49.74379,260.75296,263.3306,289.3663,21
204,5,324.78827,49.914486,262.5712,288.7766,322.05627,21
204,6,274.60565,47.36408,214.68013,225.19858,278.4987,21
204,7,241.99173,38.75104,203.07747,217.02823,234.14409,21
204,8,187.78084,21.291168,162.94249,174.7867,194.13232,21
204,9,167.70534,28.575542,128.72893,149.28714,172.37218,21
204,10,138.72319,29.216251,110.89694,117.632744,139.51576,21
204,11,180.96109,50.07208,127.55046,150.94875,175.39629,21
204,12,191.45892,64.86268,119.99328,135.55563,170.6919,21
205,1,277.0189,90.621574,186.66127,189.28989,279.46906,21
205,2,243.15767,73.21885,157.69688,180.70827,244.90352,21
205,3,296.49362,47.659016,233.32262,258.09836,285.38562,21
205,4,332.67175,57.704826,274.0091,303.44797,315.6382,21
205,5,326.2754,59.389214,245.38806,274.16678,338.43216,21
205,6,275.99927,48.58283,222.0803,236.89682,276.46576,21
205,7,239.9149,45.42052,189.27094,207.15932,236.24142,21
205,8,184.31361,27.74545,144.93565,160.87636,189.42793,21
205,9,181.4243,39.273045,134.42274,142.2709,185.98611,21
205,10,179.88362,38.014614,146.81332,152.41005,169.97998,21
205,11,211.07164,57.50378,150.89046,170.09273,204.62442,21
205,12,241.32803,63.27704,174.954,184.64699,229.7211,21
206,1,191.69197,52.832066,118.56601,144.73083,200.80568,21
206,2,270.82297,70.383064,200.00763,215.57141,254.25464,21
206,3,308.38477,62.150314,229.57237,251.6362,311.7329,21
206,4,335.00735,48.662476,277.93268,296.99545,343.0362,21
206,5,312.427,73.015656,204.05942,277.8505,319.93082,21
206,6,227.4714,58.997734,146.08574,190.41037,215.31206,21
206,7,185.6693,58.481636,106.651024,143.58324,176.00098,21
206,8,86.30943,26.261515,58.789448,64.816,78.26622,21
206,9,58.31937,19.216806,35.072784,45.36878,61.958073,21
206,10,55.92344,21.329245,28.813873,37.615105,55.36794,21
206,11,58.41374,33.51304,18.75849,35.27164,46.520535,21
206,12,134.74838,52.694557,86.66186,96.20491,117.30723,21
207,1,166.07712,58.196804,98.37261,121.56982,177.77373,21
207,2,246.20605,68.92355,175.0301,197.9548,231.9823,21
207,3,307.03323,54.464333,245.25125,262.25092,310.4831,21
207,4,325.93765,52.18928,257.24268,277.5218,336.9131,21
207,5,316.12582,67.39203,221.58153,263.69528,308.66956,21
207,6,224.2337,56.994175,140.48952,179.34964,217.52919,21
207,7,184.5547,48.466255,117.85369,140.88004,187.95345,21
207,8,83.51579,26.409428,54.562675,64.09214,78.98204,21
207,9,48.717976,18.684252,23.02682,26.35484,53.565414,21
207,10,49.409454,24.42775,26.047457,27.479511,43.50118,21
207,11,57.421333,30.83939,15.147837,37.729797,50.518913,21
207,12,116.5457,48.429306,77.80325,81.61918,109.97591,21
208,1,150.9864,99.16221,41.10793,62.81325,117.67784,21
208,2,166.22562,71.02039,96.258606,109.281845,147.31657,21
208,3,232.86967,90.818665,169.29175,175.38217,221.82567,21
208,4,354.84897,91.66026,243.44115,273.9288,370.04135,21
208,5,359.97122,75.11736,259.03812,294.49286,347.70636,21
208,6,302.05994,59.51151,229.93872,252.0464,300.92877,21
208,7,248.8508,47.824852,205.65157,212.30414,254.6294,21
208,8,206.09836,47.34412,152.46881,168.32913,198.17894,21
208,9,144.15353,54.22165,75.57402,93.75652,138.9221,21
208,10,158.08342,44.847748,101.68978,121.31204,152.27652,21
208,11,165.64474,66.34458,72.64659,105.28165,160.05595,21
208,12,146.86882,76.666916,77.196976,86.30965,102.93565,21
209,1,160.62073,92.218704,51.789707,72.33079,141.21878,21
209,2,177.37686,66.19649,106.74563,111.75233,171.18059,21
209,3,242.098,72.895226,176.40144,186.41695,234.54263,21
209,4,350.92105,103.29941,224.26974,246.20357,372.37125,21
209,5,354.3745,86.12088,229.3803,285.5738,361.2783,21
209,6,279.8072,71.85623,191.53285,249.2246,265.17288,21
209,7,229.35454,53.52928,178.09087,193.96832,226.0278,21
209,8,162.17079,44.60973,102.45968,116.5054,164.39948,21
209,9,149.92917,57.075596,83.13457,104.726685,137.50137,21
209,10,119.81915,34.804043,79.01807,95.53474,112.55953,21
209,11,138.24348,53.449535,58.2793,90.10379,156.08197,21
209,12,144.39459,76.61835,72.28069,83.79469,111.297775,21
210,1,173.22969,106.25299,41.182068,76.01399,185.60281,21
210,2,186.44897,76.46475,101.79885,132.80832,165.12756,21
210,3,247.05322,83.604034,163.17258,198.66508,239.24031,21
210,4,373.60278,97.20614,263.55966,292.16467,351.03284,21
210,5,363.1806,84.170135,254.8442,299.5401,376.3006,21
210,6,288.34955,59.99463,216.53996,243.7618,281.76114,21
210,7,234.27428,42.651417,183.3927,209.27461,236.82858,21
210,8,180.09785,50.24443,138.3222,155.99918,174.2187,21
210,9,165.48494,49.311657,96.13466,120.022606,165.73595,21
210,10,154.62886,46.837326,95.66873,105.973526,149.0916,21
210,11,166.76013,62.371582,88.90508,108.26961,171.44667,21
210,12,142.17662,68.616425,77.57128,81.92805,132.18033,21
211,1,152.99522,102.07238,44.89489,64.7524,122.90953,21
211,2,146.8599,62.171196,78.13949,94.4424,137.46689,21
211,3,218.61174,79.735306,154.99934,163.22879,195.32253,21
211,4,339.55045,80.35442,246.20671,262.91058,346.52686,21
211,5,353.81686,67.09512,256.2048,312.04388,351.2627,21
211,6,307.5186,57.307865,239.28288,267.99628,311.6286,21
211,7,252.34135,45.159405,209.30249,219.64941,254.01772,21
211,8,209.86044,45.864307,145.25174,176.73317,203.19775,21
211,9,138.94617,49.09026,84.23163,90.9988,136.39203,21
211,10,151.39853,42.58592,97.32727,117.47294,147.57722,21
211,11,159.99208,60.99676,76.44153,100.431,152.25203,21
211,12,150.48851,82.12358,69.495155,83.90984,112.80241,21
212,1,172.22043,85.08888,83.11503,92.66208,162.84935,21
212,2,151.14612,81.35765,43.886852,61.72556,154.28062,21
212,3,244.90793,71.07482,180.82271,184.69435,246.35338,21
212,4,285.31726,58.887566,208.73795,238.44305,289.3662,21
212,5,333.55356,63.37098,270.90936,278.24103,322.75,21
212,6,275.99573,65.00122,228.22775,241.30457,270.06436,21
212,7,227.45117,48.445133,171.17476,187.88394,223.52309,21
212,8,170.90935,35.830757,131.84636,149.08533,177.8703,21
212,9,135.85149,29.313694,106.61434,112.56833,131.61646,21
212,10,131.72076,31.267899,103.08662,118.373344,128.8713,21
212,11,151.64343,40.059513,111.11843,122.1344,145.66904,21
212,12,141.93474,64.62509,78.75748,88.335526,122.6399,21
213,1,156.38387,85.57968,63.05586,86.64769,127.97521,21
213,2,172.92427,80.801506,68.814804,81.685036,188.69403,21
213,3,258.24814,85.81945,173.66649,182.67342,234.43954,21
213,4,315.16318,63.662468,255.13869,265.78802,307.30194,21
213,5,379.76294,82.41049,260.24,340.02652,369.12628,21
213,6,294.52292,58.83538,252.76804,259.55823,296.00253,21
213,7,227.86472,46.40039,187.7474,194.64932,220.00484,21
213,8,187.99109,46.656727,144.28746,146.58646,166.73799,21
213,9,150.37274,35.88003,114.1153,123.741104,141.53381,21
213,10,143.91316,34.856514,112.9621,118.303925,141.03696,21
213,11,147.63605,42.222755,107.337204,113.867775,149.54503,21
213,12,141.34633,74.81835,67.317406,72.58523,127.20764,21
214,1,174.49284,83.23498,82.03642,97.65229,158.36569,21
214,2,161.85475,72.779335,59.222107,96.77136,162.48886,21
214,3,267.11566,77.919914,190.11136,205.56805,237.43393,21
214,4,298.35434,64.050285,227.5441,260.61462,278.11368,21
214,5,375.4983,87.52333,239.23085,312.25912,364.24835,21
214,6,280.89615,63.90925,222.71164,234.36327,273.74713,21
214,7,211.40562,44.9067,164.78642,170.33801,215.28671,21
214,8,148.06683,37.6591,107.72389,117.397575,138.78372,21
214,9,141.77205,29.49376,109.57025,116.00051,148.92908,21
214,10,147.81233,37.6153,115.6761,126.076904,145.3863,21
214,11,156.85162,50.111824,106.305115,125.02336,147.30415,21
214,12,145.5137,70.519936,73.610855,82.89134,131.55157,21
215,1,211.1176,83.831085,110.592445,112.008354,213.71901,21
215,2,189.98778,85.542984,80.80637,116.32464,180.59798,21
215,3,266.3514,63.92912,210.23795,220.11766,246.66415,21
215,4,285.21326,46.41259,231.29088,232.62263,293.92776,21
215,5,314.3015,54.409203,249.97351,270.0058,302.3278,21
215,6,274.71716,64.74729,196.76056,246.74727,264.35742,21
215,7,250.28635,45.764236,198.94958,217.7181,256.78375,21
215,8,176.14737,36.586,120.827,147.28639,177.80986,21
215,9,153.48029,32.377914,101.589874,137.12482,151.82655,21
215,10,151.65735,27.864462,121.634346,131.92375,153.25894,21
215,11,191.78743,49.644543,145.39844,155.65538,176.98611,21
215,12,181.37675,55.459198,128.81119,133.96861,168.56491,21
216,1,180.17752,88.947716,49.486435,91.761154,185.77971,21
216,2,216.77002,61.528397,150.88281,157.96268,222.56268,21
216,3,375.0201,94.5436,226.2231,314.06537,375.35208,21
216,4,380.1228,94.37461,268.6361,293.94788,388.20325,21
216,5,417.5651,86.38735,326.20425,352.33273,418.9902,21
216,6,283.71182,78.714096,188.5499,228.08347,279.04477,21
216,7,208.21419,55.037163,142.04141,154.14001,215.34236,21
216,8,132.30032,42.282635,82.967926,104.95606,120.16165,21
216,9,81.79167,38.988186,30.58583,42.52946,83.23156,21
216,10,74.941055,32.024124,35.202488,51.045124,68.87808,21
216,11,92.12355,42.347153,38.35197,63.359867,85.161514,21
216,12,111.770065,72.99825,47.543274,52.658104,85.52085,21
217,1,178.99655,81.94205,72.097435,97.20699,192.10814,21
217,2,186.6033,57.809937,114.304,138.14383,182.53474,21
217,3,316.0223,85.01209,195.63646,251.80296,304.7634,21
217,4,368.71988,102.90069,211.03981,290.2317,378.76904,21
217,5,439.6582,123.32213,269.15845,355.1621,435.71033,21
217,6,305.69223,95.512405,185.97008,215.3465,303.29953,21
217,7,213.3035,72.55778,113.09986,177.75613,189.2805,21
217,8,142.60136,50.402367,96.10005,104.71555,135.59033,21
217,9,67.864204,26.666002,32.87961,42.55342,66.09715,21
217,10,55.914642,24.263866,31.36207,35.652252,49.553978,21
217,11,78.20455,37.814312,28.914444,43.266216,71.44428,21
217,12,94.3809,68.096344,33.21695,45.937798,68.39606,21
218,1,241.51102,105.60087,126.98627,150.10475,256.96762,21
218,2,274.69855,59.738518,199.60983,211.27805,283.46378,21
218,3,425.36392,95.77707,307.65497,322.61502,437.3719,21
218,4,389.96893,64.27794,276.47076,321.81436,399.95593,21
218,5,351.21774,99.081406,262.99463,263.21854,330.584,21
218,6,207.9202,66.4811,151.62245,161.05057,212.33965,21
218,7,133.30498,47.64496,80.490204,86.29023,131.4736,21
218,8,90.57422,33.292755,57.299248,62.86582,93.37029,21
218,9,81.89276,35.71909,31.73519,37.430573,81.956436,21
218,10,92.14728,35.037365,39.745163,67.54154,92.70831,21
218,11,112.28325,50.825306,76.909256,78.659706,99.650734,21
218,12,142.05655,78.38475,68.98415,85.26908,118.30269,21
219,1,153.41661,74.426704,48.901115,93.04487,150.3728,21
219,2,189.62683,69.64664,104.326485,125.84077,176.72345,21
219,3,302.53595,80.452095,180.93538,262.09946,284.9766,21
219,4,345.794,97.81593,238.10289,261.85294,320.74365,21
219,5,399.87253,102.19953,258.13736,356.19882,394.53482,21
219,6,282.8927,72.60892,190.39732,235.87082,298.15253,21
219,7,217.52786,50.286663,163.03668,167.18462,215.77686,21
219,8,122.492226,39.16854,77.02818,96.75921,117.85635,21
219,9,85.847595,34.32575,41.000492,48.39404,78.51387,21
219,10,69.6627,27.751776,35.25017,46.600185,66.33416,21
219,11,78.331436,37.197166,30.96012,41.63621,82.0296,21
219,12,94.046165,62.05024,40.49831,46.782585,67.87089,21
220,1,180.1289,84.5423,87.72652,99.85391,165.33488,21
220,2,166.27168,68.83395,91.1731,106.83544,153.10635,21
220,3,257.12006,62.98321,192.26791,204.14706,245.5809,21
220,4,301.51697,60.774376,233.62064,251.66684,290.3004,21
220,5,350.68423,77.42664,259.7491,291.5003,357.43112,21
220,6,292.47363,66.67489,230.64468,245.63672,293.07483,21
220,7,191.2312,39.296906,146.01228,148.74455,194.0156,21
220,8,128.87581,31.936062,99.21479,105.514404,115.29484,21
220,9,122.92698,28.804308,93.17672,96.50669,126.351326,21
220,10,146.0363,34.856453,102.3587,118.30559,148.5461,21
220,11,154.59041,45.43327,97.23913,124.80975,146.07806,21
220,12,135.63974,62.455166,74.72155,84.55514,121.97694,21
221,1,167.88158,83.483795,67.58585,88.83143,160.07738,21
221,2,165.83894,69.470345,89.508255,102.84754,156.7301,21
221,3,261.18903,63.759613,198.15019,211.0126,246.91756,21
221,4,312.46393,65.03272,248.6805,262.23846,308.24573,21
221,5,367.86176,81.87191,254.0399,327.69632,351.33542,21
221,6,284.77515,62.999714,222.91078,242.20146,294.18295,21
221,7,195.40504,42.204563,150.1636,159.15315,202.11217,21
221,8,142.92285,35.941692,110.93115,117.10375,124.80209,21
221,9,127.433685,33.660717,89.30115,94.446236,131.62897,21
221,10,147.22897,36.29366,103.431404,123.5652,144.0289,21
221,11,156.75064,48.35359,102.504875,118.55338,148.5433,21
221,12,135.18661,66.65321,67.98814,77.19926,119.83248,21
222,1,166.06528,77.61491,76.50394,91.881195,171.9666,21
222,2,154.43782,64.151634,86.999626,103.32547,144.22287,21
222,3,255.32404,50.56053,215.5403,231.77773,244.23941,21
222,4,312.3759,75.46798,227.178,256.22772,296.83307,21
222,5,316.68198,70.025085,239.01768,271.3625,306.81445,21
222,6,268.50403,71.24056,193.72087,224.39874,261.2588,21
222,7,166.76295,37.572224,128.10574,138.46725,163.50795,21
222,8,120.61413,27.26351,93.04396,103.42873,112.999214,21
222,9,95.06564,29.690136,59.887737,80.36711,89.37067,21
222,10,133.09743,37.000515,77.495514,109.08246,134.03706,21
222,11,150.10135,47.685036,94.80117,109.2835,145.72455,21
222,12,129.03038,54.155697,74.433136,92.08325,113.15552,21
223,1,204.82272,83.64605,107.91279,124.07008,189.77945,21
223,2,172.83385,75.98282,77.786606,105.39973,174.24226,21
223,3,264.6576,67.081535,197.88731,216.80356,249.927,21
223,4,303.49545,50.484047,239.31487,263.28723,306.8378,21
223,5,324.55786,59.555645,268.77475,279.12683,318.59418,21
223,6,281.69714,68.28839,205.24104,245.91283,280.2983,21
223,7,214.18156,37.496464,171.9494,189.54938,214.86284,21
223,8,139.99503,27.258034,110.89351,118.02783,133.75264,21
223,9,142.34944,31.782661,97.36258,110.45967,151.32954,21
223,10,151.89352,30.345818,103.08423,130.29611,148.35004,21
223,11,184.13046,50.63206,140.78476,150.50447,179.22397,21
223,12,164.73605,60.4111,99.10976,115.06929,147.07991,21
224,1,189.68962,86.70051,80.51492,117.39813,190.16246,21
224,2,184.41907,78.873505,93.47025,111.3842,165.9686,21
224,3,278.0989,55.173496,239.33875,252.25322,265.44376,21
224,4,324.86615,77.01286,244.19199,245.65247,323.6991,21
224,5,311.39545,62.49863,225.51085,272.01056,303.25412,21
224,6,263.7182,72.00763,214.25356,217.66933,255.87036,21
224,7,177.06546,41.294422,135.19601,143.78789,178.8872,21
224,8,132.08748,28.792927,106.946,109.81132,121.638596,21
224,9,101.51796,29.541178,58.328392,83.042145,102.584175,21
224,10,138.64189,37.768143,89.59616,107.69729,138.96674,21
224,11,166.86295,51.38799,113.9403,125.40318,162.28728,21
224,12,152.02979,55.845318,87.90025,114.87819,140.27756,21
225,1,148.03456,91.57196,39.662563,59.326225,133.149,21
225,2,158.45274,72.35647,66.39348,95.29904,171.96436,21
225,3,235.43248,73.97659,164.24924,174.18272,231.10635,21
225,4,320.10022,60.052334,248.49475,287.62216,303.35663,21
225,5,369.08017,65.31251,276.90366,323.22,368.26843,21
225,6,303.03082,58.492973,245.59526,258.07776,307.5019,21
225,7,229.79123,36.709534,189.90524,199.89142,222.02817,21
225,8,198.59665,43.731472,152.50034,161.08217,193.31174,21
225,9,143.89664,39.14844,101.0837,111.469055,148.33015,21
225,10,143.92178,39.751926,101.172226,113.77011,143.18776,21
225,11,160.37848,48.132263,111.86609,119.57149,150.06866,21
225,12,134.05356,79.55545,61.72029,63.362408,95.4321,21
226,1,141.82884,101.83049,42.021893,53.316692,108.668,21
226,2,135.72603,64.03715,52.795174,72.591125,138.4587,21
226,3,201.97346,66.07343,140.92928,148.90666,193.96277,21
226,4,316.37457,65.27831,225.99399,264.00372,322.83813,21
226,5,352.84515,64.49124,247.85063,301.49377,357.52005,21
226,6,313.2955,58.396976,253.99324,274.51105,309.7173,21
226,7,253.4173,37.081043,212.4559,221.71577,254.86398,21
226,8,209.41966,37.04492,156.08325,177.58006,216.66017,21
226,9,156.44395,46.52938,110.94056,113.55072,164.29536,21
226,10,145.5019,45.05579,94.68214,121.70142,138.828,21
226,11,155.8446,52.902184,97.311325,106.39568,155.71037,21
226,12,140.06395,88.470505,60.166794,67.25205,95.55876,21
227,1,178.22923,82.68497,74.44596,111.8028,181.66483,21
227,2,191.20244,76.53019,105.1974,120.602875,178.65767,21
227,3,284.91565,67.78999,226.99066,239.01422,276.2791,21
227,4,319.94434,76.310555,230.99243,268.15402,306.26443,21
227,5,318.40723,65.38556,242.74544,262.6695,319.55386,21
227,6,249.01273,65.23533,193.29567,205.26901,230.80243,21
227,7,173.40082,41.622036,132.17625,140.6825,179.5561,21
227,8,122.98183,23.386662,99.91493,104.714935,118.165504,21
227,9,95.66544,32.827274,54.60244,77.98177,90.73427,21
227,10,132.23294,39.00108,74.564026,102.64657,128.04553,21
227,11,158.0001,51.717922,103.71687,114.88334,152.39763,21
227,12,158.88055,62.082035,78.321976,105.33,151.68849,21
228,1,176.57288,54.88335,121.46573,125.352036,170.89343,21
228,2,208.36617,63.339096,114.333,168.5916,207.50488,21
228,3,314.81943,44.16628,258.24304,292.79773,327.55368,21
228,4,369.39587,44.0043,332.18494,338.6481,376.23373,21
228,5,400.90192,53.412132,347.457,356.5145,399.354,21
228,6,368.7662,25.785618,346.37265,355.88037,365.55896,21
228,7,338.6254,36.079765,298.95087,299.67123,344.7951,21
228,8,281.32443,38.766483,233.00093,257.57254,281.54944,21
228,9,243.09323,30.914862,202.99142,223.09166,247.44249,21
228,10,264.39572,33.241936,226.41887,236.27127,266.25775,21
228,11,237.53084,31.75222,205.26297,208.94527,233.25124,21
228,12,214.14816,39.54588,171.30655,179.16414,219.92758,21
229,1,204.33415,61.265846,105.0284,155.95258,216.28078,21
229,2,260.34952,67.89707,199.50977,209.35495,253.73814,21
229,3,311.95935,56.915604,250.35324,270.12503,306.3552,21
229,4,353.24335,66.312126,293.30405,312.08322,337.76288,21
229,5,323.86682,63.49342,240.12115,263.36417,315.11804,21
229,6,247.1266,60.571182,171.07417,190.81944,251.03136,21
229,7,187.5955,53.306114,113.92358,150.10574,180.5195,21
229,8,95.0506,31.220417,54.47751,72.60981,97.38104,21
229,9,50.123646,18.116112,25.289175,37.244534,51.373547,21
229,10,40.01565,19.75117,23.037798,28.40996,33.756817,21
229,11,63.101128,35.76316,13.485735,39.763096,54.247097,21
229,12,129.05807,56.541706,65.28554,87.85661,121.83339,21
230,1,196.45007,63.984905,83.76751,142.8857,212.74582,21
230,2,256.3436,70.24682,180.68878,209.14218,244.85777,21
230,3,307.1226,63.97632,246.90613,266.94354,289.3319,21
230,4,366.0799,87.92799,276.06793,317.7929,348.10248,21
230,5,321.77856,60.22463,248.21677,270.23828,313.39728,21
230,6,236.69594,70.77528,170.41731,179.72188,224.03828,21
230,7,162.54948,55.298977,97.16703,118.97292,156.83702,21
230,8,84.83753,27.936653,51.64478,56.529232,82.27364,21
230,9,59.094097,22.058992,28.763783,47.999332,57.51386,21
230,10,37.291203,19.333843,17.351385,25.305407,33.023586,21
230,11,58.817596,35.028465,16.496452,30.857439,52.252213,21
230,12,115.73668,50.61381,45.782825,67.74168,117.28851,21
231,1,262.79614,89.81067,123.481995,169.51541,292.6181,21
231,2,263.53635,60.131893,205.44147,211.59946,267.16864,21
231,3,335.12134,67.61887,251.84386,276.35422,337.63025,21
231,4,387.7527,85.678444,313.38327,325.87152,380.1497,21
231,5,330.9577,59.320797,266.57993,288.2052,337.47052,21
231,6,237.05566,72.49511,171.33965,186.61551,234.69092,21
231,7,159.7952,63.408825,93.3189,118.85452,140.3465,21
231,8,82.62838,22.319775,62.49186,66.47275,77.60836,21
231,9,81.603165,29.160166,36.742256,61.28836,85.0934,21
231,10,45.419147,23.431808,24.635078,28.382769,37.6059,21
231,11,64.253075,44.043915,18.50907,29.615332,53.81753,21
231,12,129.4146,57.154385,66.00476,76.547195,116.00052,21
232,1,248.56117,77.70938,100.983116,197.27045,267.7828,21
232,2,272.69357,59.746765,213.71933,236.20477,266.5651,21
232,3,330.22147,68.45273,254.6456,269.2199,316.27304,21
232,4,379.803,86.97791,278.31476,302.99463,390.69327,21
232,5,319.75568,68.05559,234.61548,274.60806,310.1553,21
232,6,233.20087,71.33909,167.58693,174.86731,220.37924,21
232,7,142.54868,58.031124,88.85251,103.39793,126.47099,21
232,8,74.64034,20.741116,51.190636,59.492172,67.98042,21
232,9,68.100945,29.448711,27.65642,50.610374,70.45169,21
232,10,43.577377,22.375132,24.908949,26.650352,37.211277,21
232,11,62.638863,39.452034,25.182154,32.058617,62.298615,21
232,12,121.73056,53.706722,57.031326,72.36327,108.566574,21
233,1,161.4973,59.600014,91.54408,96.18659,165.4482,21
233,2,234.8677,70.58651,155.38148,195.71161,219.3447,21
233,3,295.14783,54.35729,225.8688,256.5197,283.21948,21
233,4,326.27267,63.793503,255.45125,266.10526,330.88763,21
233,5,303.73248,80.690834,218.75058,233.46812,290.84152,21
233,6,214.69943,56.206505,139.70131,173.04625,207.3134,21
233,7,156.53445,40.102165,110.40603,115.85739,152.79182,21
233,8,72.881454,21.850464,46.834736,47.645973,74.41898,21
233,9,44.943596,19.178532,16.574259,22.313112,47.793564,21
233,10,38.089622,18.0464,22.80102,27.374186,35.13513,21
233,11,56.654915,27.696949,17.57632,34.642326,53.161125,21
233,12,102.77765,52.575405,45.48777,57.860462,95.62992,21
234,1,174.23375,64.45691,76.433495,115.49469,179.78067,21
234,2,231.92174,66.98421,145.36601,197.23326,231.61969,21
234,3,287.31467,70.73134,193.05252,232.46161,279.04413,21
234,4,341.76566,75.01479,256.39133,284.73077,321.14075,21
234,5,292.02875,84.888855,212.08902,230.8572,267.8589,21
234,6,212.48972,64.11783,139.87146,167.55614,196.15776,21
234,7,132.15773,42.903748,77.82102,93.13505,139.22507,21
234,8,56.284405,23.714113,29.543552,32.220154,52.15962,21
234,9,40.085285,19.734768,15.387795,21.836914,42.11261,21
234,10,32.893475,20.912733,12.245485,19.867401,22.01905,21
234,11,58.226006,32.172462,24.635092,32.181007,53.249607,21
234,12,90.856606,47.056217,30.0087,45.309444,90.31191,21
235,1,268.80646,102.834076,170.6311,192.17584,270.58902,21
235,2,294.06158,65.07534,215.50719,238.03812,291.1062,21
235,3,403.26675,86.144806,295.48755,315.2566,403.87744,21
235,4,362.6112,56.95078,288.87387,301.13116,372.20593,21
235,5,297.51544,81.5905,199.62822,238.00394,301.04883,21
235,6,159.97282,53.06135,101.57146,119.19526,157.38849,21
235,7,117.83997,40.129044,71.76595,77.00954,114.31794,21
235,8,70.37978,21.214357,44.809128,52.2595,71.76345,21
235,9,69.33362,28.983974,29.317738,35.249508,73.27318,21
235,10,92.11324,30.914797,60.717762,70.2114,85.800674,21
235,11,121.55844,59.320175,70.95471,88.17413,108.34776,21
235,12,151.6132,87.76489,58.145355,84.53014,130.04016,21
236,1,199.19278,87.70634,98.474075,111.50148,197.39662,21
236,2,216.56676,52.67216,140.61388,186.53506,215.0819,21
236,3,309.35052,70.02382,229.2885,248.88417,296.74316,21
236,4,340.7961,74.52668,233.36385,287.63815,345.7489,21
236,5,351.54715,91.383736,279.79535,284.03006,347.08316,21
236,6,211.8112,76.75477,125.3939,136.99661,210.34404,21
236,7,156.67703,52.68536,99.72882,117.9657,153.43407,21
236,8,100.47111,27.10383,60.081203,77.36338,99.89767,21
236,9,58.510944,19.5709,29.612793,45.231422,56.642265,21
236,10,55.827305,22.683876,29.295292,41.810524,47.90496,21
236,11,72.92401,34.13314,29.379505,44.624794,66.67364,21
236,12,97.7158,65.96757,36.785458,50.861538,83.85901,21
237,1,298.04312,60.51198,219.9307,235.93138,308.60965,21
237,2,288.25943,65.698906,222.9541,238.14975,284.23483,21
237,3,336.40445,61.36979,255.86093,282.2206,331.52676,21
237,4,339.11444,64.17228,253.93875,267.3106,359.01105,21
237,5,344.25195,66.400116,249.89255,269.11957,376.3564,21
237,6,264.42676,55.310925,201.39577,217.40382,255.35942,21
237,7,234.97098,45.010162,185.77113,195.65549,234.98491,21
237,8,201.53165,46.347607,142.75186,153.07547,196.83543,21
237,9,204.66797,45.844395,152.92474,172.77766,206.03444,21
237,10,231.56628,44.199158,165.54138,197.62955,227.07921,21
237,11,279.44467,53.666195,212.77809,230.98065,274.20786,21
237,12,301.08606,73.49871,212.71075,233.97346,292.22742,21
238,1,296.46146,58.202423,223.01944,243.44804,303.85333,21
238,2,305.6224,62.702778,245.73062,261.77518,304.07123,21
238,3,335.14117,50.08623,271.12717,280.12347,352.01685,21
238,4,339.62436,51.231987,275.26575,279.02643,353.44952,21
238,5,350.65347,53.372765,280.16626,296.36026,354.96033,21
238,6,289.80072,58.271465,241.56215,247.80789,282.2782,21
238,7,229.10374,34.51199,203.07306,205.78172,223.20857,21
238,8,204.84875,42.995537,154.7795,157.43132,207.71925,21
238,9,217.2448,35.82243,185.91362,192.23584,215.31781,21
238,10,245.60033,42.400997,198.88802,209.3727,233.72905,21
238,11,266.2576,42.157845,209.9271,237.49843,263.87677,21
238,12,302.4899,56.395138,234.65028,246.85558,304.28653,21
239,1,214.91579,85.35409,87.243576,165.44226,208.95,21
239,2,264.9498,73.453964,149.54825,198.10703,279.76926,21
239,3,343.59598,74.61466,265.83444,293.7664,332.9821,21
239,4,330.51556,66.312325,249.72183,283.7444,334.38132,21
239,5,319.78375,78.40424,239.40686,265.01654,303.31168,21
239,6,188.34056,58.065388,137.69829,158.73924,189.44469,21
239,7,149.8304,48.293884,105.99175,118.018974,139.52386,21
239,8,96.39661,36.936977,47.517506,67.39533,105.12289,21
239,9,126.41305,54.4771,62.554787,87.29973,135.29057,21
239,10,100.566475,32.23031,65.1539,70.25542,110.53585,21
239,11,95.201195,42.528095,48.7861,55.774734,96.44865,21
239,12,161.64545,75.69598,79.47352,87.91899,161.84927,21
240,1,189.60707,86.36251,51.3619,123.866,192.49586,21
240,2,232.53537,73.54745,131.99248,175.17311,248.8187,21
240,3,335.3242,71.31739,263.01724,267.29602,310.1223,21
240,4,342.82217,76.58164,264.47946,286.58932,350.7174,21
240,5,348.02554,72.89469,269.50797,293.29065,343.01093,21
240,6,211.18439,68.579865,139.69775,184.59146,201.41003,21
240,7,157.03967,44.89842,106.22893,115.75199,150.67526,21
240,8,104.8421,37.015182,57.611763,70.78146,115.24763,21
240,9,117.90968,54.130547,61.803207,79.366974,112.245926,21
240,10,99.91411,30.600927,68.62802,69.33712,105.76516,21
240,11,96.00753,42.55633,39.585022,58.849743,93.80477,21
240,12,152.49777,85.36533,59.383533,76.78047,145.92636,21
241,1,154.7886,68.08424,60.85429,89.91256,173.1063,21
241,2,220.50143,68.62799,142.40775,176.41373,206.52365,21
241,3,291.07294,60.579456,202.33711,226.76144,289.378,21
241,4,330.8923,64.08617,257.41238,285.17136,331.58615,21
241,5,285.62604,99.94539,194.27443,214.87671,275.37497,21
241,6,191.10257,64.716965,134.18314,143.62878,179.75916,21
241,7,119.249306,32.49365,84.30182,94.68201,119.749596,21
241,8,50.98291,17.712719,28.310284,32.091408,47.887028,21
241,9,33.53121,19.628582,9.429809,12.322678,37.811844,21
241,10,32.41991,19.34104,13.560585,16.493483,23.449755,21
241,11,61.015373,31.424608,21.730625,40.016384,54.821896,21
241,12,92.72743,51.328796,33.01538,36.38478,101.16491,21
242,1,162.69579,69.61142,66.54188,92.812294,168.47107,21
242,2,219.67622,76.41191,143.9939,153.22227,217.96165,21
242,3,299.4911,65.65415,209.98808,238.84534,310.60947,21
242,4,326.00122,55.488094,262.34818,279.1137,321.80368,21
242,5,277.07532,106.71548,182.89635,208.4096,264.1612,21
242,6,181.83315,60.25257,121.008675,139.3517,172.90607,21
242,7,109.66527,26.246021,86.86284,91.154175,104.39392,21
242,8,48.529552,15.491198,28.480938,30.892832,50.97744,21
242,9,34.596962,18.38999,11.274362,16.757473,30.967403,21
242,10,35.382908,18.820127,19.531261,21.52174,30.170904,21
242,11,61.764206,28.526203,26.40361,43.059334,58.472805,21
242,12,79.51976,46.17046,26.953194,31.805593,80.45031,21
243,1,174.5111,61.743988,82.038445,119.62686,194.84207,21
243,2,263.03247,69.49508,186.11252,228.8034,268.3036,21
243,3,316.27292,69.75296,230.85757,243.51501,328.42386,21
243,4,364.3967,62.43552,288.33725,316.86444,358.17926,21
243,5,282.88782,84.60215,196.70424,213.61522,277.9986,21
243,6,194.69363,63.909344,121.80003,138.828,186.282,21
243,7,119.48486,47.364235,72.18788,77.565186,115.8219,21
243,8,42.48935,15.642015,22.852217,26.688879,42.41909,21
243,9,31.439814,18.834324,8.549416,11.413501,30.207386,21
243,10,31.956522,20.17575,14.526647,16.777647,22.73876,21
243,11,54.274868,29.392687,19.987524,34.389526,47.70744,21
243,12,107.81315,64.99286,37.22012,47.338398,106.29118,21
244,1,155.10822,62.754845,68.228386,94.47708,166.81085,21
244,2,225.6397,58.91757,155.62346,201.34578,219.46585,21
244,3,296.67657,70.42158,209.20067,222.38185,300.78964,21
244,4,332.73895,71.14432,250.15846,291.49423,323.7835,21
244,5,278.31015,105.93632,190.07652,214.6556,264.62283,21
244,6,197.26453,74.806564,122.13052,141.15015,189.63396,21
244,7,123.759384,48.119453,65.953125,78.71055,123.20037,21
244,8,44.105732,19.760176,23.648962,25.877924,41.11492,21
244,9,29.81301,19.560373,7.8053308,9.761319,32.77645,21
244,10,29.277554,21.064728,9.693644,13.874557,20.188944,21
244,11,50.682186,27.972374,20.374891,26.873207,42.043663,21
244,12,74.53185,44.33658,24.434149,30.179848,71.88122,21
245,1,286.6893,122.90495,138.59418,174.69266,277.95877,21
245,2,313.91617,70.74924,232.81163,249.20093,324.08325,21
245,3,373.44968,90.81266,264.8697,294.8368,355.39548,21
245,4,325.63803,73.650795,223.93309,279.00836,347.94064,21
245,5,292.74554,118.19213,186.9824,190.96738,286.17075,21
245,6,128.0989,42.051582,80.96629,101.80898,127.29979,21
245,7,91.80788,35.560287,60.70431,68.39901,85.11548,21
245,8,60.936226,22.501871,38.33547,46.45463,54.66987,21
245,9,57.887863,25.170025,30.906452,38.169014,53.53725,21
245,10,71.6815,28.610107,40.035545,50.286835,64.91376,21
245,11,110.599915,55.278904,49.32982,65.104126,113.64153,21
245,12,159.0885,100.070694,68.29552,78.365166,124.671715,21
246,1,269.27017,92.261444,126.61801,201.3029,289.87628,21
246,2,272.23618,64.25245,187.76389,221.91344,266.7753,21
246,3,372.9797,68.19932,306.4738,311.55115,364.48242,21
246,4,337.42566,51.487137,298.6242,302.96585,342.69553,21
246,5,315.28265,64.15042,250.76833,275.25006,316.07416,21
246,6,162.03957,48.406044,110.8333,128.47975,173.12294,21
246,7,115.499794,35.0633,82.474014,91.17898,114.81853,21
246,8,72.1701,23.692913,41.72767,46.896694,78.20095,21
246,9,69.409065,32.028526,26.467299,41.721558,74.1812,21
246,10,91.294205,30.273918,53.52543,62.976547,96.03458,21
246,11,99.52766,44.88022,46.94847,62.628105,99.57443,21
246,12,152.11617,75.958145,70.97095,93.002785,138.67747,21
247,1,232.3786,77.581276,131.44565,171.53094,225.94159,21
247,2,232.86377,88.71272,146.81529,151.19185,240.96075,21
247,3,282.2844,56.360718,228.27011,248.1954,278.4125,21
247,4,313.3163,38.246857,259.43002,280.07703,319.70914,21
247,5,305.30365,41.90882,263.7126,275.65707,306.35324,21
247,6,259.9616,55.86315,191.59601,210.20996,262.065,21
247,7,211.97589,27.972225,175.29982,194.69098,213.44955,21
247,8,152.24286,28.658117,116.94034,125.30527,153.89395,21
247,9,160.41858,34.67759,114.07046,133.96698,161.97002,21
247,10,154.55759,28.798182,112.29775,141.1346,148.18082,21
247,11,197.46921,51.659496,135.37921,166.10483,185.61452,21
247,12,203.99065,50.705036,141.86389,161.92421,205.638,21
248,1,173.85703,92.13205,56.81817,82.25444,182.70422,21
248,2,207.02557,83.552925,125.12644,144.02063,190.3019,21
248,3,264.81015,71.51798,197.66895,218.1053,264.97003,21
248,4,339.0729,81.098236,242.80695,281.97635,316.0454,21
248,5,350.4579,63.192005,287.19186,302.06674,343.26343,21
248,6,257.41724,57.1779,206.73225,217.33948,252.98552,21
248,7,209.60187,34.95468,183.2734,187.52995,202.54463,21
248,8,144.57465,37.107826,105.13262,115.64243,143.11357,21
248,9,176.23004,55.11536,101.404106,133.73709,168.38947,21
248,10,139.98424,42.174973,76.16163,112.26555,133.12811,21
248,11,171.641,54.397182,110.04271,131.91356,166.87483,21
248,12,154.618,71.336716,79.549706,102.55434,134.33974,21
249,1,152.4325,60.24276,72.222565,99.21514,163.53476,21
249,2,215.76164,70.43178,145.19333,163.98819,224.37732,21
249,3,298.3322,74.65768,217.27559,232.7352,296.1942,21
249,4,318.94473,63.92687,247.15002,262.7352,321.9069,21
249,5,266.61627,108.00323,159.34978,191.5292,252.60541,21
249,6,179.45403,76.317635,91.83464,134.77446,152.8247,21
249,7,99.45146,41.15612,52.61446,67.348724,94.028175,21
249,8,40.188885,17.803621,18.294382,23.19137,41.492645,21
249,9,26.56102,16.236324,5.2606916,7.539554,26.908934,21
249,10,26.089334,17.07786,10.213975,12.189004,19.496284,21
249,11,53.11479,26.611925,23.708172,26.203144,49.554344,21
249,12,67.130325,40.401203,21.76898,29.907593,58.88626,21
250,1,162.50154,58.499077,68.814865,116.845436,178.53535,21
250,2,251.8457,78.27917,162.25351,168.73875,263.11124,21
250,3,329.65814,68.64452,252.40158,277.375,346.05853,21
250,4,343.33463,50.935738,281.71277,300.44513,346.13544,21
250,5,276.49094,90.70195,195.69667,210.3792,274.77896,21
250,6,171.10321,55.317543,110.0769,116.7353,170.25629,21
250,7,102.761856,43.32599,59.686417,78.967804,92.16573,21
250,8,44.377155,17.402893,22.186277,24.485043,43.818382,21
250,9,30.452703,19.3809,7.3695116,9.928123,30.00578,21
250,10,36.729866,24.026827,15.768959,17.964743,26.207691,21
250,11,56.23848,28.085913,24.985374,36.246136,54.474174,21
250,12,99.56607,64.293335,34.839558,40.145767,89.31381,21
251,1,227.53108,66.97722,120.491844,172.58617,238.5437,21
251,2,298.98505,70.867455,222.99432,235.58588,292.7366,21
251,3,356.6069,82.49953,265.875,282.96906,354.81445,21
251,4,357.6184,58.531857,301.82297,318.26727,350.01566,21
251,5,271.19028,82.17393,206.63187,213.00021,261.2251,21
251,6,163.7014,65.3014,88.52797,126.37627,146.17548,21
251,7,101.16307,42.91974,53.52601,70.54772,98.9237,21
251,8,45.7584,16.305513,27.050398,29.480888,42.92287,21
251,9,44.668953,23.372929,16.609098,21.072338,42.953987,21
251,10,47.384872,27.746857,24.246983,28.351086,34.147614,21
251,11,81.2189,41.374474,36.92839,52.650387,78.24084,21
251,12,154.83118,89.14417,64.57124,78.57023,140.68523,21
252,1,226.49286,74.96492,95.8197,189.56497,255.66725,21
252,2,268.77814,61.717926,216.08517,218.75504,271.5025,21
252,3,327.85083,74.83697,234.46622,265.59085,326.5401,21
252,4,384.67123,100.069534,249.40288,279.03003,389.56662,21
252,5,317.2277,78.43517,213.99976,250.0638,319.6343,21
252,6,230.3789,74.70026,176.67964,187.64236,205.09033,21
252,7,131.45793,56.904,76.841675,96.561935,111.98024,21
252,8,63.430634,19.867231,40.304455,46.532887,56.185158,21
252,9,58.123993,25.288986,24.748545,40.045765,57.990734,21
252,10,34.47298,21.2806,15.338292,17.639269,27.61948,21
252,11,54.570415,34.979916,21.231028,23.45891,54.657387,21
252,12,111.87935,55.27284,40.083088,64.962074,95.768654,21
253,1,290.1083,128.85316,133.04887,158.2603,293.58868,21
253,2,309.78546,70.93695,213.8266,259.47092,308.5412,21
253,3,378.26184,99.774864,243.46733,298.74017,368.8663,21
253,4,324.94168,73.512375,214.6289,274.82162,323.36276,21
253,5,298.98383,123.90915,178.74422,203.3454,286.93826,21
253,6,118.47392,39.96688,77.85839,88.370445,126.0102,21
253,7,79.05401,32.496338,34.53611,52.981995,80.43137,21
253,8,48.33631,19.333885,28.362518,35.11576,45.22868,21
253,9,47.886738,23.056252,20.444876,32.974197,43.93735,21
253,10,64.21623,29.604815,36.099636,41.148087,52.31781,21
253,11,103.07435,50.086826,39.780685,65.01094,98.55206,21
253,12,145.60487,88.55783,62.97805,70.16656,128.52225,21
254,1,311.86334,77.4911,181.69354,255.97932,328.5768,21
254,2,360.6356,70.82773,305.45328,318.32693,357.59705,21
254,3,411.5046,67.73172,353.3593,357.1794,413.59308,21
254,4,397.1953,55.706318,318.83804,346.24774,399.85507,21
254,5,296.73355,85.238655,208.85753,218.52563,285.33276,21
254,6,166.61853,58.10734,108.711365,117.50949,147.01611,21
254,7,111.389206,47.0623,61.319878,80.277985,102.09045,21
254,8,55.82848,19.195347,30.610706,40.15122,58.399807,21
254,9,51.208954,24.402878,22.43167,32.99341,45.003925,21
254,10,48.393806,23.433643,24.94507,33.94582,44.49217,21
254,11,71.59175,37.5062,34.377163,36.576195,60.24927,21
254,12,187.31873,76.08508,116.85326,126.94729,174.46739,21
255,1,274.2584,107.70319,133.07777,194.96347,261.0576,21
255,2,312.23334,66.88364,222.79369,234.16907,329.62674,21
255,3,371.0596,83.64028,276.5476,300.10495,352.86627,21
255,4,340.61795,54.406956,266.16852,293.75403,357.81912,21
255,5,290.38245,92.88025,181.2807,234.83841,281.33002,21
255,6,147.5636,50.381695,90.80556,123.41186,144.6035,21
255,7,111.20211,34.041126,75.60615,82.75389,102.985,21
255,8,50.498203,18.423712,25.969503,28.175611,52.9386,21
255,9,42.635147,22.068972,17.629118,21.532127,44.60152,21
255,10,63.037434,26.577677,31.613958,40.01774,60.143063,21
255,11,101.24957,54.044968,36.360794,51.867165,100.39121,21
255,12,153.00977,79.91892,65.61798,100.451225,128.79132,21
256,1,352.09088,98.10749,232.24384,267.23633,391.044,21
256,2,411.8768,99.70897,291.35822,363.783,390.77914,21
256,3,493.16336,87.97484,405.77338,431.99133,498.70276,21
256,4,439.42142,60.660797,360.3418,399.4232,445.38245,21
256,5,326.01346,82.5492,231.76045,239.44447,324.76614,21
256,6,173.75508,67.40506,95.3362,119.90757,157.03406,21
256,7,126.981026,57.634388,70.82933,76.12268,109.855675,21
256,8,72.73163,24.36654,40.289413,48.69246,78.0246,21
256,9,57.597786,31.788504,21.888573,32.106487,50.632698,21
256,10,58.774223,32.977985,20.69066,26.129742,58.014435,21
256,11,77.75362,46.30484,24.04578,47.452244,65.72242,21
256,12,193.06683,79.82383,118.595634,135.87083,182.81494,21
257,1,168.84747,75.45314,72.76718,95.42248,176.51205,21
257,2,229.91658,72.857086,155.76227,173.87581,220.65431,21
257,3,306.62778,67.496124,218.88928,245.46654,320.19745,21
257,4,324.2106,62.82865,238.56386,265.5094,342.8783,21
257,5,272.42487,94.43937,164.05136,191.41159,265.51602,21
257,6,162.27222,43.589523,105.76688,127.34145,148.44162,21
257,7,103.10558,29.322006,68.78117,81.89228,101.42766,21
257,8,53.91708,16.12197,34.3215,35.498928,53.957085,21
257,9,42.2583,15.620259,24.759333,27.400696,40.886936,21
257,10,43.053505,15.901247,29.50364,31.642385,39.67359,21
257,11,60.175896,24.15892,34.912792,39.920288,59.712597,21
257,12,87.34904,49.589043,33.167454,43.929077,80.97623,21
258,1,162.75148,69.06417,54.77248,115.91779,174.90495,21
258,2,233.57297,86.170975,126.816696,142.40045,234.25359,21
258,3,325.45224,71.40636,245.81287,262.41885,334.61545,21
258,4,327.6791,59.387066,265.7891,272.4107,321.4798,21
258,5,271.95227,93.264046,176.73698,197.38277,275.69678,21
258,6,161.81206,49.3271,98.985,138.24643,162.96008,21
258,7,99.81254,42.54431,56.020824,67.85308,97.98361,21
258,8,47.801136,23.735935,23.270117,26.552292,44.220516,21
258,9,29.357927,19.794218,5.555317,10.760297,29.257416,21
258,10,33.7034,21.873047,12.273474,14.311911,27.926575,21
258,11,54.98533,26.873812,28.755644,32.51107,53.118443,21
258,12,89.20103,59.772774,27.12595,35.3553,65.39057,21
259,1,235.65784,72.102646,138.76419,187.56737,234.97339,21
259,2,250.35036,85.68255,142.49715,158.04572,226.47408,21
259,3,299.25122,54.500393,239.60506,250.3144,311.04443,21
259,4,320.52704,37.47386,286.40155,294.35556,319.28067,21
259,5,286.5242,38.175987,242.56348,259.45612,277.16733,21
259,6,209.31966,54.74081,144.66264,184.56827,212.12401,21
259,7,159.55984,21.025902,136.58476,139.56322,160.02066,21
259,8,116.26611,21.788057,89.84873,96.67666,121.182144,21
259,9,163.25842,36.954067,117.34835,125.64216,166.23177,21
259,10,147.90753,27.701265,112.69541,120.2426,147.94533,21
259,11,186.45221,50.379406,115.40209,147.9785,187.05223,21
259,12,225.38713,51.654583,166.91719,183.60384,225.67715,21
260,1,207.07292,76.78087,109.44956,140.85327,209.48198,21
260,2,232.66692,74.1518,148.43427,164.29175,217.66446,21
260,3,304.201,75.04988,211.15501,247.50739,294.43555,21
260,4,311.9512,64.574425,253.65721,260.4037,316.63394,21
260,5,288.57376,52.820267,227.47044,246.19492,287.17172,21
260,6,209.06396,63.620415,130.8428,160.73355,217.01035,21
260,7,143.78795,32.119694,106.39298,126.14934,139.84065,21
260,8,97.48063,23.383883,73.67693,77.545746,90.73781,21
260,9,140.99661,41.13083,83.99451,104.513855,143.24356,21
260,10,130.21358,34.343185,85.62423,100.52466,131.62251,21
260,11,165.27545,65.9911,103.114,118.526764,152.25473,21
260,12,204.23587,74.341644,123.016594,129.9347,202.06404,21
261,1,248.20348,70.88114,128.98451,208.55194,250.30907,21
261,2,300.5899,71.21769,233.17816,241.10701,290.24725,21
261,3,339.63257,72.03038,259.35593,272.30896,347.75604,21
261,4,384.28735,60.72068,312.91238,321.86807,381.32553,21
261,5,290.41608,82.61684,213.21216,239.59985,270.7441,21
261,6,199.83342,62.459885,136.5331,161.60095,186.71182,21
261,7,124.471214,50.961006,67.25976,88.04942,113.870766,21
261,8,45.30895,15.106384,26.360186,31.237122,46.710087,21
261,9,43.54115,24.48538,15.464031,21.429703,45.42466,21
261,10,37.629574,21.33679,14.367037,19.092562,34.00634,21
261,11,59.62901,34.132072,23.682598,33.665207,55.699623,21
261,12,163.29086,80.30622,69.37931,93.00124,133.7423,21
262,1,274.10385,76.11519,155.2233,213.85046,278.00974,21
262,2,326.2688,62.344326,268.6929,288.46545,317.77045,21
262,3,374.36832,67.43183,281.27908,318.02975,378.82816,21
262,4,372.2968,66.03583,293.2141,295.3641,365.66495,21
262,5,276.39566,85.585464,206.56342,210.96481,274.2243,21
262,6,164.99689,72.45519,97.03055,104.68256,148.28708,21
262,7,101.30394,41.850517,60.867462,78.98475,89.46689,21
262,8,42.53465,17.31401,21.659098,27.567865,45.99728,21
262,9,42.281223,25.92568,16.769098,18.132107,36.3112,21
262,10,42.23964,24.26557,19.455027,24.21762,35.177452,21
262,11,64.90349,34.717228,23.436121,34.8211,54.508316,21
262,12,202.8801,85.79373,123.196594,134.07335,158.19704,21
263,1,226.26132,83.60806,124.42171,156.97466,214.6543,21
263,2,242.70218,74.147484,156.01901,162.51305,240.11691,21
263,3,302.12192,66.997635,217.9506,260.89877,290.3567,21
263,4,318.59625,60.337074,261.6176,266.38382,323.27924,21
263,5,279.82187,52.089584,225.12225,239.38005,273.96286,21
263,6,200.9641,60.964527,130.50284,152.51799,203.67027,21
263,7,137.98238,25.614544,117.137596,123.31301,132.75288,21
263,8,91.750496,20.737003,71.55081,72.60757,90.90669,21
263,9,133.70871,35.930664,84.4897,102.35324,137.26828,21
263,10,129.26186,32.571682,95.52986,105.571396,133.52441,21
263,11,169.69568,65.2856,110.21399,135.28265,158.1932,21
263,12,211.79134,75.73607,126.39566,144.85254,203.28076,21
264,1,266.76505,104.847244,173.08023,182.83571,226.70366,21
264,2,256.90222,76.92332,167.51291,203.29652,246.25195,21
264,3,305.02222,62.469868,214.5274,257.8267,302.30115,21
264,4,308.1142,53.305878,243.3854,270.45227,300.59366,21
264,5,253.93439,53.852028,187.57138,214.5889,241.78035,21
264,6,166.37428,53.896408,101.64252,130.7504,172.57263,21
264,7,140.1723,28.590117,120.67606,121.48665,137.60565,21
264,8,100.164955,21.47718,71.511284,82.436386,99.41268,21
264,9,122.49754,27.879549,72.43139,99.70264,128.05855,21
264,10,130.08646,28.725916,94.47197,105.581505,131.36684,21
264,11,185.13344,58.712345,120.70061,146.97311,184.45847,21
264,12,230.13025,59.96538,173.42497,183.32402,210.24146,21
265,1,223.23415,91.37837,102.24085,138.27725,234.2323,21
265,2,236.16653,77.20833,142.31277,176.85815,219.23952,21
265,3,295.61456,73.40501,222.07002,246.19586,302.35272,21
265,4,341.70358,70.91177,256.5089,282.64227,343.47144,21
265,5,319.06128,50.751167,263.96576,281.7854,329.49573,21
265,6,222.04811,59.755455,157.58356,176.1193,233.83698,21
265,7,183.99431,31.628826,153.85901,157.0579,188.3695,21
265,8,121.03294,29.888802,89.610176,93.71791,114.10365,21
265,9,149.93385,43.53302,106.978584,115.75155,145.97307,21
265,10,130.38322,31.232372,93.80921,104.861786,132.84311,21
265,11,157.22961,51.416134,96.048164,112.76505,165.95715,21
265,12,186.31409,71.67799,104.12589,109.47189,175.2332,21
266,1,332.43048,78.040215,220.76422,271.4697,354.46585,21
266,2,385.15894,93.20843,279.8005,305.09283,384.78653,21
266,3,474.01968,96.33274,364.38165,390.79944,452.30154,21
266,4,408.29288,82.6319,314.29617,342.66992,404.20508,21
266,5,281.02658,106.494225,164.8572,192.4856,248.20447,21
266,6,120.80995,57.53362,61.56235,69.75165,104.52156,21
266,7,78.99166,27.390984,50.872013,55.56966,78.40203,21
266,8,53.855488,22.166325,19.062572,38.20204,52.494686,21
266,9,48.66966,16.972439,27.512339,31.584574,48.52806,21
266,10,56.580303,24.936598,25.634628,31.651033,56.695866,21
266,11,89.50694,54.004295,33.800972,37.61933,85.53127,21
266,12,182.30356,66.31389,98.67829,134.75575,171.16016,21
267,1,328.87646,78.5231,217.28008,243.93666,332.51285,21
267,2,364.36444,84.815506,268.84744,283.5603,359.64404,21
267,3,448.01498,84.45783,365.18384,394.3548,433.87518,21
267,4,394.47897,87.56213,282.70605,329.79202,391.34857,21
267,5,255.41895,101.930244,158.2718,164.67477,230.54977,21
267,6,95.41183,45.692238,44.775845,55.92069,84.33359,21
267,7,58.775425,23.936462,36.937485,42.892807,50.403545,21
267,8,35.95684,15.39808,14.87179,26.173508,36.011166,21
267,9,35.40732,13.933307,16.976202,23.400276,35.13552,21
267,10,51.268845,21.268927,26.836685,30.592102,49.73669,21
267,11,90.70501,49.01669,35.23042,45.4722,84.853935,21
267,12,182.18909,58.551075,106.86468,134.35959,167.65483,21
268,1,208.96419,102.33691,40.78797,109.200645,226.0037,21
268,2,274.10028,98.45467,171.05904,181.39375,272.2484,21
268,3,372.26187,100.025024,269.0874,282.78745,371.98566,21
268,4,349.31665,77.71864,266.63712,296.70566,349.92624,21
268,5,281.20667,100.12759,183.316,200.06454,247.29784,21
268,6,149.31317,50.93017,81.82156,106.30118,160.72433,21
268,7,104.903114,36.983257,64.237114,72.75496,102.4389,21
268,8,48.359272,29.702963,19.34408,25.172659,39.17948,21
268,9,34.755886,22.83213,7.606138,12.920116,29.307247,21
268,10,34.07395,20.28133,12.179604,17.051775,32.56645,21
268,11,75.78762,37.033325,37.93386,38.879154,64.65191,21
268,12,97.75357,64.031456,31.334724,33.70874,79.251785,21
269,1,188.75476,88.14965,45.506866,130.6124,194.52136,21
269,2,273.9012,97.345825,162.97523,175.47974,268.90027,21
269,3,384.92065,90.652245,281.56332,295.74112,406.3211,21
269,4,353.02063,69.92786,281.28967,288.73395,357.2786,21
269,5,286.29346,99.23605,171.75928,230.54166,287.54498,21
269,6,164.94783,49.02593,99.36984,130.80104,170.47804,21
269,7,118.700264,46.813114,78.15112,83.09445,114.00643,21
269,8,51.65562,29.685638,19.55026,24.886044,46.736244,21
269,9,37.23224,24.75091,7.9436784,13.136052,39.392475,21
269,10,37.933064,23.824465,12.489835,17.291916,33.76305,21
269,11,75.38859,39.01121,29.505516,44.441402,65.165436,21
269,12,108.73347,73.08985,35.95856,43.2585,86.16743,21
270,1,261.05374,96.735725,110.57274,188.96187,276.78162,21
270,2,301.4659,71.950645,191.8804,264.84433,297.46915,21
270,3,355.31058,85.54948,269.8755,275.73425,335.8887,21
270,4,329.65973,60.222878,237.22858,285.32584,323.26474,21
270,5,279.09955,91.62236,181.42307,233.39847,263.42813,21
270,6,128.98769,35.669556,88.246826,105.56891,134.02806,21
270,7,99.67367,32.453312,62.077248,74.16999,90.65372,21
270,8,50.64538,20.944319,18.933443,29.189856,53.817383,21
270,9,39.730103,20.133694,15.961609,20.953836,42.43659,21
270,10,57.08758,25.018625,26.889395,29.369877,56.914433,21
270,11,97.34225,47.488728,32.943775,56.092617,96.978546,21
270,12,146.23491,92.55242,52.51496,72.88686,111.99534,21
271,1,265.58044,116.80297,89.72869,169.0815,264.60052,21
271,2,299.18375,77.832756,164.41988,246.39197,310.3855,21
271,3,375.54974,109.08573,248.24261,279.0566,342.00085,21
271,4,328.01184,69.990135,246.14946,253.88452,328.54587,21
271,5,294.92642,119.283646,174.9311,212.7657,264.9145,21
271,6,125.7621,41.622963,78.30221,95.23145,133.74525,21
271,7,89.08802,35.337807,50.858223,55.649895,85.89071,21
271,8,40.238678,18.38749,17.018139,24.23152,38.564842,21
271,9,41.3778,22.094837,14.953938,23.406551,35.14768,21
271,10,49.942406,25.592072,24.760372,33.746136,39.808525,21
271,11,90.13448,44.174076,35.680885,60.02831,81.41474,21
271,12,138.09503,81.70262,63.256016,77.14398,97.747375,21
272,1,228.8026,95.11249,93.519455,106.29315,262.90915,21
272,2,285.4376,88.42564,163.29668,226.92435,285.58093,21
272,3,345.08087,80.72423,257.26416,273.28613,335.04272,21
272,4,312.83383,67.367195,230.1211,257.12848,314.43292,21
272,5,258.926,85.99373,180.1058,192.1339,246.17422,21
272,6,117.63991,38.697586,60.015045,85.86976,119.77788,21
272,7,93.05924,42.201515,51.60604,54.99723,91.42421,21
272,8,44.73814,20.431171,20.136093,27.016184,45.897854,21
272,9,39.33695,21.382975,13.005877,18.22039,38.64286,21
272,10,53.211395,28.731459,21.629063,26.078981,46.335682,21
272,11,93.07871,42.848724,41.3294,55.388298,77.54027,21
272,12,149.07146,102.15541,54.155518,64.61289,108.992,21
273,1,210.25833,101.91077,52.76558,83.16034,219.60573,21
273,2,289.18115,109.604805,142.8301,208.42113,280.97272,21
273,3,364.56042,107.45876,235.41435,287.5704,364.58624,21
273,4,349.36728,81.31566,228.85077,288.2587,356.89755,21
273,5,269.7883,96.853806,163.9292,200.545,240.94662,21
273,6,124.304794,50.358047,69.95274,74.56568,130.97781,21
273,7,88.80085,40.941013,46.190674,57.62388,81.07112,21
273,8,40.23055,19.777653,17.399212,26.442165,37.10977,21
273,9,27.236666,19.053099,8.445049,8.763914,24.242193,21
273,10,31.997297,17.736404,12.931688,15.214283,31.699854,21
273,11,75.86128,35.02244,38.56198,39.072407,71.195404,21
273,12,114.44183,81.95288,37.79702,42.608368,83.53116,21
274,1,310.6068,87.75196,164.45204,270.99213,314.49225,21
274,2,263.71466,59.88961,231.42923,232.60962,262.18863,21
274,3,359.79562,69.584755,301.23438,311.21124,347.10013,21
274,4,292.0433,54.588398,223.17523,241.59215,291.02618,21
274,5,240.53914,46.79037,178.37592,200.49876,253.45287,21
274,6,122.94511,40.722256,73.29485,93.21673,128.07054,21
274,7,93.37714,33.34543,59.008553,64.47016,94.04967,21
274,8,52.15164,23.578314,24.210981,34.16852,46.896053,21
274,9,59.46357,33.06905,17.689085,35.814194,51.940674,21
274,10,75.83337,24.01198,44.127747,57.97789,76.093575,21
274,11,104.63422,39.49984,58.457733,73.46256,104.80198,21
274,12,156.48425,64.935555,74.55726,94.64273,156.57782,21
275,1,295.07336,90.13856,161.48547,244.95706,288.41754,21
275,2,268.8722,60.772476,205.01556,228.0616,270.46942,21
275,3,360.95108,74.659904,265.5365,313.33667,369.8224,21
275,4,294.59302,57.273094,229.86902,247.92105,291.09662,21
275,5,229.35677,49.211094,158.24344,198.96922,224.13002,21
275,6,130.55026,45.642784,65.407814,95.9602,139.09367,21
275,7,97.3098,31.700327,56.82595,69.99237,102.360825,21
275,8,51.351894,21.51717,29.772625,32.831528,45.27566,21
275,9,48.736866,32.230354,13.9237795,24.111452,38.862625,21
275,10,59.19165,18.427675,32.99927,43.09634,57.403755,21
275,11,99.61219,40.940865,51.31502,63.31233,101.03257,21
275,12,148.4782,59.375298,77.750885,90.6259,161.74469,21
276,1,220.78079,114.85328,47.67943,82.818855,231.04927,21
276,2,298.51752,109.08356,170.7139,225.02493,286.72992,21
276,3,399.01108,121.61107,265.24918,308.23505,397.34714,21
276,4,375.49957,93.50872,246.59473,310.03293,400.97586,21
276,5,272.02374,102.20889,163.10794,190.9912,231.97324,21
276,6,122.54912,47.549988,73.816376,77.46494,119.30003,21
276,7,85.988884,38.38495,43.438923,50.15443,77.989,21
276,8,36.631565,18.626657,17.362093,21.725328,31.736961,21
276,9,25.066029,17.63002,7.1697674,7.2790904,22.946833,21
276,10,27.903055,15.25488,9.170888,15.693578,28.97292,21
276,11,75.09192,33.68137,41.936974,43.754025,64.21957,21
276,12,92.54453,64.16162,30.106733,36.334393,70.10112,21
277,1,216.52254,102.397736,74.41074,138.19324,230.86353,21
277,2,256.73978,71.559204,163.36052,201.61723,254.41493,21
277,3,332.80264,76.9745,247.48343,264.54922,318.7841,21
277,4,338.623,63.03616,237.95998,275.38394,351.6463,21
277,5,285.1438,90.18092,201.28511,213.91904,266.05466,21
277,6,149.89175,44.818413,97.35225,109.38014,146.1926,21
277,7,107.50958,35.050655,65.730644,81.81558,101.99362,21
277,8,61.27474,19.625206,33.964043,42.089344,61.149128,21
277,9,53.26152,19.123055,38.54077,39.288082,46.841335,21
277,10,54.973137,17.545113,43.755653,45.74613,53.36803,21
277,11,79.70164,34.03119,35.85414,43.6931,84.12279,21
277,12,114.00544,69.63913,50.89052,59.864742,98.42842,21
278,1,227.6807,78.57871,117.51428,175.3257,213.26543,21
278,2,242.16814,57.148743,149.09612,197.12663,253.51105,21
278,3,316.39584,58.739506,248.89685,283.5155,306.75415,21
278,4,333.71814,66.642456,246.35085,299.89862,335.0292,21
278,5,298.0138,56.1718,245.31944,257.08115,302.17084,21
278,6,182.39465,56.410847,120.72659,156.7072,187.76483,21
278,7,149.30855,40.748856,112.49819,117.191505,152.4651,21
278,8,94.928505,30.8533,50.041523,60.67115,93.51399,21
278,9,119.387024,41.337074,77.32964,89.44821,113.20188,21
278,10,103.09435,28.358925,79.50867,82.22904,98.42185,21
278,11,119.26303,46.600178,61.756355,76.58038,120.59459,21
278,12,155.42781,62.043854,82.13473,98.33367,148.13843,21
279,1,294.30524,88.62521,143.10995,239.0275,304.3829,21
279,2,268.79166,61.547565,175.72716,224.0656,279.75043,21
279,3,363.3615,61.054234,302.12967,312.99854,349.84018,21
279,4,312.28052,53.89613,248.7446,259.98233,318.33167,21
279,5,282.911,58.898693,191.96167,234.26306,291.79898,21
279,6,171.32323,59.53784,121.895004,138.76204,171.2501,21
279,7,120.95567,43.700523,78.754944,89.06526,111.918335,21
279,8,77.47197,33.345654,34.639183,51.883568,74.26114,21
279,9,76.852234,35.237354,35.28591,48.826927,76.46721,21
279,10,102.29201,33.90201,62.830063,68.73021,98.91958,21
279,11,110.86965,45.268055,61.332783,72.64217,103.05565,21
279,12,162.53162,76.05627,75.84528,83.65067,146.80899,21
280,1,247.69109,73.20826,155.54883,185.59193,240.84573,21
280,2,219.1282,68.449036,145.30635,165.30367,219.00864,21
280,3,301.2963,58.03177,236.7526,246.75908,292.5274,21
280,4,308.66812,48.202744,257.8074,271.53088,301.03094,21
280,5,295.40585,63.04404,216.05762,239.48613,295.68796,21
280,6,209.61465,56.571342,142.66504,165.3961,200.00046,21
280,7,164.87717,48.64927,112.76391,124.67782,154.32004,21
280,8,139.38307,39.400932,92.004814,105.01808,143.15852,21
280,9,159.05328,52.12669,99.74466,115.56957,154.5031,21
280,10,176.54532,35.18822,144.651,152.08968,181.3158,21
280,11,183.58691,45.59941,140.68593,159.60413,181.31776,21
280,12,244.71292,39.989906,206.09645,223.4618,236.17462,21
281,1,244.78316,79.09753,143.4694,179.05598,237.88905,21
281,2,214.80101,71.16171,140.37445,168.87671,205.28104,21
281,3,304.15134,56.080673,241.48848,251.25166,304.15918,21
281,4,308.98785,49.375946,257.11456,272.51486,311.47675,21
281,5,312.60617,80.63235,206.70235,254.49527,308.14566,21
281,6,211.21014,57.401043,150.91046,166.20662,195.99483,21
281,7,177.285,47.49473,122.67733,140.68733,171.15312,21
281,8,149.91878,42.825954,97.68353,106.2704,149.88142,21
281,9,156.20126,46.114258,100.36776,114.16014,146.46931,21
281,10,182.25201,35.051205,151.50111,156.07936,179.74617,21
281,11,199.63083,45.39647,139.78177,167.8829,197.67409,21
281,12,234.59526,32.024128,203.67288,210.48465,227.32439,21
282,1,286.19833,85.84222,182.97284,207.57184,279.82428,21
282,2,285.95532,64.90947,199.75859,235.6918,293.65976,21
282,3,368.7058,77.742256,306.5591,314.4969,364.9452,21
282,4,303.73956,52.650005,245.2335,251.89877,293.88486,21
282,5,247.72154,57.474915,185.53926,204.12,250.18924,21
282,6,142.61374,49.038166,72.13115,107.1361,135.72313,21
282,7,106.41339,30.35006,62.124508,85.48214,105.93251,21
282,8,52.81784,19.46607,29.58565,35.7932,50.309837,21
282,9,48.085567,28.6767,14.245774,24.16167,39.37532,21
282,10,67.87442,23.620415,39.473373,49.685955,66.54727,21
282,11,109.00857,55.486485,43.52309,60.791542,101.91058,21
282,12,150.87877,67.36089,64.373024,93.58681,162.88928,21
283,1,256.78247,85.72762,175.77264,192.86868,243.97722,21
283,2,298.2758,71.24894,195.89696,223.87518,308.1162,21
283,3,365.12112,68.52054,291.8146,304.44473,369.7247,21
283,4,337.0067,53.323708,281.41846,295.32324,328.09503,21
283,5,282.2776,76.36817,208.39847,236.74637,296.80377,21
283,6,176.31116,64.90619,108.26457,116.09728,193.55081,21
283,7,123.27947,35.20699,85.27278,100.53981,112.261665,21
283,8,71.44211,28.646164,35.082733,49.571846,72.13985,21
283,9,54.17614,31.069359,16.413929,23.26305,52.180622,21
283,10,76.22257,34.93452,34.171516,55.482605,61.883057,21
283,11,120.0693,64.75454,48.278183,66.95702,113.27437,21
283,12,172.36517,83.791275,51.34048,114.95281,160.39723,21
284,1,276.68625,88.699646,171.16171,219.22682,267.78522,21
284,2,236.64737,70.36185,153.48524,189.11743,227.981,21
284,3,299.48022,59.54534,230.99635,258.4139,283.19992,21
284,4,297.06586,50.741566,243.50468,260.3354,289.55637,21
284,5,310.90863,53.6955,241.19661,277.78812,301.81586,21
284,6,232.11404,54.94902,144.54892,196.67737,238.42537,21
284,7,188.78476,46.06291,131.09389,143.89572,196.57532,21
284,8,166.01512,38.616932,134.77486,142.21393,158.2242,21
284,9,149.82533,39.07839,97.39382,112.553665,148.08556,21
284,10,185.72311,38.293144,137.27519,147.7166,188.57948,21
284,11,202.72243,52.217667,139.79741,155.4333,203.11356,21
284,12,228.74161,42.063545,180.16661,195.89238,217.28943,21
285,1,249.4447,80.727455,153.31912,196.99228,227.40381,21
285,2,209.58171,60.618614,134.32385,157.63141,219.98119,21
285,3,294.0616,55.122124,239.78299,248.05939,288.14996,21
285,4,293.92838,47.94868,239.12743,250.54654,290.11612,21
285,5,301.71893,64.451035,233.7576,244.27516,296.57928,21
285,6,219.28493,57.63036,144.33714,171.21304,226.94896,21
285,7,169.17924,46.836594,126.52967,142.67111,159.20013,21
285,8,144.73567,38.09563,100.76454,108.7079,141.42421,21
285,9,160.49448,47.053776,106.65317,116.433,156.4187,21
285,10,192.08276,36.538643,156.13153,165.03159,195.64397,21
285,11,181.08891,50.902954,125.521835,142.01546,181.7522,21
285,12,247.97932,43.837692,191.12102,221.23462,248.60745,21
286,1,302.4558,85.09159,207.5035,225.49113,286.6403,21
286,2,245.77086,64.83857,186.41963,200.26715,240.12485,21
286,3,317.0213,46.22882,260.4474,275.29208,321.08148,21
286,4,304.58746,51.098736,248.08258,264.17938,293.18933,21
286,5,290.39554,46.466965,231.1124,255.816,287.61832,21
286,6,213.8754,46.08999,164.39362,172.85362,216.72559,21
286,7,160.64848,34.479176,114.550156,126.58699,162.01694,21
286,8,174.15169,36.677498,123.396355,147.04077,166.07901,21
286,9,163.5712,47.933964,106.4555,123.22414,162.07236,21
286,10,192.85321,37.014786,149.55074,159.2165,189.82962,21
286,11,211.37686,47.311195,156.19843,172.25739,217.875,21
286,12,249.40497,41.045246,184.20282,217.95949,252.46458,21
287,1,318.3743,55.964436,262.23193,263.07007,323.37393,21
287,2,286.69653,45.298126,240.40887,255.56674,298.21594,21
287,3,331.39896,39.742714,275.4864,308.02423,328.57565,21
287,4,286.53833,41.097294,241.29762,248.07658,283.2028,21
287,5,219.34161,44.54025,165.22023,182.27489,215.53079,21
287,6,137.70389,37.633495,96.8415,110.97123,136.7301,21
287,7,91.382774,26.339695,55.40912,63.56069,96.76177,21
287,8,102.3886,30.786873,60.776764,74.84388,102.3922,21
287,9,138.8619,22.36256,99.79227,122.51558,147.36859,21
287,10,195.78986,24.679482,170.76204,173.92625,203.694,21
287,11,229.83806,31.655693,206.67073,213.4845,223.05338,21
287,12,281.7771,50.22355,231.50911,234.87675,275.3211,21
288,1,194.32283,81.87621,72.94367,111.82963,197.68924,21
288,2,280.73795,92.050545,162.05623,214.08287,276.67868,21
288,3,366.21313,79.95639,255.74918,287.23795,381.2758,21
288,4,337.52914,58.167316,269.89423,299.1264,348.04147,21
288,5,281.2978,93.46553,173.45549,235.02525,273.2301,21
288,6,153.10326,44.655346,81.9872,125.93674,149.74596,21
288,7,101.62948,44.015087,63.458412,66.24139,94.88861,21
288,8,49.413322,22.032848,24.413061,30.242657,48.06616,21
288,9,39.708416,25.019777,11.076262,19.301899,33.105568,21
288,10,47.301105,29.857683,14.251762,22.174553,41.70095,21
288,11,72.79225,32.00268,40.683887,45.127743,64.413864,21
288,12,133.03749,86.39529,44.507553,57.230247,119.32676,21
289,1,225.5344,85.92608,101.03329,117.53099,247.18408,21
289,2,282.61472,91.07422,180.6825,200.58044,275.0755,21
289,3,337.67212,78.82741,246.52184,274.31583,341.91977,21
289,4,310.0797,63.831127,236.03484,248.6186,322.41684,21
289,5,243.64577,78.918686,165.1289,192.64146,222.54312,21
289,6,115.97955,41.746937,64.84154,71.95664,113.92313,21
289,7,81.41774,37.67002,47.373653,49.338947,75.290985,21
289,8,43.449684,18.895601,21.13097,27.47842,38.633816,21
289,9,44.158108,20.746725,16.324938,23.089716,44.110924,21
289,10,57.22365,28.569674,24.998142,31.50457,49.62948,21
289,11,96.47834,39.62442,50.47306,64.870125,90.69414,21
289,12,154.69406,98.10829,65.28084,68.252235,115.3476,21
290,1,285.1311,71.1502,210.76321,219.90875,271.32898,21
290,2,236.8144,51.824905,178.29442,197.1731,233.00266,21
290,3,287.81656,40.726585,234.70845,262.0146,278.51236,21
290,4,279.58423,47.93984,221.74286,238.57492,274.01813,21
290,5,282.82867,43.4428,222.6677,244.241,291.47348,21
290,6,177.07678,37.258774,127.72417,135.82312,178.11195,21
290,7,173.55421,44.48767,135.42023,143.69452,175.80159,21
290,8,144.65309,39.435867,92.92463,114.11559,149.24664,21
290,9,162.89264,46.901417,105.74428,136.02615,157.73093,21
290,10,172.84119,33.6544,138.04128,150.4351,168.77385,21
290,11,200.37242,38.336826,147.30435,161.82555,205.54051,21
290,12,235.90329,48.254253,199.1239,201.90004,230.6929,21
291,1,310.392,50.24837,254.19196,267.78232,298.55063,21
291,2,280.69232,43.501015,215.80205,247.28624,285.9202,21
291,3,320.9192,38.96543,268.74133,291.77856,323.70975,21
291,4,283.41397,35.69422,238.22131,258.12817,281.80185,21
291,5,230.4774,34.337917,181.87004,195.1064,235.98041,21
291,6,159.93835,40.20639,113.1397,131.4135,154.2684,21
291,7,112.44212,33.734962,79.8016,83.27875,110.72086,21
291,8,117.941666,31.045225,72.09385,92.970726,115.6489,21
291,9,154.25488,29.2028,122.38384,124.21591,158.05684,21
291,10,203.03253,25.568316,169.70215,178.88141,204.97585,21
291,11,241.76672,33.523327,212.61206,226.01656,241.12311,21
291,12,273.95776,43.707993,232.04863,242.51033,263.55994,21
292,1,257.0233,76.47435,162.80782,185.43327,281.47876,21
292,2,291.18295,71.79467,203.22958,245.91145,296.90707,21
292,3,333.37418,74.3845,236.58997,295.83365,341.85345,21
292,4,347.3858,82.02183,241.08656,292.41364,345.8577,21
292,5,232.37956,103.94859,133.73773,166.59026,222.5307,21
292,6,81.22918,39.44766,48.496933,55.284077,66.2799,21
292,7,56.753784,33.251022,28.467024,33.498215,44.60547,21
292,8,30.268145,12.504417,16.786625,20.153044,27.807302,21
292,9,31.30978,19.118528,10.22933,14.514771,34.795036,21
292,10,27.5035,13.956968,11.899643,13.876683,26.95975,21
292,11,52.928223,25.91384,28.171291,29.704231,45.768143,21
292,12,122.78102,46.290108,72.275276,79.63608,120.42366,21
293,1,288.28796,67.82088,190.99023,247.25217,282.33917,21
293,2,279.05695,54.634804,207.08165,227.9569,292.45554,21
293,3,348.57556,57.850292,296.98407,323.77548,348.77518,21
293,4,301.548,47.928883,257.5554,281.19025,292.84567,21
293,5,248.19873,52.719982,182.1818,198.1292,261.2252,21
293,6,150.03331,46.509087,95.97838,113.147865,142.3148,21
293,7,111.741035,36.343945,76.554634,87.49534,108.20814,21
293,8,77.84851,31.058205,39.834595,47.73077,74.7402,21
293,9,57.443504,30.682886,25.594757,33.695175,48.828762,21
293,10,77.05381,30.082903,45.075577,49.104523,71.95008,21
293,11,129.06935,58.099552,54.166508,86.64794,123.54134,21
293,12,162.86339,61.144917,81.44166,112.25085,167.44841,21
294,1,217.00644,59.93425,140.51518,165.72519,227.82019,21
294,2,272.94147,72.16457,166.65897,216.35493,287.83926,21
294,3,333.1788,75.757484,259.4882,265.24097,328.59106,21
294,4,333.68283,68.582,260.49182,279.97,319.64694,21
294,5,217.29045,89.70437,135.07466,156.78003,206.16039,21
294,6,74.85931,36.133038,39.746914,52.69438,59.67403,21
294,7,52.101196,26.570765,25.384018,32.320717,44.27177,21
294,8,26.342464,12.848287,13.693508,15.416863,22.001287,21
294,9,27.55108,16.438288,8.818615,10.374846,30.24176,21
294,10,28.284048,12.785884,12.056013,14.568401,27.60412,21
294,11,45.88333,21.20265,21.069042,25.120289,44.177982,21
294,12,119.70616,46.743465,71.465645,75.24726,120.900406,21
295,1,272.75552,74.23945,179.60599,223.88641,268.79227,21
295,2,296.497,59.539597,214.7005,230.15901,302.6208,21
295,3,344.74158,66.49078,295.89105,309.62094,339.7272,21
295,4,323.21954,51.52239,272.1236,283.27795,326.75845,21
295,5,245.3514,60.13664,188.54254,194.20602,238.34329,21
295,6,128.37166,34.336315,91.71545,97.7902,124.06266,21
295,7,95.947075,35.30032,57.097813,74.06915,90.055954,21
295,8,72.14459,29.919107,36.972054,37.830647,66.94706,21
295,9,63.87944,29.476353,31.775978,37.314957,65.2082,21
295,10,86.96616,31.109005,47.36935,60.305824,80.22698,21
295,11,139.67517,63.680855,49.492165,75.981705,147.26187,21
295,12,171.492,78.870316,75.96819,98.150764,155.49017,21
296,1,368.5487,73.44852,260.96417,313.91086,396.63232,21
296,2,420.47876,103.345,320.6358,346.2508,415.5308,21
296,3,500.11258,106.230316,358.40274,428.10934,499.4529,21
296,4,421.91965,87.34671,318.87497,369.8516,424.88644,21
296,5,301.09445,98.102036,184.07512,223.9303,281.1795,21
296,6,121.74448,64.42999,51.139885,68.8826,111.743515,21
296,7,86.392334,35.43161,46.955025,58.277275,75.80927,21
296,8,46.201874,22.490694,16.42731,30.105536,42.71887,21
296,9,45.153297,18.833769,26.470112,29.015257,42.254745,21
296,10,42.67123,19.630745,17.223991,25.286823,45.30627,21
296,11,86.81394,48.54218,35.919495,42.752136,76.039116,21
296,12,194.54276,70.51345,118.09727,137.88992,182.84744,21
297,1,331.08514,75.364914,241.49336,261.90155,334.0983,21
297,2,417.84534,109.972374,284.94577,329.01678,434.84732,21
297,3,452.95383,91.171394,351.94128,364.39172,453.7556,21
297,4,390.08215,77.38557,307.78116,343.5436,381.63147,21
297,5,280.54916,99.349144,181.10336,196.14876,260.63525,21
297,6,109.27684,49.766655,54.873898,68.092545,94.68096,21
297,7,78.38292,37.0108,40.56963,46.63202,69.68943,21
297,8,40.795364,20.537497,14.572656,18.5993,39.82923,21
297,9,39.617924,17.462925,17.328056,25.878963,42.557583,21
297,10,43.415016,20.153872,20.0171,23.407085,44.111217,21
297,11,90.73401,53.076553,38.145493,48.122726,74.4962,21
297,12,193.83133,75.676544,117.09255,142.34164,175.61171,21
298,1,298.09106,75.141685,192.35469,252.12968,308.95294,21
298,2,272.15112,59.417736,190.76482,215.6868,285.41116,21
298,3,342.9322,53.3063,278.73203,296.77188,340.43204,21
298,4,307.95337,45.806343,250.91559,272.25912,308.82208,21
298,5,248.42271,47.34318,188.86914,210.76091,249.90942,21
298,6,155.76389,46.476562,116.13206,131.47131,154.44704,21
298,7,104.521194,27.91018,81.56401,86.37893,105.60797,21
298,8,83.26298,29.843763,50.940567,55.251034,81.90972,21
298,9,84.33211,30.425035,50.568775,60.729427,82.74205,21
298,10,106.158165,27.264414,74.50607,84.38533,103.88722,21
298,11,129.79161,51.409737,61.586216,94.42521,122.28716,21
298,12,177.36827,47.828354,109.20567,140.81366,171.43832,21
299,1,289.90445,73.59397,199.7281,216.63794,289.3338,21
299,2,280.23697,60.786263,224.29884,233.52919,277.65625,21
299,3,348.4138,55.120525,276.10458,318.9194,344.6025,21
299,4,279.17197,47.115765,231.4195,246.84738,277.41318,21
299,5,215.97493,50.203262,148.27983,174.03452,235.71106,21
299,6,135.71565,40.152935,102.3266,110.22266,132.53616,21
299,7,91.20616,31.285206,62.697723,74.08947,89.22758,21
299,8,61.00042,25.785429,34.142685,38.20386,54.518158,21
299,9,47.687107,22.50712,29.276018,30.20336,45.817654,21
299,10,63.484097,20.695223,39.224556,47.49729,60.613506,21
299,11,74.60809,28.832788,46.0917,48.71159,73.066574,21
299,12,109.269104,30.370697,72.81465,84.88545,109.49458,21
300,1,241.81442,70.82859,146.66179,187.57132,238.17435,21
300,2,222.04083,75.68825,150.11894,156.27063,210.4596,21
300,3,309.28143,61.228397,231.77234,264.901,317.10062,21
300,4,308.34723,45.985737,264.51047,278.05252,306.7272,21
300,5,305.07687,69.213425,220.77298,232.39445,303.43622,21
300,6,206.28036,57.26376,146.96408,160.55832,191.9128,21
300,7,166.51611,48.631023,119.609184,122.450676,156.6528,21
300,8,135.29192,43.04427,97.34996,100.68532,135.92319,21
300,9,152.20502,46.474594,95.6216,106.92946,150.4635,21
300,10,168.43005,35.072388,134.93132,138.97781,166.3933,21
300,11,193.08011,42.79508,136.85097,170.48706,196.44969,21
300,12,237.69548,31.996729,201.87027,214.48976,243.11086,21
301,1,294.4776,74.87163,210.10204,244.55612,290.24063,21
301,2,261.92896,76.29252,184.42311,210.78583,274.4285,21
301,3,327.7978,50.43812,260.3342,288.28818,318.86395,21
301,4,303.8353,41.622585,265.81973,266.3693,292.74225,21
301,5,286.75153,57.74688,229.79138,246.03098,275.5612,21
301,6,190.46701,44.328285,136.34991,149.78693,189.12215,21
301,7,143.51936,38.85556,95.86967,103.959694,145.43022,21
301,8,137.11716,36.05161,100.71641,108.544556,136.7532,21
301,9,162.81052,42.51686,121.38179,129.09186,163.99278,21
301,10,184.93263,35.26142,139.10745,153.76915,187.73445,21
301,11,204.71404,45.080772,148.68082,176.19484,208.02177,21
301,12,251.02527,41.57672,195.53246,213.26865,254.8341,21
302,1,260.72943,68.18697,177.9364,212.73506,259.52667,21
302,2,233.33226,86.29043,148.05954,157.52112,218.73187,21
302,3,317.1025,62.48918,255.76517,263.38663,303.589,21
302,4,313.6445,46.772453,273.56503,281.02826,297.7199,21
302,5,316.85406,74.31074,228.51338,237.08276,324.6325,21
302,6,197.49481,51.1291,142.72711,162.27454,186.57863,21
302,7,149.5625,45.05653,101.111534,109.899414,134.60251,21
302,8,130.02892,37.10964,93.95811,102.250984,132.4652,21
302,9,156.77396,41.840965,113.50052,123.508606,161.32236,21
302,10,177.22151,31.85933,140.09927,145.27321,172.30981,21
302,11,207.6206,44.901485,154.04288,163.31567,213.30557,21
302,12,236.14885,40.05911,194.45552,196.10086,239.29765,21
303,1,302.20798,72.50422,215.1454,246.45021,279.85187,21
303,2,257.94998,77.603226,171.15349,200.30093,266.49008,21
303,3,326.14642,51.150517,273.45364,285.92365,318.07007,21
303,4,307.19934,42.6776,254.66046,270.6042,304.38663,21
303,5,280.833,58.864826,207.40039,239.5109,272.1797,21
303,6,186.81644,43.20261,138.2499,159.73582,182.3732,21
303,7,134.17722,37.229885,91.5285,102.20751,133.9778,21
303,8,136.41391,32.92958,101.6421,118.05993,132.23209,21
303,9,150.16559,40.06522,106.888405,118.21863,148.73439,21
303,10,185.39383,32.88827,145.85204,155.73308,186.60292,21
303,11,209.9688,42.796604,153.2934,170.34845,219.60791,21
303,12,258.3893,48.275345,188.15118,215.29468,266.06296,21
304,1,204.50931,68.193474,105.54658,139.79173,222.9003,21
304,2,290.40952,81.123764,194.49673,221.58632,289.4046,21
304,3,355.5451,78.54302,243.5945,270.93542,361.34146,21
304,4,322.57193,67.4113,265.7252,273.57828,308.54318,21
304,5,248.08504,81.03144,174.11023,191.99178,227.80573,21
304,6,119.62997,50.21299,72.93407,86.4375,105.89243,21
304,7,76.002625,45.02577,32.498222,43.22722,70.89944,21
304,8,49.52852,17.146591,27.685423,36.886395,50.589405,21
304,9,58.43554,28.712303,24.371881,33.421886,55.937157,21
304,10,63.343987,37.715958,31.360188,38.010815,47.961906,21
304,11,81.52138,38.794807,27.713778,57.59954,81.412674,21
304,12,163.45929,103.57341,69.32027,88.51169,140.48514,21
305,1,219.75232,74.43842,117.55775,121.15789,229.50099,21
305,2,278.7073,90.46947,168.40387,219.7379,271.1757,21
305,3,333.56567,73.173,246.39584,264.97183,349.72357,21
305,4,304.91962,72.320045,240.17345,258.63556,284.16876,21
305,5,237.79861,81.777534,160.8124,167.73045,210.1681,21
305,6,110.707726,42.907413,69.900314,78.90167,93.63055,21
305,7,68.86957,32.076607,39.640694,42.939857,60.66647,21
305,8,45.56118,16.283577,20.716963,30.498999,43.888515,21
305,9,49.554367,24.795095,24.956049,27.005262,48.508236,21
305,10,64.264175,36.746788,33.01525,38.595978,48.45518,21
305,11,95.21778,40.189793,36.53733,68.52119,96.59396,21
305,12,157.17859,100.94099,65.59718,74.377785,122.21343,21
306,1,302.8474,128.73854,187.66368,198.39633,267.82452,21
306,2,254.4355,74.5998,175.02853,184.52678,266.27637,21
306,3,317.04468,70.34586,230.33241,269.94415,320.88467,21
306,4,329.14493,55.520775,267.46033,298.38794,331.89224,21
306,5,278.63873,62.176674,204.76353,216.06412,267.92792,21
306,6,166.9009,46.11481,109.30761,128.89865,178.3981,21
306,7,119.6173,31.748844,95.146576,100.737114,115.157166,21
306,8,93.623634,31.07631,59.985744,63.031464,90.31427,21
306,9,128.54263,29.916588,94.86996,119.754486,128.2072,21
306,10,130.17117,29.151627,91.68696,105.02014,135.01926,21
306,11,169.45937,69.437004,82.73538,122.15779,162.00342,21
306,12,238.455,58.741875,164.98547,196.77364,243.55392,21
307,1,291.175,132.12543,185.72511,198.34431,241.90324,21
307,2,242.31355,70.52299,165.18489,175.09988,242.2362,21
307,3,307.18436,71.12404,217.84546,257.18045,322.007,21
307,4,316.69992,54.690933,262.4793,280.8816,316.63986,21
307,5,255.94678,65.703415,183.35616,200.63133,241.96199,21
307,6,159.55038,49.87856,102.30441,132.72725,171.93889,21
307,7,120.56737,27.670109,94.2974,110.34608,117.00852,21
307,8,88.10322,22.60655,58.058037,69.96201,88.18512,21
307,9,113.25266,22.50553,77.688545,102.81721,114.74028,21
307,10,125.24996,26.751057,93.04749,100.625565,127.933,21
307,11,164.83305,63.687172,92.86524,133.80084,155.31172,21
307,12,224.64671,58.344143,153.08888,193.2348,214.52522,21
308,1,223.51874,58.823174,144.14291,174.93729,212.86023,21
308,2,228.73607,45.885685,168.23112,200.95038,228.38445,21
308,3,293.62302,35.415714,257.17163,276.81052,298.75992,21
308,4,329.8063,37.75144,291.19205,305.1634,322.84128,21
308,5,318.39355,33.67118,287.04782,296.22998,310.16974,21
308,6,274.1176,24.267948,242.44083,251.62122,273.40845,21
308,7,246.83066,32.347595,210.77405,219.17992,245.55644,21
308,8,200.99538,28.661558,158.63368,171.3086,209.44267,21
308,9,210.08296,25.754766,182.08464,186.02786,209.0617,21
308,10,226.025,24.27879,198.05789,205.26707,224.89345,21
308,11,234.11528,24.387869,209.53194,216.33871,235.09944,21
308,12,238.64262,35.683434,190.48683,219.01155,235.69359,21
309,1,287.06976,48.11164,227.87636,245.7984,288.2966,21
309,2,269.20413,35.26728,222.06973,230.95285,264.58313,21
309,3,289.0729,36.851116,242.22475,262.34393,284.61612,21
309,4,280.614,40.70322,241.99635,251.02246,276.87857,21
309,5,233.89119,34.3174,179.20898,211.51013,231.17714,21
309,6,164.45972,37.374184,116.934685,138.71738,160.05319,21
309,7,119.25665,31.501537,85.20682,99.27868,110.7258,21
309,8,120.13942,33.270954,76.28578,86.83355,126.4683,21
309,9,154.084,31.145092,108.96802,128.05724,159.70457,21
309,10,196.43254,39.259167,152.984,165.43507,189.93076,21
309,11,230.66629,31.647074,202.34062,213.51442,228.44597,21
309,12,251.16193,40.957413,213.9165,227.65186,243.06985,21
310,1,146.26262,70.14438,64.47065,94.68203,154.92896,21
310,2,200.67961,81.19261,88.31918,153.23923,197.0545,21
310,3,287.56226,82.180954,211.7092,225.15422,274.98618,21
310,4,305.80396,121.25741,161.50183,165.22186,299.09583,21
310,5,178.28731,105.91802,82.54548,86.67191,155.85347,21
310,6,58.373623,32.808434,16.358696,28.808804,55.47899,21
310,7,38.839676,26.067663,11.725975,11.805527,36.20656,21
310,8,1.9958811,3.3451169,0.0,0.0,0.0,21
310,9,0.96303105,2.2825074,0.0,0.0,0.0,21
310,10,4.649112,4.3006563,0.0,0.0,5.136105,21
310,11,8.468038,3.2370017,5.1136723,5.4661045,8.078041,21
310,12,34.89674,28.190544,7.2063065,13.007185,23.145706,21
311,1,155.21904,85.55195,64.57682,82.467125,127.96684,21
311,2,190.74939,73.87366,98.10825,135.97543,189.568,21
311,3,262.7699,73.063736,168.51416,185.58041,261.9165,21
311,4,291.13843,121.58618,150.76352,179.8817,284.7693,21
311,5,164.30466,116.2962,71.118225,78.82096,118.32716,21
311,6,49.682243,30.873878,16.691828,23.50004,43.365646,21
311,7,23.899853,13.572233,11.334792,13.286129,20.66454,21
311,8,2.9588826,3.2580857,0.43713433,0.5099163,1.4781767,21
311,9,1.8900636,1.8312329,0.0,0.2360078,1.0909774,21
311,10,4.790205,3.8138492,0.37979925,0.5314108,4.9567084,21
311,11,9.799603,6.3625407,4.683914,5.715586,7.944359,21
311,12,39.02496,30.85445,8.810039,15.6525,27.538435,21
312,1,302.7477,101.25028,203.94499,230.39221,306.9911,21
312,2,271.64175,80.06745,176.89554,202.1172,272.57053,21
312,3,316.88452,82.25754,222.01326,246.99356,329.33972,21
312,4,317.23688,59.458893,231.62766,273.74167,323.13895,21
312,5,239.41394,61.216427,162.65207,204.62773,230.16301,21
312,6,128.16545,41.89571,74.643974,103.79021,129.75816,21
312,7,87.77031,34.039898,51.06955,61.702805,84.28935,21
312,8,71.383705,28.604702,36.228363,48.078766,69.56346,21
312,9,104.66774,38.267044,76.164185,82.46623,97.92626,21
312,10,116.97652,32.81103,80.14993,85.85199,113.492744,21
312,11,169.10744,65.75557,89.58621,119.60597,173.0269,21
312,12,226.12979,52.060734,177.71146,187.42242,228.8867,21
313,1,277.30862,99.3345,192.84532,226.63919,242.89287,21
313,2,264.59946,79.8696,181.6933,206.92004,251.43352,21
313,3,301.6951,58.2273,254.44089,256.36496,309.21625,21
313,4,296.54907,36.823685,248.73802,256.62518,307.61905,21
313,5,250.51149,49.99472,206.90036,211.3952,263.3585,21
313,6,146.989,51.35981,103.84663,118.33695,143.11023,21
313,7,117.526596,28.48031,90.225174,105.77391,111.58424,21
313,8,88.21855,27.042711,59.75749,67.791405,84.57887,21
313,9,113.854805,23.782124,81.3708,100.45596,114.36929,21
313,10,135.70338,25.477474,104.5917,112.04237,133.31049,21
313,11,167.92464,56.03522,107.46062,128.82643,164.18233,21
313,12,242.46237,48.838577,191.94533,207.35963,235.05118,21
314,1,172.83667,77.90534,71.84758,115.19868,169.14307,21
314,2,205.46077,68.286095,125.41742,167.11865,207.90865,21
314,3,292.68246,70.48393,216.12003,237.75722,290.31744,21
314,4,307.85248,112.886444,174.04402,179.2119,302.6088,21
314,5,183.20564,95.957375,90.76418,118.37506,160.71886,21
314,6,63.356277,32.268475,20.290197,34.33702,69.27486,21
314,7,39.08295,26.599716,12.146141,13.223187,29.978466,21
314,8,4.940519,5.386527,0.0,0.2744769,2.8162243,21
314,9,2.493747,3.4566245,0.0,0.0,0.671907,21
314,10,6.8076005,5.733786,1.0798304,2.0203462,5.686163,21
314,11,11.972585,6.7075744,5.0520554,6.6174674,9.10483,21
314,12,41.290375,28.788609,9.7945175,21.495369,33.58752,21
315,1,186.74994,87.37939,96.90729,117.70064,182.34535,21
315,2,214.86478,78.89707,100.58486,157.69852,227.74432,21
315,3,299.49475,74.68064,196.72678,211.831,299.4213,21
315,4,273.99036,95.22162,171.7792,185.85297,259.53687,21
315,5,140.84644,91.646164,67.2169,85.83712,106.450226,21
315,6,39.825825,25.666569,13.650348,21.61287,34.051945,21
315,7,18.557398,13.638295,8.819632,10.498944,14.337524,21
315,8,5.288367,4.093898,1.6435355,1.8077366,4.241585,21
315,9,6.8393745,3.9766695,3.1483626,3.418103,4.6522026,21
315,10,11.3995285,7.0681634,5.2503467,5.983108,10.414506,21
315,11,22.889858,12.300057,10.127326,10.8387575,19.733822,21
315,12,63.64101,31.534527,27.601389,34.787735,61.431538,21
316,1,318.32715,73.62941,222.84647,243.30353,337.43036,21
316,2,420.03363,116.44786,320.3857,321.2091,433.65594,21
316,3,445.5862,99.51418,315.54837,357.81558,444.58615,21
316,4,368.0406,83.38459,282.13828,304.3091,365.7591,21
316,5,281.84943,101.42785,173.76659,199.10344,291.5595,21
316,6,102.76917,44.7297,42.668934,60.23866,101.42117,21
316,7,68.35671,29.778936,42.97305,46.493958,56.8618,21
316,8,40.748375,21.636946,15.221992,19.106892,40.992123,21
316,9,39.921368,18.080868,18.751925,24.404686,39.315575,21
316,10,44.52914,21.291082,20.302402,24.944984,44.674847,21
316,11,92.0949,55.755295,42.079628,47.178295,72.48725,21
316,12,194.15573,71.16388,121.906784,133.14621,182.40402,21
317,1,316.09564,75.644264,220.54617,230.54068,334.0258,21
317,2,371.2589,96.92096,266.72208,278.7246,357.35568,21
317,3,438.74405,89.11738,336.1548,360.86655,449.72415,21
317,4,374.51068,90.19949,265.92914,306.00122,366.84576,21
317,5,266.68524,105.54655,160.99568,186.25613,262.26953,21
317,6,91.19845,38.908413,46.49429,51.262856,88.58706,21
317,7,55.130573,23.167215,35.704784,40.197926,48.344997,21
317,8,34.305294,18.433203,16.265808,19.47298,31.888947,21
317,9,34.28415,15.737599,13.780914,22.344751,33.291584,21
317,10,44.04689,20.281973,20.474043,25.879965,41.836315,21
317,11,96.08336,52.250957,40.800083,50.021954,90.23005,21
317,12,185.51646,60.57268,120.920204,136.04048,182.84448,21
318,1,190.59602,59.36586,137.21893,141.16386,184.94174,21
318,2,231.40227,72.20658,131.6612,179.0361,220.62663,21
318,3,307.19946,67.1242,225.94122,242.65385,307.6274,21
318,4,305.7566,92.38248,194.86322,217.75479,322.6308,21
318,5,175.72147,90.37345,92.33901,106.55102,150.20865,21
318,6,68.39483,32.869244,21.972738,48.998573,61.989952,21
318,7,38.717087,29.566717,14.028496,18.255056,31.852705,21
318,8,10.2439375,8.029074,3.286036,5.0256176,7.4755077,21
318,9,8.014517,5.213509,2.7977133,3.5768511,6.885325,21
318,10,11.800791,7.788239,3.486105,6.233526,11.399241,21
318,11,21.888145,14.198945,7.420171,9.407517,19.01641,21
318,12,71.30685,36.962097,30.422054,43.950806,67.60749,21
319,1,182.44832,76.74598,96.48741,121.19041,176.99713,21
319,2,215.78537,62.99628,133.57193,164.93303,215.0404,21
319,3,301.46933,71.161606,228.19896,236.22011,296.9308,21
319,4,298.42834,97.51687,191.09895,198.63686,302.95093,21
319,5,186.74335,100.09761,84.262505,133.63443,148.68608,21
319,6,69.338486,34.809307,20.647352,45.319824,66.43304,21
319,7,39.217865,29.001274,11.743545,14.830682,35.301685,21
319,8,7.6704507,7.611087,0.0,0.57714623,7.017076,21
319,9,4.6256266,5.261654,0.0,0.0,3.8036327,21
319,10,10.713416,10.536939,1.3446046,5.449889,8.899917,21
319,11,19.838125,12.526101,8.3046875,8.8365135,15.5419035,21
319,12,50.709106,31.27047,22.395487,28.091002,47.95517,21
320,1,245.26736,76.314224,144.04855,186.4449,255.13554,21
320,2,251.18378,71.432274,167.81052,193.79453,244.08508,21
320,3,331.01276,72.99579,269.50546,276.61093,325.27777,21
320,4,308.52045,94.81202,195.95207,225.49402,314.67285,21
320,5,170.66399,104.42993,80.87918,94.04413,143.1548,21
320,6,49.911564,31.697504,26.362293,29.350918,37.676342,21
320,7,33.1018,19.661562,17.58575,20.193754,23.999126,21
320,8,15.077135,5.9723873,8.839477,9.305403,14.150906,21
320,9,18.198439,12.669552,8.638237,9.34175,14.145778,21
320,10,24.055624,15.389941,12.345398,13.332418,20.245451,21
320,11,64.67265,38.245094,25.084877,35.43996,54.709614,21
320,12,119.57886,50.221436,69.092705,75.00336,106.048676,21
321,1,246.47035,73.14959,171.93509,189.04308,241.77477,21
321,2,308.3023,91.96141,189.17424,212.00876,303.30737,21
321,3,375.85397,82.9635,273.1652,314.691,368.40567,21
321,4,375.72278,87.24751,264.48172,305.87802,365.2771,21
321,5,248.98337,86.98232,132.00322,171.34024,242.69434,21
321,6,109.04736,54.397266,34.113815,65.79718,114.53379,21
321,7,66.35622,34.477882,34.881443,39.579636,62.42488,21
321,8,36.229572,16.387054,18.178257,22.373493,34.291615,21
321,9,19.064585,9.885384,6.011539,9.792968,19.23865,21
321,10,26.412271,13.233711,12.387537,13.719916,23.9526,21
321,11,39.60441,23.816547,11.833233,14.127662,38.346455,21
321,12,109.24909,45.82801,67.83907,71.437355,102.341705,21
322,1,199.83376,61.781017,121.57658,151.58862,202.74669,21
322,2,245.41283,82.18499,151.4797,175.74707,258.92862,21
322,3,335.91818,84.33941,263.21884,276.88397,322.74207,21
322,4,300.13892,89.87391,194.14919,217.22638,298.84805,21
322,5,175.28079,108.5773,75.19784,103.06453,162.84131,21
322,6,44.362747,28.406675,19.147696,22.900684,31.69208,21
322,7,32.718037,19.805485,17.944353,18.577112,25.0316,21
322,8,11.541161,3.5567808,7.1756454,8.349942,12.004037,21
322,9,16.430412,11.728721,6.7871966,8.684757,13.259404,21
322,10,18.544195,11.8188095,6.09841,8.346287,17.232319,21
322,11,50.002476,28.083239,19.646807,25.676083,46.93874,21
322,12,104.652435,45.34381,58.54064,64.863686,98.8136,21
323,1,243.12807,80.42535,152.5788,183.13373,244.28625,21
323,2,298.35962,89.05105,183.69632,214.21819,280.82413,21
323,3,371.1661,94.01241,244.89607,313.2131,365.59213,21
323,4,365.0011,90.30538,273.25934,287.76028,379.8467,21
323,5,211.64139,85.480095,118.22679,148.77745,206.96855,21
323,6,79.12515,45.293762,29.713387,40.475285,69.855835,21
323,7,48.802425,24.10205,24.354763,33.480526,42.562363,21
323,8,25.18431,12.49921,13.283507,13.4565325,26.388868,21
323,9,21.47557,11.893709,7.832077,11.273077,18.64564,21
323,10,31.426031,13.611082,17.035633,19.787626,29.920456,21
323,11,47.08703,26.562756,14.614149,19.711082,46.9541,21
323,12,113.34846,43.734802,74.75968,79.45952,113.19075,21
324,1,291.13272,72.70691,202.10854,241.8149,293.37424,21
324,2,282.21573,74.416466,198.03827,208.6854,299.88187,21
324,3,334.8682,69.1211,246.66588,277.90326,331.44882,21
324,4,314.17288,53.574436,228.2996,274.0254,317.78113,21
324,5,241.61058,51.699596,179.33437,197.08879,243.41685,21
324,6,137.61177,42.6942,88.69075,117.5889,126.57999,21
324,7,86.96848,29.87955,59.643646,65.73776,86.376335,21
324,8,74.32526,28.804733,41.620235,47.341503,69.73898,21
324,9,90.81626,35.518517,56.548084,66.5101,94.743195,21
324,10,106.53039,29.601059,75.80763,80.14822,108.78829,21
324,11,167.78162,60.48931,91.37864,128.65703,167.20265,21
324,12,220.59756,59.30863,167.36746,177.91096,203.9591,21
325,1,282.91852,81.11989,185.53958,215.71675,281.25732,21
325,2,283.59448,67.350204,206.34706,221.35147,264.05383,21
325,3,345.97714,47.139507,306.06836,324.68274,347.69913,21
325,4,282.1067,38.400448,241.731,249.69322,275.71353,21
325,5,227.26337,69.17911,148.27837,183.18636,223.15155,21
325,6,135.06424,37.78693,91.65525,108.885414,136.57788,21
325,7,87.886314,33.105034,54.100327,61.10794,88.43457,21
325,8,57.79992,29.343712,24.945347,31.991135,51.281796,21
325,9,55.055733,23.915892,31.31063,38.61041,57.462982,21
325,10,80.39866,24.516949,55.478405,58.833244,77.627335,21
325,11,91.25961,42.08616,47.4152,61.803574,83.30733,21
325,12,147.12175,39.73255,96.588715,106.042984,154.8506,21
326,1,302.37283,71.6942,207.56686,250.58556,292.89807,21
326,2,290.4235,55.07712,201.96815,245.41254,290.61588,21
326,3,343.54868,43.721897,306.52765,317.40594,345.37952,21
326,4,298.91736,44.63,250.29182,268.9179,298.41116,21
326,5,241.30403,50.321228,182.721,199.83232,243.737,21
326,6,142.79532,42.353783,108.78849,111.60031,136.99812,21
326,7,88.105446,32.830788,58.31255,65.66726,81.47313,21
326,8,78.04901,31.306677,45.376835,58.45807,71.384415,21
326,9,84.46056,35.699734,42.53052,63.628468,78.65622,21
326,10,105.577835,38.86376,64.072,80.32583,91.19655,21
326,11,135.69493,49.173683,74.771576,105.301384,133.02408,21
326,12,186.06891,47.167976,115.01502,144.6342,193.54173,21
327,1,309.3996,59.98841,223.97137,273.3919,300.5994,21
327,2,291.1969,44.334473,229.78459,244.12459,303.8516,21
327,3,347.35358,32.27721,317.58838,325.1837,346.3111,21
327,4,307.08554,35.195763,257.23953,277.19943,305.48993,21
327,5,223.61058,60.627716,162.0422,166.78148,217.4902,21
327,6,96.58929,37.077988,63.602036,70.88499,85.67876,21
327,7,61.2617,31.735832,30.704918,36.374096,57.749523,21
327,8,73.46064,33.215694,34.43753,47.481388,62.39066,21
327,9,101.28012,31.887596,75.28954,78.01852,94.816475,21
327,10,130.16414,42.035263,83.3009,96.466255,127.58324,21
327,11,173.26321,53.046894,111.82873,128.66698,180.40932,21
327,12,224.76784,53.58858,160.83833,162.0905,229.7191,21
328,1,283.33786,68.57996,186.53543,230.96706,267.7682,21
328,2,240.41441,76.41103,147.33775,177.57141,253.17949,21
328,3,313.55182,51.30507,256.24127,269.77536,315.39767,21
328,4,319.48477,43.117996,273.131,274.55286,311.4958,21
328,5,288.2825,60.307037,214.46892,227.40952,297.99637,21
328,6,191.55228,46.870995,148.33208,157.73354,188.38887,21
328,7,140.90033,34.638866,96.30321,115.52613,143.98407,21
328,8,130.59462,32.860268,95.10445,108.7098,131.45117,21
328,9,146.12527,42.615795,93.3082,102.578705,153.41145,21
328,10,181.99458,30.289454,147.11958,152.47945,179.39445,21
328,11,207.30505,39.509228,157.88225,171.99472,210.50893,21
328,12,243.05241,44.25486,200.7079,208.59459,239.14864,21
329,1,298.73248,56.960827,240.77507,261.5334,296.93906,21
329,2,281.00894,59.105644,207.02847,233.97672,288.0046,21
329,3,319.8932,46.920124,273.69403,281.38626,314.92468,21
329,4,289.15027,40.497402,244.00899,263.82803,283.41495,21
329,5,246.39102,47.811382,197.40198,213.15685,251.39418,21
329,6,144.30261,47.473595,95.330864,108.73652,144.33443,21
329,7,96.94489,32.6023,66.09179,78.23367,93.62017,21
329,8,87.50338,28.263508,54.138855,55.282074,89.640434,21
329,9,109.75551,27.20463,75.413795,89.54659,110.27027,21
329,10,144.45992,29.487637,114.97432,119.107864,136.3239,21
329,11,177.7407,46.998196,127.898636,148.58286,174.2056,21
329,12,266.12354,49.72897,207.87479,217.46925,267.1475,21
330,1,310.57083,50.78892,257.221,268.6517,304.98392,21
330,2,278.6145,62.204903,201.41571,253.53075,290.3512,21
330,3,332.4232,43.66464,288.57697,300.4956,329.11368,21
330,4,316.28674,42.096333,266.94705,291.01,318.14795,21
330,5,240.13533,55.046238,188.34192,197.1397,223.79059,21
330,6,146.49246,39.344925,98.57058,107.741455,152.30618,21
330,7,114.2253,34.53031,78.9834,81.834785,107.586975,21
330,8,105.896645,31.459713,56.994854,78.729454,110.904335,21
330,9,141.14241,26.714254,108.268745,114.28566,146.33649,21
330,10,183.1149,32.18323,147.08778,156.61789,172.17296,21
330,11,207.27249,33.303917,168.29834,191.31406,203.03937,21
330,12,267.6873,47.00514,200.71848,229.94804,275.48715,21
331,1,284.50623,68.48859,222.39574,228.55048,269.93283,21
331,2,254.30725,70.376595,166.72296,203.36505,245.4228,21
331,3,307.32806,58.609493,238.80653,261.67624,320.72488,21
331,4,296.22897,50.508713,228.11928,249.04684,288.9489,21
331,5,280.3405,66.53633,192.35388,241.18517,271.64594,21
331,6,187.18588,57.15528,129.44446,148.66893,182.64536,21
331,7,135.34021,35.71669,93.093544,103.65393,137.17694,21
331,8,105.21695,36.869053,68.48704,76.453735,95.62618,21
331,9,145.35384,40.039135,99.81379,106.75602,141.02922,21
331,10,183.23244,28.783937,140.41293,155.83643,184.57791,21
331,11,207.88327,45.72748,154.79713,161.41142,206.93947,21
331,12,238.42445,49.820267,188.64275,198.37552,233.10164,21
332,1,278.76813,70.853035,202.67807,211.25435,268.3435,21
332,2,242.02406,59.425247,180.43556,184.0093,247.33191,21
332,3,299.08267,45.347176,242.65887,261.11105,289.89453,21
332,4,311.00357,40.344784,268.4298,277.7446,305.50986,21
332,5,308.1133,44.890438,254.81944,263.81906,312.20358,21
332,6,227.55948,43.06098,177.30644,186.43372,224.83504,21
332,7,198.73044,37.904568,163.41551,171.93425,202.35236,21
332,8,159.79338,35.089874,115.33408,131.84718,156.82643,21
332,9,177.44958,39.55688,136.10452,140.84601,178.89024,21
332,10,181.43408,26.76175,156.69994,159.31572,172.6343,21
332,11,217.1536,42.22666,165.87648,185.44022,209.45384,21
332,12,252.0814,39.78959,217.38809,222.12712,234.48668,21
333,1,285.8973,80.94436,190.11183,213.01357,281.15952,21
333,2,289.28043,62.918327,213.76569,233.18518,278.17303,21
333,3,343.94028,45.669827,302.68057,311.2553,337.68628,21
333,4,290.26523,40.70651,249.47975,269.38284,289.3802,21
333,5,227.15053,60.448853,157.62354,193.4314,213.69418,21
333,6,145.22215,41.313824,96.0375,127.35993,140.5999,21
333,7,98.14082,38.216526,62.812366,78.47457,97.55645,21
333,8,64.64427,29.225945,34.95851,42.51768,60.13521,21
333,9,54.7765,24.140972,33.875526,39.630363,54.1225,21
333,10,87.2767,27.8971,56.31518,62.813065,78.241646,21
333,11,105.31476,45.881157,62.72631,72.66313,98.297935,21
333,12,159.74881,45.133583,105.047134,123.81301,161.43687,21
334,1,271.3169,77.17763,178.77495,202.69482,274.00623,21
334,2,281.51312,75.200806,190.59296,232.85938,255.41609,21
334,3,335.38333,49.261658,272.88412,306.6794,350.58444,21
334,4,278.78397,42.38047,223.43204,253.92328,279.29962,21
334,5,219.24666,57.11338,153.15454,180.69873,207.2844,21
334,6,137.07132,40.39685,87.67332,107.97978,132.82826,21
334,7,93.86519,36.332478,58.892845,73.99753,94.38212,21
334,8,58.852337,29.463541,26.23016,37.032738,54.8038,21
334,9,56.869244,23.540205,35.4579,40.602844,55.331135,21
334,10,79.49572,26.683586,52.666817,57.72327,74.63708,21
334,11,115.108086,48.592037,69.08091,81.7152,108.803604,21
334,12,169.0188,45.073837,121.00316,129.1769,171.3739,21
335,1,206.80789,72.31061,120.90045,135.32774,202.36743,21
335,2,244.95775,81.429504,125.38789,174.98277,258.54742,21
335,3,347.09802,75.90124,267.13574,304.17557,355.93365,21
335,4,303.31302,105.39689,198.50015,216.41226,274.35437,21
335,5,176.24197,106.777214,88.78265,118.98302,143.10164,21
335,6,47.412323,31.221605,16.176554,17.110167,38.324886,21
335,7,24.036009,19.443766,10.173284,10.919027,16.31575,21
335,8,6.0558124,5.690243,0.9363264,1.590256,3.105842,21
335,9,10.300495,6.16753,5.1012697,5.408619,8.690572,21
335,10,18.707895,10.665662,7.9966984,9.99957,16.839672,21
335,11,36.998672,18.817356,16.70427,17.685997,36.255013,21
335,12,94.392204,41.759457,35.961113,50.62717,94.12701,21
336,1,210.38174,75.001144,132.71172,156.91785,196.71791,21
336,2,231.33047,70.21516,132.12141,154.14735,234.6657,21
336,3,316.8033,75.696,216.28513,238.40495,317.61313,21
336,4,295.7106,96.87974,182.54802,212.71408,301.20508,21
336,5,192.85818,106.76026,89.00885,125.8092,159.32861,21
336,6,72.08175,39.123676,19.891054,43.086025,78.20464,21
336,7,35.57773,30.66851,11.603745,14.29799,25.053135,21
336,8,6.727701,7.154635,0.09503259,0.39894775,4.8496284,21
336,9,12.349759,6.5468984,6.5428543,7.011336,9.555343,21
336,10,13.782689,10.621526,4.278239,6.2526636,12.586952,21
336,11,27.07368,16.614008,10.842882,12.446481,21.879126,21
336,12,79.57171,38.71278,40.553894,46.478428,78.25588,21
337,1,287.58167,70.258194,207.54393,221.46785,290.36685,21
337,2,320.4077,63.938507,250.11787,271.98578,318.61142,21
337,3,376.0639,90.35427,252.51137,282.6634,386.90808,21
337,4,304.23776,71.31885,222.81693,239.83379,310.38934,21
337,5,222.94362,88.01532,115.67803,157.57878,211.65807,21
337,6,69.13023,35.095425,35.310593,45.17685,61.449722,21
337,7,38.535942,24.886803,13.341229,19.68235,33.93552,21
337,8,38.217194,19.13828,16.836555,21.083988,34.089066,21
337,9,34.78847,14.708296,19.58128,22.52218,33.76691,21
337,10,57.407272,23.759804,26.24026,36.112732,56.47943,21
337,11,95.007484,39.29688,62.188324,69.180504,82.12032,21
337,12,205.14111,48.26945,148.17897,174.73045,199.56042,21
338,1,296.6567,68.808876,226.85521,238.9743,295.09995,21
338,2,334.93307,74.69709,250.50662,282.8795,326.56598,21
338,3,407.97104,96.89667,279.8903,301.8139,428.84512,21
338,4,322.0964,97.22628,217.54796,242.4264,329.16492,21
338,5,245.00053,98.52332,128.95717,165.02423,232.92122,21
338,6,73.073006,35.053555,33.210793,45.810333,63.811764,21
338,7,38.163155,24.734138,14.351141,19.419615,33.835934,21
338,8,35.600296,17.700956,13.764082,19.622059,30.102404,21
338,9,31.35015,15.122966,16.30346,19.177761,29.711712,21
338,10,51.440617,22.41795,24.382607,28.6078,48.51667,21
338,11,96.30617,51.103207,48.6586,51.871403,77.250084,21
338,12,205.74863,51.159595,141.7532,165.90224,200.8052,21
339,1,261.68207,73.52687,188.68463,204.96428,247.03038,21
339,2,272.15695,39.059647,204.74963,242.87283,277.29984,21
339,3,325.22974,49.311634,282.1289,289.50632,320.88354,21
339,4,285.32153,39.795074,246.55304,256.13184,273.4778,21
339,5,234.01859,57.516117,178.8312,189.90948,234.32034,21
339,6,146.71664,42.427006,95.51762,95.92681,151.72612,21
339,7,100.41975,34.556934,68.15159,81.222725,97.64413,21
339,8,78.81052,28.61038,47.73059,54.15052,76.280426,21
339,9,89.27032,34.060314,58.327503,61.515343,85.054306,21
339,10,123.691536,33.345272,95.21864,110.20735,116.81697,21
339,11,151.25073,52.429356,83.518585,127.105034,137.45993,21
339,12,230.81773,54.955585,163.43327,169.68405,227.04536,21
340,1,281.6608,82.75423,188.17432,219.58488,282.94766,21
340,2,288.49362,54.53231,216.90947,244.28482,297.81393,21
340,3,341.30756,45.51404,297.0087,302.73996,346.92325,21
340,4,297.2859,40.42203,266.16843,272.72772,290.98053,21
340,5,231.5217,50.379707,169.44792,193.51212,241.81313,21
340,6,139.42068,39.153667,95.94136,123.12692,138.80922,21
340,7,100.943886,35.2882,65.91631,78.62889,94.94165,21
340,8,80.415955,34.879463,42.648235,49.748604,71.89288,21
340,9,74.4682,30.954542,43.112316,50.782913,71.71425,21
340,10,90.89552,26.928633,60.895885,69.541534,88.41537,21
340,11,146.00017,58.952877,83.55044,107.83351,139.26726,21
340,12,183.14424,49.4759,120.60317,148.2286,177.4536,21
341,1,283.15823,71.80068,188.70312,228.42601,283.24854,21
341,2,301.04947,71.71372,218.65648,227.14474,303.21188,21
341,3,336.53882,82.08352,243.81549,252.09628,336.89978,21
341,4,276.85364,64.38558,224.70158,232.32709,267.0819,21
341,5,185.14444,70.70808,115.98764,127.08953,176.27217,21
341,6,72.35823,38.422417,38.35563,46.51017,60.565,21
341,7,40.40799,21.372885,21.69605,23.248863,35.74322,21
341,8,40.112812,16.917803,21.986492,25.57852,36.056007,21
341,9,43.134533,16.868166,26.97427,28.707405,38.478584,21
341,10,73.10494,24.308594,46.06351,56.827538,70.98295,21
341,11,112.92085,36.67199,73.64767,74.11209,112.58805,21
341,12,213.97147,50.659256,152.3135,172.24768,211.2618,21
342,1,237.85556,72.49882,129.85028,167.6758,243.93893,21
342,2,297.70035,97.07073,195.34476,224.46475,291.551,21
342,3,357.84186,77.12335,243.00801,284.2259,379.22903,21
342,4,330.35895,86.08778,232.26701,293.06082,316.26544,21
342,5,244.863,100.586784,131.46756,183.91544,226.58972,21
342,6,117.58418,62.238823,55.074226,66.81742,105.049904,21
342,7,64.65862,30.049006,31.596375,37.90377,61.706757,21
342,8,44.447983,20.084475,22.147093,29.389912,43.000607,21
342,9,66.25723,33.74246,27.978828,34.60049,57.661774,21
342,10,70.99037,40.26389,39.203205,45.14318,58.327595,21
342,11,93.802,42.50325,43.551376,51.385757,95.22757,21
342,12,166.40376,95.263954,83.07452,92.161194,144.79599,21
343,1,233.6696,70.07977,140.89258,172.11201,233.32884,21
343,2,293.19125,99.912636,171.69563,226.38661,278.75952,21
343,3,346.47324,73.430305,230.29999,289.0288,359.18823,21
343,4,313.50012,81.81227,238.68176,261.6078,290.16547,21
343,5,232.85355,97.60213,124.26084,166.04198,196.97754,21
343,6,108.156334,53.810516,61.102203,68.35299,99.340355,21
343,7,59.455086,27.859406,32.42914,35.047592,56.32746,21
343,8,37.724163,14.9043455,14.81576,24.471928,39.995876,21
343,9,60.072258,30.474447,24.797398,33.530746,51.130226,21
343,10,71.38649,40.98775,38.000137,42.911285,58.15521,21
343,11,97.08515,41.659966,47.58764,56.408234,95.923096,21
343,12,166.6869,92.060486,77.010544,98.4783,134.46411,21
344,1,294.13696,82.718666,173.36157,224.41829,313.64386,21
344,2,326.97363,81.74647,256.93375,267.99466,300.97293,21
344,3,380.9518,96.124115,261.85788,300.38135,386.21646,21
344,4,349.45035,96.13824,246.03448,255.23267,338.19803,21
344,5,279.66937,100.412445,183.47612,204.22128,256.13223,21
344,6,146.29721,88.227486,67.85845,73.90871,127.635666,21
344,7,83.37174,46.12294,38.215748,44.56277,80.14373,21
344,8,41.032604,21.85978,18.109852,19.478878,39.64293,21
344,9,41.826027,24.866222,14.376244,20.296434,32.346745,21
344,10,50.29138,28.543041,25.182457,31.670643,37.973686,21
344,11,85.28231,44.394394,41.738747,44.206192,74.198524,21
344,12,216.65495,108.752174,124.10469,128.44588,173.81664,21
345,1,310.1917,84.49796,183.67728,245.53821,306.24307,21
345,2,334.02817,88.3359,247.98312,259.75778,310.6096,21
345,3,416.66293,98.915695,287.50003,331.45023,427.63403,21
345,4,384.43384,103.1028,270.47797,275.6345,361.88525,21
345,5,343.4209,118.54438,236.19762,250.92471,288.03226,21
345,6,173.98296,93.875435,87.64807,96.69325,154.85828,21
345,7,100.44672,51.56725,41.124516,54.75398,96.23627,21
345,8,58.601162,29.976105,19.297976,22.618868,61.853153,21
345,9,38.78398,19.445734,17.172386,22.129045,35.111507,21
345,10,43.69547,22.279211,21.153605,25.517776,43.146683,21
345,11,75.33679,38.647503,35.36859,36.061657,61.168438,21
345,12,207.37212,81.65638,114.76269,145.52812,185.60822,21
346,1,251.24622,79.78394,163.47446,174.51518,241.29652,21
346,2,257.94006,84.4326,150.72841,182.4372,271.31082,21
346,3,369.23456,83.47707,289.73422,310.4602,372.03445,21
346,4,298.52914,97.57413,176.79498,220.91739,303.08987,21
346,5,160.72307,106.3952,68.37689,93.611885,127.59779,21
346,6,37.575775,23.793226,17.060822,21.908411,27.649689,21
346,7,24.559177,17.837906,11.066754,11.741071,20.340698,21
346,8,12.928028,5.7575073,7.8619585,8.506372,11.300916,21
346,9,11.754993,6.982301,5.0590076,8.190194,9.438806,21
346,10,25.791012,17.094492,9.756192,15.189492,19.404993,21
346,11,77.00753,43.972958,23.375446,42.928238,70.85159,21
346,12,124.08833,58.48121,67.00884,73.854065,111.16291,21
347,1,222.23518,65.8341,151.6733,167.37886,223.40681,21
347,2,255.10847,90.376175,128.56783,166.99901,274.2699,21
347,3,342.46298,88.59278,253.74391,279.33456,341.22073,21
347,4,283.98395,82.753265,185.97318,210.76611,277.00858,21
347,5,143.57274,94.058655,72.27429,85.48286,127.00421,21
347,6,32.077446,20.81178,13.963378,14.622716,24.859104,21
347,7,21.587185,14.8457575,10.279773,10.836411,16.377064,21
347,8,10.465596,4.128446,6.068934,6.6711617,10.06727,21
347,9,12.375533,7.53667,6.0770545,7.9648857,9.95422,21
347,10,21.76707,14.218299,8.8210745,10.377446,18.926659,21
347,11,73.840355,40.39996,27.87453,42.54176,64.67753,21
347,12,124.49756,53.15802,68.14768,80.32146,108.41493,21
348,1,195.42857,71.96501,114.46846,129.01363,183.02634,21
348,2,216.62361,66.41372,131.6134,170.81631,209.85495,21
348,3,272.64862,69.01377,194.75499,228.34247,262.4907,21
348,4,216.39134,82.93205,126.10205,156.37143,200.6996,21
348,5,98.9957,57.642662,43.562916,56.035065,83.82876,21
348,6,19.842855,13.365315,6.9451885,10.139147,19.544157,21
348,7,13.197014,8.353978,5.5476856,7.2802715,10.149052,21
348,8,10.297586,4.753256,6.089657,6.28767,8.715742,21
348,9,18.09728,11.586689,6.134145,7.9759083,14.137463,21
348,10,41.752167,16.714865,23.55309,23.978523,46.11553,21
348,11,78.076355,31.806156,50.29252,54.038513,71.15702,21
348,12,124.91553,41.638508,82.76004,97.97626,116.00181,21
349,1,255.75925,83.92252,165.90927,182.9874,236.05876,21
349,2,286.76257,94.81728,165.09674,190.66794,325.61154,21
349,3,346.9265,79.67341,241.80562,290.49417,346.92188,21
349,4,317.31656,100.556725,206.51659,242.12268,328.10248,21
349,5,198.19566,116.165146,87.664825,116.81746,160.92432,21
349,6,51.494026,36.7353,17.245794,21.181612,40.20898,21
349,7,26.707315,16.739113,11.06836,14.505057,23.136593,21
349,8,16.322762,8.5543785,5.6888895,7.089739,15.49673,21
349,9,16.044376,11.004096,7.0131373,7.5021467,12.565592,21
349,10,30.644802,14.312944,14.492949,15.699407,29.845858,21
349,11,50.67526,22.091448,19.162813,24.566223,53.912273,21
349,12,121.15199,44.824493,81.76661,83.7665,107.798065,21
350,1,268.09653,71.65712,193.6903,221.10738,265.64838,21
350,2,269.92133,85.65596,183.53369,191.41208,271.24432,21
350,3,306.58063,62.12205,244.93784,253.30896,298.37677,21
350,4,278.01508,43.46351,221.10342,236.1969,274.20264,21
350,5,264.7923,52.746426,201.31937,222.21196,273.28738,21
350,6,146.23105,56.818768,90.682205,113.406845,138.31586,21
350,7,117.649124,28.68635,93.96699,96.54906,114.44672,21
350,8,87.38123,31.540247,49.281574,61.95567,86.28104,21
350,9,116.29605,28.918629,88.48111,88.92653,114.11964,21
350,10,161.5561,34.812786,134.74579,139.93738,152.87318,21
350,11,166.80716,50.921383,115.29599,124.98794,165.23825,21
350,12,261.61557,72.7858,196.0183,217.3102,246.01242,21
351,1,285.95917,40.22688,238.7852,252.79564,290.28555,21
351,2,273.03406,48.028732,210.29913,233.05583,280.24255,21
351,3,313.98557,39.23062,273.50867,279.40558,311.20358,21
351,4,253.88744,30.884026,227.93625,229.03383,247.39081,21
351,5,188.40591,39.255245,142.53195,155.5564,191.61006,21
351,6,95.899376,37.498177,56.356575,66.593544,87.31596,21
351,7,66.31815,27.111406,36.182804,42.936142,60.758812,21
351,8,75.2228,24.322567,43.33263,53.65232,74.074005,21
351,9,110.477715,25.003113,86.047134,88.51985,104.83893,21
351,10,161.33359,25.39296,122.38584,138.18167,162.00146,21
351,11,193.12473,34.443085,155.48872,165.70279,183.85304,21
351,12,269.3428,47.802296,223.56215,227.3646,258.80704,21
352,1,213.85983,59.875256,144.78198,154.45952,224.23866,21
352,2,266.13916,89.54796,156.27252,172.15947,284.6073,21
352,3,376.81406,94.13168,271.31052,304.07822,370.75873,21
352,4,333.3604,73.01436,257.3544,267.37823,325.57452,21
352,5,170.93214,83.9472,89.493324,105.88683,163.04422,21
352,6,51.610962,32.909145,22.174644,25.228724,40.28385,21
352,7,41.625847,24.49185,19.42503,25.340015,33.770237,21
352,8,15.856134,7.1431026,8.863572,9.893833,13.843383,21
352,9,16.18193,12.21676,3.4839883,5.2225666,11.915209,21
352,10,26.665705,13.176173,12.680481,15.290915,24.250738,21
352,11,56.16414,26.761652,20.673258,27.212917,63.39643,21
352,12,105.69176,40.790016,67.64969,76.55911,88.370636,21
353,1,199.16077,67.93552,122.10259,128.51688,204.16037,21
353,2,243.6602,89.83942,130.63785,147.53502,236.74423,21
353,3,373.26517,99.31012,279.81256,310.4448,357.2523,21
353,4,313.30768,82.28455,213.04276,249.54765,314.20413,21
353,5,152.8278,86.1139,86.019684,92.89128,126.875656,21
353,6,38.72216,30.200129,13.672468,15.95983,25.835438,21
353,7,31.77239,19.83701,13.473862,14.9662895,26.335337,21
353,8,12.413314,6.847356,6.9161434,7.3692636,10.0349245,21
353,9,12.70067,10.497147,3.8113778,4.447481,8.64366,21
353,10,20.672163,11.202829,7.504639,12.148938,19.073423,21
353,11,56.885857,32.46607,21.32373,22.882381,55.1763,21
353,12,98.37922,36.657825,67.019966,73.24916,86.60164,21
354,1,228.85286,76.484764,125.49863,163.14737,227.7495,21
354,2,265.17807,83.01957,150.87352,213.21698,245.02179,21
354,3,322.34116,70.13909,234.44125,278.1585,331.9267,21
354,4,286.70282,79.19176,202.12067,227.96727,269.60938,21
354,5,211.04483,98.534836,119.1511,129.69357,172.86185,21
354,6,101.93439,49.820232,59.52191,62.321297,93.32571,21
354,7,50.88473,27.051792,26.81915,32.754894,44.99139,21
354,8,34.48293,15.393407,14.141385,23.045929,37.148743,21
354,9,54.741966,25.671268,31.702963,32.960247,43.351032,21
354,10,75.47934,38.222008,38.7415,48.97359,63.737755,21
354,11,115.313965,42.804363,64.21835,69.72111,128.57193,21
354,12,167.60841,91.469215,81.81817,90.11843,137.18622,21
355,1,243.89742,77.87218,165.11214,172.92033,243.05765,21
355,2,273.8937,84.40106,169.98724,213.979,256.06744,21
355,3,332.34732,70.31578,213.00636,284.6073,347.9979,21
355,4,290.7478,78.35685,210.08641,224.22168,268.40244,21
355,5,213.04492,101.46517,108.38068,141.55635,186.114,21
355,6,100.73976,51.02932,49.021465,57.731728,86.58901,21
355,7,51.82147,27.790342,27.686258,31.299135,45.80886,21
355,8,33.72412,14.881341,13.817704,19.827055,36.89215,21
355,9,59.294735,31.771963,24.385729,31.799252,44.93148,21
355,10,72.45924,39.884148,41.61808,45.63165,57.454597,21
355,11,110.51825,44.69977,54.148113,69.49454,110.525505,21
355,12,155.70085,76.10513,82.10146,90.962364,131.66313,21
356,1,242.17986,66.1148,178.59764,188.2732,245.11093,21
356,2,298.38403,86.862015,180.03986,210.0641,317.09323,21
356,3,395.20126,102.138,254.79703,336.41208,400.2886,21
356,4,361.0027,82.31557,271.7369,296.32465,364.37292,21
356,5,181.80081,79.09083,83.55268,121.95783,159.47441,21
356,6,69.53324,36.056038,29.644718,37.538704,68.41745,21
356,7,50.513195,28.378735,26.161625,29.370144,41.820045,21
356,8,20.23595,10.191326,8.474186,10.67469,17.580938,21
356,9,16.458532,10.731832,4.2930527,5.9166174,16.697441,21
356,10,28.454584,14.255474,15.153404,19.575628,26.349224,21
356,11,52.168125,31.083685,13.350578,28.970198,41.85659,21
356,12,116.189804,46.132187,78.594376,80.51225,110.990166,21
357,1,198.60388,70.5831,118.14809,141.34761,195.02696,21
357,2,236.49051,79.39209,127.60606,158.94708,222.7596,21
357,3,316.58258,83.84869,273.93506,278.5905,294.7723,21
357,4,271.4426,88.93569,150.62822,207.2711,271.64456,21
357,5,118.15558,68.616196,59.579784,69.63586,99.797325,21
357,6,25.114298,17.154085,8.54388,13.270931,20.131746,21
357,7,23.147593,12.812836,10.792521,12.069505,19.022942,21
357,8,11.136452,4.679578,6.4126678,7.028817,9.847325,21
357,9,12.634092,9.183954,4.000923,5.566031,11.140013,21
357,10,28.431091,13.16834,13.888968,16.864578,26.026104,21
357,11,62.74659,32.578773,25.127466,36.26224,56.404278,21
357,12,111.02905,40.5823,77.04688,85.1895,95.47193,21
358,1,272.52893,90.292274,181.34691,198.37709,253.40138,21
358,2,271.03473,90.495186,152.27438,180.09657,299.36948,21
358,3,364.0371,86.1974,264.1376,304.9893,360.52783,21
358,4,370.3296,126.20696,230.0153,268.40213,360.1418,21
358,5,178.13982,114.52151,79.745155,90.66583,139.07123,21
358,6,42.693493,29.500177,15.4428835,18.781553,34.055466,21
358,7,22.940367,14.966207,10.440553,11.372327,20.069202,21
358,8,10.481227,6.0500765,4.9008613,5.6343846,7.872584,21
358,9,13.866175,8.644987,4.4926257,7.486234,11.28469,21
358,10,26.854137,14.446519,9.89256,14.084087,25.28947,21
358,11,53.923737,27.88078,18.56295,27.094324,56.43218,21
358,12,116.63773,52.17863,64.5986,83.66932,111.124725,21
359,1,272.8863,94.77158,167.65201,213.9423,244.51945,21
359,2,248.75235,81.9735,115.000114,179.27242,267.51776,21
359,3,367.8415,79.79964,292.01596,308.50012,369.49466,21
359,4,356.20377,109.70754,256.63623,264.83505,356.35046,21
359,5,174.78932,104.718994,88.39708,91.94166,144.45831,21
359,6,44.30452,28.381668,16.241955,18.576027,39.974503,21
359,7,19.867105,12.455639,9.250135,10.330883,19.256794,21
359,8,8.467674,5.706444,1.099243,2.9833279,6.451248,21
359,9,11.361686,7.169018,4.3452,5.027091,7.998877,21
359,10,21.435629,13.410335,10.30812,10.385418,17.126488,21
359,11,50.62299,31.049593,16.79974,20.947912,47.924114,21
359,12,111.79948,50.92271,52.489357,74.69686,108.5041,21
360,1,234.28386,68.15079,153.92189,177.02402,230.81348,21
360,2,277.08997,66.27551,208.59474,224.18993,276.80844,21
360,3,322.0396,65.17683,252.1738,272.70245,310.86713,21
360,4,265.20032,51.7634,201.38884,224.55908,270.61734,21
360,5,212.24255,58.676025,139.72122,164.10788,206.73073,21
360,6,90.96437,31.05277,60.264812,64.86842,81.28659,21
360,7,77.038185,38.27162,42.50124,44.21497,67.57765,21
360,8,63.09819,29.413265,30.476828,32.986282,65.02773,21
360,9,72.16605,24.449932,44.732727,46.632923,70.90412,21
360,10,84.43184,30.787891,50.128754,57.733635,78.2069,21
360,11,131.36847,52.40546,52.22892,89.95473,143.64792,21
360,12,172.77347,87.35125,76.08149,90.78572,163.64243,21
361,1,241.91837,70.588455,151.89122,169.73111,244.2562,21
361,2,278.14743,69.3809,212.44104,219.112,287.2626,21
361,3,323.33096,56.636948,266.72583,280.4834,325.9815,21
361,4,277.5392,52.36816,212.00021,237.90898,281.0697,21
361,5,196.91974,54.868416,143.28107,151.77034,186.79274,21
361,6,90.94277,35.979378,50.0443,62.954033,81.91745,21
361,7,69.43199,32.48821,37.41924,41.27669,67.02723,21
361,8,59.419567,29.128386,29.950653,31.353924,51.474888,21
361,9,70.37698,26.001999,33.75586,41.21489,70.870895,21
361,10,92.95023,37.059963,48.914757,54.413788,92.841736,21
361,11,136.37682,51.238903,58.8401,99.94527,126.1949,21
361,12,172.28836,88.91349,78.10992,99.15101,141.83684,21
362,1,259.49094,62.34168,177.4703,204.162,254.18549,21
362,2,256.83365,83.44639,150.17407,160.4945,282.2457,21
362,3,304.1628,49.5203,227.27238,283.85666,306.9723,21
362,4,310.20355,42.90062,258.8662,271.57626,306.01663,21
362,5,273.49866,46.9379,217.61508,228.85342,258.66833,21
362,6,188.4153,64.48606,140.05698,142.85437,179.27808,21
362,7,143.20775,20.596996,117.21044,127.8891,141.88718,21
362,8,125.47996,32.14341,89.45399,104.94722,120.79362,21
362,9,150.44751,32.98527,120.728806,123.10244,141.05386,21
362,10,165.35538,31.62489,123.06152,138.82492,163.91399,21
362,11,201.97107,47.50388,138.1073,170.01932,197.03691,21
362,12,249.2896,49.20508,184.1489,194.17479,256.71072,21
363,1,230.39192,49.406517,172.4971,182.36528,245.43237,21
363,2,233.88855,81.61532,140.46123,153.95938,239.77495,21
363,3,283.17374,59.449333,217.34157,230.52472,275.88303,21
363,4,266.89093,53.353203,202.18204,216.95607,274.69424,21
363,5,235.97595,38.906178,193.23929,213.47841,229.36078,21
363,6,136.67326,58.288708,75.866585,93.693855,132.59253,21
363,7,91.07774,23.143883,63.516693,69.095924,92.474304,21
363,8,80.8228,26.01353,52.93069,56.80899,79.20893,21
363,9,96.210365,25.121918,63.00406,75.15582,91.99717,21
363,10,161.00897,34.10689,128.02826,139.11845,154.096,21
363,11,170.83606,44.970684,122.579666,126.00012,170.1952,21
363,12,240.52069,64.48033,162.84962,195.31985,225.39026,21
364,1,263.21008,77.02885,179.71278,196.53134,277.94534,21
364,2,277.71722,79.96239,205.78485,209.96225,281.85834,21
364,3,344.49075,75.102806,234.88742,277.7277,365.36264,21
364,4,292.0612,81.73265,207.08247,219.07652,275.40125,21
364,5,198.94984,84.08817,115.94183,157.67076,173.36624,21
364,6,100.39715,53.593838,48.35679,51.298607,85.94604,21
364,7,54.439156,33.021362,27.116314,32.794716,46.489777,21
364,8,33.881535,15.723115,13.665425,22.020239,32.378815,21
364,9,52.30971,28.06225,22.679214,24.558674,39.737564,21
364,10,76.061485,38.688637,48.09492,49.492027,61.5395,21
364,11,110.02881,48.621994,57.39048,67.73971,106.212326,21
364,12,160.80168,73.11787,88.832825,95.86848,135.01741,21
365,1,279.91705,76.04508,186.90268,224.26302,276.75723,21
365,2,294.10217,75.63831,216.52063,223.59425,291.77682,21
365,3,350.5761,83.26414,252.26796,266.3642,359.9925,21
365,4,281.66177,83.58999,195.43336,216.41347,247.17404,21
365,5,190.05539,78.81645,123.30551,128.6785,186.4069,21
365,6,85.456764,53.292973,32.995716,45.773613,71.89496,21
365,7,48.300713,28.686535,28.220654,28.850233,40.336884,21
365,8,36.094635,18.712452,18.19757,23.322517,33.32283,21
365,9,44.98931,23.287506,19.204172,23.723118,40.631813,21
365,10,74.94833,35.576347,41.844433,49.11679,71.79497,21
365,11,107.19218,47.16649,57.760284,62.383915,91.28161,21
365,12,185.3302,68.6834,123.19376,130.46866,161.6488,21
366,1,302.15848,71.78172,233.68237,256.2513,294.50677,21
366,2,336.13577,73.40508,257.15195,290.2198,340.3256,21
366,3,397.4808,85.159904,305.41373,325.07477,404.67645,21
366,4,317.02338,101.84873,222.51529,251.03033,293.7865,21
366,5,230.9981,103.776054,111.76293,149.78108,202.11137,21
366,6,57.92584,33.823772,25.322104,28.040152,49.493546,21
366,7,34.2177,26.934496,12.113309,15.336717,27.105125,21
366,8,28.97023,14.455755,12.721018,16.151854,25.327806,21
366,9,33.82304,19.031841,15.432307,17.960274,28.058815,21
366,10,55.223125,21.410915,37.235893,37.953327,54.42941,21
366,11,102.1349,50.59085,51.045403,54.34311,97.13617,21
366,12,212.21205,50.197456,151.50879,163.6983,196.03485,21
367,1,294.12317,74.12169,208.18475,230.64691,304.36963,21
367,2,331.3664,80.18409,254.00829,259.3082,331.12936,21
367,3,387.50583,71.07794,304.72678,329.40683,376.71683,21
367,4,314.87646,87.03942,235.95279,254.33714,299.474,21
367,5,204.36745,95.50067,97.14263,129.68797,183.92622,21
367,6,52.96976,30.383211,23.410654,28.209219,43.217148,21
367,7,33.589943,26.086546,14.371005,15.973683,22.631046,21
367,8,26.041586,13.297468,11.531117,17.12987,20.94651,21
367,9,31.787264,15.805859,16.671862,17.675367,25.313255,21
367,10,58.689606,22.322544,39.505394,44.747604,55.261887,21
367,11,114.11075,54.149563,52.911392,68.109436,105.458626,21
367,12,209.24167,50.781563,151.82831,168.12292,191.97159,21
368,1,299.3154,64.75626,232.66322,253.12883,297.06113,21
368,2,287.6848,37.619602,240.8464,265.47662,277.43265,21
368,3,327.17133,41.650322,279.08188,299.84705,339.8547,21
368,4,286.92535,35.79836,256.87717,259.5744,279.0377,21
368,5,242.84593,64.68958,180.31549,192.28555,232.66022,21
368,6,127.20251,47.459217,67.55259,89.52913,123.78402,21
368,7,83.28766,36.02938,46.119663,52.978016,80.54433,21
368,8,75.51576,31.661356,37.078735,45.542183,67.2457,21
368,9,108.878555,34.180176,74.26903,84.352905,102.33825,21
368,10,119.22894,33.22284,93.70213,101.822205,112.25144,21
368,11,159.98827,46.125645,115.60276,122.18583,151.71347,21
368,12,239.5546,45.28841,175.13182,210.14879,233.3351,21
369,1,306.84808,60.285114,239.22202,248.17012,307.679,21
369,2,299.67572,38.267498,243.64658,275.4693,303.15134,21
369,3,344.0761,39.532562,311.75998,312.3105,339.52646,21
369,4,300.5064,36.75063,261.49368,273.54855,295.70572,21
369,5,236.2686,59.228313,172.78354,193.09247,221.88646,21
369,6,113.64223,42.58513,64.75225,85.89929,112.60542,21
369,7,60.498894,28.187878,30.187618,36.67244,60.72915,21
369,8,73.10195,32.209755,32.30092,47.648228,66.52169,21
369,9,109.266,31.894041,70.82743,90.11049,103.31482,21
369,10,125.53704,33.994,93.696945,105.82586,119.17699,21
369,11,180.05379,50.186287,127.109116,143.70224,172.53159,21
369,12,252.43729,50.921364,176.05853,212.67122,254.306,21
370,1,264.82993,63.672718,196.84825,198.98892,261.7022,21
370,2,241.52434,72.791725,148.6035,172.85193,266.4664,21
370,3,304.48773,50.355026,228.43015,274.8437,309.63028,21
370,4,314.33878,44.976696,262.77023,282.38882,297.14673,21
370,5,291.91263,64.17284,211.5799,230.48225,283.3552,21
370,6,205.63542,57.503933,165.50955,176.08646,189.81529,21
370,7,161.49226,30.410791,132.55397,138.21112,165.0514,21
370,8,143.21364,35.012386,95.52697,122.0222,140.58554,21
370,9,159.92288,41.06259,115.86012,124.3465,156.74638,21
370,10,171.9124,34.852615,130.8221,137.40749,167.88356,21
370,11,207.89456,43.226906,149.35959,167.52562,210.14145,21
370,12,249.21715,40.004612,202.3621,219.72408,254.38828,21
371,1,286.6778,57.022892,208.4245,249.81577,287.68292,21
371,2,239.77565,63.823456,151.68126,176.53963,249.938,21
371,3,318.39572,55.791557,250.11186,280.95773,314.71478,21
371,4,275.55664,45.974045,218.75674,232.32358,274.32648,21
371,5,264.65695,58.94293,191.69626,198.84964,260.61508,21
371,6,158.17033,50.92046,121.19375,122.78513,154.41826,21
371,7,125.89544,33.5465,96.69974,98.58696,113.90629,21
371,8,104.49623,34.07888,62.72011,83.866745,93.786446,21
371,9,135.29416,36.183464,94.49626,113.12533,126.04517,21
371,10,178.40366,31.194916,131.80753,149.7587,184.7046,21
371,11,211.03511,48.102814,155.03322,157.6894,210.19537,21
371,12,260.43573,51.128067,195.44923,221.36649,256.82242,21
372,1,196.43094,46.152775,137.56392,164.38939,205.645,21
372,2,188.57008,60.759956,109.79814,141.92906,183.64345,21
372,3,247.85263,53.792072,178.77933,210.99716,236.44023,21
372,4,257.74802,57.83728,192.70941,218.68082,253.94902,21
372,5,204.85857,30.104736,169.64658,180.30222,205.80878,21
372,6,113.83775,49.08198,65.51069,75.23511,110.76903,21
372,7,74.46574,19.207817,48.72458,58.294113,71.347,21
372,8,75.268,25.21605,49.015194,56.062035,68.25892,21
372,9,97.68607,28.249308,61.465263,71.55173,97.13781,21
372,10,154.2499,33.041283,120.1796,129.3737,148.52199,21
372,11,156.05243,37.20438,112.151474,129.90607,156.51541,21
372,12,215.22968,52.61527,160.00716,168.1711,214.83282,21
373,1,237.2151,44.219265,180.81265,196.82855,246.05055,21
373,2,236.112,60.982136,161.82307,188.02994,237.61937,21
373,3,273.6507,45.817142,205.39642,225.27032,287.51694,21
373,4,251.80759,53.096466,187.92079,205.20338,248.31198,21
373,5,191.91194,38.72046,157.26727,163.39546,193.7993,21
373,6,133.2375,49.99889,76.925995,89.94411,126.886444,21
373,7,88.59414,32.73258,48.041992,55.435078,84.75084,21
373,8,80.12818,23.921144,55.61167,59.178032,81.15415,21
373,9,104.9895,28.860727,74.09886,80.18946,102.082115,21
373,10,150.2045,35.215015,115.851944,118.58342,144.64772,21
373,11,183.66985,38.182198,138.82893,153.02664,178.20065,21
373,12,242.18439,63.476254,166.48537,189.59859,220.9516,21
374,1,197.49693,47.49474,126.97204,164.28645,209.45102,21
374,2,187.752,59.373104,110.81494,148.39531,184.55348,21
374,3,247.31561,51.483078,196.2756,196.90227,240.53506,21
374,4,252.07959,59.721657,192.6633,208.84143,244.9699,21
374,5,197.06985,34.352562,153.78922,169.2081,195.00352,21
374,6,111.17804,47.090588,66.588875,79.94554,103.99439,21
374,7,72.12038,18.526573,51.82487,57.3484,70.31695,21
374,8,73.98877,28.813438,49.583874,52.983887,64.65176,21
374,9,105.459854,30.67705,71.99581,75.56749,111.05208,21
374,10,144.17212,30.055529,118.3333,119.10172,140.36266,21
374,11,167.03699,44.402035,118.66726,128.39172,159.05951,21
374,12,212.61081,53.33686,150.23471,159.01033,207.92178,21
375,1,286.5075,41.653606,238.5792,252.9743,299.2591,21
375,2,267.1623,49.67126,232.11272,234.86649,270.59195,21
375,3,321.7644,36.59637,277.8501,284.90894,315.15225,21
375,4,289.93912,46.261787,228.28328,254.1172,287.29974,21
375,5,224.04181,48.034725,177.79987,187.34903,212.73927,21
375,6,124.69381,39.2366,84.82708,98.214905,115.45732,21
375,7,105.06692,42.50859,62.402447,66.18278,96.59639,21
375,8,86.214096,23.19743,61.371777,68.014046,84.35102,21
375,9,120.65756,24.454605,93.578636,99.094444,120.15886,21
375,10,166.42712,27.504766,133.44597,143.93533,168.3232,21
375,11,214.43608,38.00484,180.33698,187.434,200.11021,21
375,12,261.31628,50.643303,187.23082,202.70905,262.98035,21
376,1,222.3144,76.0706,122.65911,146.09789,203.14948,21
376,2,269.7124,90.23804,167.37708,199.9881,267.70056,21
376,3,364.17813,92.68737,252.1571,289.84116,394.49518,21
376,4,299.03674,114.32291,146.53484,212.86836,324.07205,21
376,5,155.99963,95.79884,85.38558,88.50871,133.07095,21
376,6,26.851536,21.63605,4.8879366,12.189331,18.941029,21
376,7,15.639544,12.324828,3.845829,7.281059,11.15238,21
376,8,15.404294,7.4902735,7.11995,8.749393,13.291458,21
376,9,11.716889,10.870673,2.861933,3.6851072,7.158807,21
376,10,29.150007,18.019762,8.417512,15.321778,25.082502,21
376,11,55.392902,25.288832,24.306587,27.62579,48.547287,21
376,12,123.00764,56.308064,73.52937,78.04308,112.811295,21
377,1,247.86972,80.385864,148.16075,159.4897,233.07602,21
377,2,260.6355,85.366554,164.74744,181.79443,250.13084,21
377,3,352.86212,90.38872,236.83115,275.55664,385.73526,21
377,4,302.39575,113.16479,168.39095,198.83131,322.5627,21
377,5,154.13283,94.43292,77.39654,96.66861,134.6793,21
377,6,29.685518,21.950205,8.760438,12.98426,24.066803,21
377,7,18.909878,12.408391,7.541039,9.782584,14.124098,21
377,8,10.471738,6.1958942,4.0467796,5.504068,8.27507,21
377,9,11.401872,8.950396,3.1744063,4.486444,7.899244,21
377,10,29.92935,18.609768,9.831082,17.021803,25.612082,21
377,11,57.39481,28.971823,27.203205,28.522184,52.63092,21
377,12,122.73418,56.94439,65.535164,81.76743,104.54543,21
378,1,219.26144,78.26962,120.845955,158.68445,209.4316,21
378,2,231.93323,81.87744,121.97755,131.12146,240.66779,21
378,3,269.25165,78.46041,201.54614,218.36674,263.52817,21
378,4,236.08784,85.020966,149.94818,155.24426,221.52676,21
378,5,81.43843,54.833256,35.007362,45.975445,70.04903,21
378,6,15.893578,11.163909,6.1698685,6.8506794,9.653167,21
378,7,8.685959,6.2489953,1.8094522,4.191353,6.054465,21
378,8,5.161233,3.4805534,0.7093686,1.6659712,4.7341413,21
378,9,18.266586,12.1726055,6.4620447,8.308591,14.467152,21
378,10,36.568546,18.407333,15.576885,18.292978,33.45203,21
378,11,91.49581,43.986023,46.781902,62.540806,80.29197,21
378,12,132.1718,48.199436,86.51994,92.96149,119.884056,21
379,1,194.51854,73.920166,108.81487,121.79673,184.72989,21
379,2,206.23108,78.62258,93.91339,104.243706,207.12566,21
379,3,252.98938,72.919075,187.7518,198.91777,247.57858,21
379,4,228.01935,83.896904,136.9987,144.23141,201.1847,21
379,5,81.30396,55.903652,33.98974,36.35666,72.86656,21
379,6,13.95848,9.406684,6.161706,6.300684,10.366458,21
379,7,11.074593,6.365196,4.0765896,6.757749,8.56725,21
379,8,6.724308,3.1164298,2.7344604,4.4222198,6.283401,21
379,9,14.213237,9.652838,3.5218987,6.8658004,11.473747,21
379,10,31.049532,14.224598,14.509939,17.355701,27.164883,21
379,11,80.13905,43.9688,35.90445,52.163105,70.115036,21
379,12,111.18622,48.1099,65.14297,76.059265,93.1427,21
380,1,235.24867,72.686295,124.32227,181.43037,241.49623,21
380,2,287.2142,98.97658,139.58788,173.08615,287.04742,21
380,3,330.80292,95.08333,240.8371,253.73271,324.18118,21
380,4,283.32312,105.34604,173.68513,196.2025,276.08047,21
380,5,108.4945,70.35729,42.8194,70.71232,92.51826,21
380,6,18.909006,12.1306305,8.346363,9.264436,12.596499,21
380,7,12.804738,8.844485,4.2478294,5.6004615,10.19702,21
380,8,11.392528,5.974523,6.344413,6.530347,9.591284,21
380,9,18.090124,10.695985,8.172533,9.328997,15.619572,21
380,10,39.654053,29.93092,13.799401,18.935432,33.581448,21
380,11,106.66377,55.832436,37.384468,52.02348,104.15942,21
380,12,150.6052,52.225983,92.537766,105.21785,147.63753,21
381,1,237.47478,77.121254,126.97665,168.00291,246.84712,21
381,2,254.59026,82.321556,142.95837,152.37437,280.17346,21
381,3,296.74048,89.18977,203.49603,214.10507,282.84552,21
381,4,244.65593,92.70243,167.08867,168.86147,223.89886,21
381,5,81.72303,54.5206,33.705635,48.13415,68.59633,21
381,6,14.991807,9.911397,6.507003,7.0805798,11.593162,21
381,7,7.8301063,6.017704,2.299868,3.2235346,6.9126635,21
381,8,5.99639,4.303487,1.6527872,2.2742867,4.8017583,21
381,9,18.9856,12.289013,6.2711954,9.712597,16.957191,21
381,10,43.91779,28.12772,19.906832,24.657219,40.714428,21
381,11,101.10551,50.50344,49.847538,55.415474,106.41768,21
381,12,151.13837,52.055504,98.50861,100.91118,138.89879,21
382,1,246.51537,57.80765,172.37161,208.11588,242.78831,21
382,2,294.3393,65.8501,228.73697,244.5222,293.80505,21
382,3,351.9609,66.98311,249.0346,295.24902,357.73636,21
382,4,274.31287,58.50957,223.92656,232.0432,270.9732,21
382,5,199.15993,58.701736,147.61887,156.93121,173.71228,21
382,6,94.579185,37.17183,57.760353,70.07817,82.20877,21
382,7,66.65338,37.350655,37.111015,41.108807,62.738995,21
382,8,63.57602,32.336163,30.572695,33.732353,61.4545,21
382,9,95.66843,30.159996,63.729675,67.79716,93.72081,21
382,10,120.635826,42.67708,73.73633,78.7526,112.97361,21
382,11,154.84242,63.059666,77.34302,102.97233,149.7522,21
382,12,206.377,82.259155,100.058945,124.76308,218.34825,21
383,1,262.2453,47.178604,197.24788,234.04453,256.8619,21
383,2,254.83293,40.942657,213.3933,219.88129,255.79253,21
383,3,280.77612,28.00703,256.3864,258.22208,276.53827,21
383,4,267.0505,37.367886,228.5789,235.38295,258.88373,21
383,5,210.2341,29.375172,171.7855,188.66484,204.92639,21
383,6,136.79407,29.04661,103.831345,108.92076,137.40836,21
383,7,100.87172,30.084904,71.63836,77.925354,99.77593,21
383,8,100.05078,27.400723,66.29178,75.696045,100.71452,21
383,9,154.10619,27.886097,129.7968,133.75891,152.05426,21
383,10,191.0605,21.068537,163.91156,173.08035,189.1972,21
383,11,226.4791,28.291758,182.30336,193.34122,229.55916,21
383,12,255.91734,33.92073,213.03036,228.67415,244.56969,21
384,1,248.8699,57.16248,173.13498,214.5345,248.3768,21
384,2,274.02716,59.868824,184.68188,216.84769,280.90436,21
384,3,340.19156,70.00839,267.29587,278.48672,333.642,21
384,4,277.36505,55.511063,229.62813,232.86998,270.25964,21
384,5,196.94983,60.515564,145.58517,153.07658,184.33458,21
384,6,91.36937,28.549768,63.422276,69.43497,86.60193,21
384,7,73.41304,46.130707,35.338608,45.850803,71.12206,21
384,8,54.35499,24.622375,25.206612,36.800774,48.023613,21
384,9,87.12728,30.033186,61.08994,64.56402,87.95194,21
384,10,111.06505,41.9183,69.239044,72.954,102.06989,21
384,11,148.0359,55.95668,83.28942,92.18842,139.0781,21
384,12,181.6379,71.3462,95.05105,104.0868,192.4486,21
385,1,301.30923,67.06615,234.53157,253.61098,294.01114,21
385,2,278.99124,51.605648,225.26657,240.17014,276.16238,21
385,3,315.00156,63.389957,238.30774,256.44547,320.17212,21
385,4,290.35165,48.23217,242.49812,248.0791,287.56885,21
385,5,243.07767,59.26905,179.93391,198.36339,247.01534,21
385,6,138.27776,54.088413,73.50613,89.34095,122.57051,21
385,7,87.00675,40.93326,49.112907,57.452812,79.17077,21
385,8,77.90359,32.409676,39.128857,46.872917,79.68729,21
385,9,97.15396,28.883709,63.66169,81.166534,92.52924,21
385,10,127.10602,33.186382,91.911995,104.43509,126.541824,21
385,11,168.82175,44.431526,118.732544,139.99724,160.16225,21
385,12,246.67813,58.822865,190.55772,202.62813,236.26671,21
386,1,297.28998,67.76306,230.81139,250.33984,289.15775,21
386,2,282.42862,44.553844,234.02142,251.07404,277.23303,21
386,3,313.00476,59.55819,238.01747,260.65976,314.00824,21
386,4,282.32733,45.590927,240.64021,240.9711,266.70248,21
386,5,235.36076,61.83523,170.83344,195.71066,241.37907,21
386,6,132.41878,52.2011,65.27701,86.902405,112.83263,21
386,7,86.99784,40.200676,47.971222,64.98393,83.68956,21
386,8,78.21725,32.038433,36.459015,47.849876,79.52277,21
386,9,95.24793,29.660028,60.023384,75.760124,92.54552,21
386,10,128.23079,32.558407,93.83098,105.395615,128.20688,21
386,11,164.81247,42.95661,109.40562,138.58054,156.17311,21
386,12,236.30363,54.26967,174.3636,209.86433,225.40227,21
387,1,226.46605,86.37959,146.40286,152.5182,211.50163,21
387,2,242.33424,78.352196,151.51715,176.65706,222.79588,21
387,3,345.54352,80.07878,272.3112,287.75107,358.30142,21
387,4,350.0635,132.80771,202.61523,228.49625,336.34485,21
387,5,111.25441,63.65006,42.996815,70.40439,102.4363,21
387,6,26.9329,19.607716,8.038083,11.924797,23.606125,21
387,7,13.69632,9.57274,6.0105677,6.826741,11.5165615,21
387,8,6.92459,5.1482306,2.1392817,2.45357,4.8903227,21
387,9,12.279676,9.264295,3.116122,4.909339,8.913724,21
387,10,29.861177,18.940512,9.41299,18.014894,24.969578,21
387,11,57.740414,33.090202,26.576582,27.732159,57.578255,21
387,12,121.510765,54.31157,69.60986,79.99605,103.24757,21
388,1,197.42082,76.86208,111.90541,135.74977,173.82037,21
388,2,231.75848,75.36924,137.39952,161.95992,230.99936,21
388,3,306.32913,79.14759,211.57816,230.77483,298.98398,21
388,4,261.90253,113.72735,153.86482,161.62679,225.16942,21
388,5,115.264496,75.539986,45.701916,59.76733,109.43456,21
388,6,23.23874,16.472195,7.401778,11.575761,17.387506,21
388,7,8.581415,6.252782,2.4162874,3.4663537,6.7074604,21
388,8,6.117545,5.61442,1.2945133,1.7034305,4.9664407,21
388,9,7.541192,7.3742714,1.52462,1.9831935,4.0991473,21
388,10,32.41192,18.522242,12.781309,21.07956,27.215523,21
388,11,58.299072,25.93482,27.737646,38.48625,54.197132,21
388,12,119.46902,47.25046,75.61464,81.4117,111.08431,21
389,1,266.74667,66.51434,189.00014,198.17188,272.68008,21
389,2,272.77164,73.976265,184.91956,196.15175,276.27502,21
389,3,313.54498,52.04587,248.57335,275.062,342.6611,21
389,4,244.81273,59.043175,185.71954,197.79803,228.98955,21
389,5,179.39635,71.30396,105.025375,137.93874,156.72485,21
389,6,62.91099,36.23323,35.304848,36.41277,47.986984,21
389,7,39.14552,24.355003,17.208109,19.241528,34.25012,21
389,8,42.649307,23.778267,18.453186,20.312794,39.06819,21
389,9,51.471104,20.082075,25.140387,39.797134,49.452297,21
389,10,72.3257,23.191814,46.558292,55.96468,76.527855,21
389,11,149.17673,49.73907,87.82315,103.07178,165.85516,21
389,12,192.20152,53.540295,145.39174,149.69453,177.3795,21
390,1,238.51309,70.15009,164.21773,166.77603,251.78714,21
390,2,268.676,79.825294,174.29454,215.40611,268.2319,21
390,3,316.30334,69.531555,224.96585,247.08195,339.468,21
390,4,242.16756,57.232883,174.31213,191.87222,236.16112,21
390,5,174.6239,67.584595,118.68383,122.65086,168.63872,21
390,6,73.68733,39.392445,35.375916,42.076553,65.14389,21
390,7,43.800514,26.720118,23.369501,25.39795,36.474636,21
390,8,36.283882,21.291788,13.342283,18.839357,25.83887,21
390,9,51.35778,19.635315,30.054037,37.00239,47.705624,21
390,10,78.18774,26.92034,46.30249,56.92141,76.10615,21
390,11,141.9279,49.52365,86.160416,97.17856,140.0352,21
390,12,179.72746,71.93584,104.41471,116.0493,160.96844,21
391,1,275.44913,54.832153,218.526,229.58356,271.82315,21
391,2,296.49677,55.350548,229.27625,267.4222,304.24637,21
391,3,362.27222,70.134056,264.42502,309.62122,367.2106,21
391,4,290.67535,54.580902,234.44345,246.14816,298.3205,21
391,5,209.70775,68.36173,147.78012,156.99673,193.90894,21
391,6,90.8871,36.42539,57.046288,63.439392,81.59298,21
391,7,71.10934,43.532497,35.22535,38.867565,63.982483,21
391,8,56.64778,29.633951,23.160885,26.98696,47.61339,21
391,9,110.674965,37.018776,67.56908,81.495995,97.52084,21
391,10,129.20961,43.255424,80.62918,83.97498,118.2317,21
391,11,171.84857,65.07161,88.359184,122.57471,157.8151,21
391,12,210.98686,71.33776,116.68563,140.30444,220.63013,21
392,1,269.5891,60.024433,182.53049,245.71788,267.5762,21
392,2,285.51196,58.76534,207.90446,229.10088,284.58078,21
392,3,347.6932,70.72835,268.56317,270.86783,347.89886,21
392,4,285.3927,55.74582,228.2687,245.58705,273.95297,21
392,5,206.30699,68.02246,149.87123,154.60204,178.61426,21
392,6,101.13766,37.291008,64.48835,76.50293,90.05368,21
392,7,69.310196,40.20573,34.264435,42.01735,69.03741,21
392,8,45.63513,18.840525,22.740482,26.881247,43.228645,21
392,9,93.31875,31.790718,63.746067,68.033936,88.6594,21
392,10,113.76516,43.45052,65.40526,78.54069,105.35474,21
392,11,161.36177,57.44704,84.16579,109.424484,152.26808,21
392,12,180.29028,61.16878,102.21593,115.241196,195.40807,21
393,1,297.6984,84.34412,184.97894,218.31311,288.81613,21
393,2,327.0433,73.67136,239.24811,249.33603,340.78046,21
393,3,386.94797,78.620674,298.99652,339.6765,390.96066,21
393,4,315.21027,80.75841,228.45424,252.42058,307.33334,21
393,5,169.36267,82.71329,78.31647,91.147125,157.1466,21
393,6,40.876774,24.795208,16.348127,19.440788,36.87267,21
393,7,36.20357,36.23689,12.952242,15.20768,20.76905,21
393,8,25.387323,12.519876,11.4134035,14.415372,24.181194,21
393,9,37.145107,17.795515,16.038834,23.468151,32.48726,21
393,10,69.41451,26.381666,42.589203,50.30662,66.370964,21
393,11,135.59494,64.64634,72.38554,82.38308,121.252304,21
393,12,215.0622,47.680267,162.24425,165.13306,219.9754,21
394,1,262.6847,82.54289,168.63321,190.39024,254.93156,21
394,2,297.84702,67.960205,219.94516,236.58466,298.02548,21
394,3,363.38394,70.87873,266.8989,319.17267,376.02695,21
394,4,279.60715,80.695114,203.38634,222.89012,276.84897,21
394,5,160.96326,89.42137,48.028744,90.92356,149.45181,21
394,6,43.161953,24.923964,14.896375,20.55443,38.987625,21
394,7,31.258017,30.155766,9.410305,11.587851,20.524366,21
394,8,25.733032,12.311671,10.882687,14.254235,23.738874,21
394,9,33.800274,13.372676,17.450264,23.042282,33.70442,21
394,10,67.981285,28.284557,40.62844,46.725296,64.437546,21
394,11,122.22004,56.48838,72.99326,85.95878,105.680336,21
394,12,223.79462,48.644066,162.55148,182.2252,219.42537,21
395,1,331.73737,60.717907,239.9329,273.8616,336.9862,21
395,2,291.45102,45.371765,247.51312,264.32828,292.78638,21
395,3,358.0581,48.37802,297.10327,323.612,371.2166,21
395,4,294.83127,61.11422,229.5591,244.46167,283.43192,21
395,5,208.405,75.32617,128.09499,149.20605,179.19873,21
395,6,69.32348,31.084402,35.94344,39.177696,61.83512,21
395,7,52.71398,37.657623,22.244389,24.816969,43.607292,21
395,8,57.943615,29.78574,19.101343,29.201235,51.68278,21
395,9,107.271774,36.385006,70.839035,82.11769,101.60787,21
395,10,134.00728,43.997105,87.76826,105.43787,123.12143,21
395,11,167.83208,42.956543,111.37414,128.54333,170.11087,21
395,12,220.29929,60.03136,143.82043,158.7161,225.00865,21
396,1,302.1822,63.943424,232.61946,247.64485,299.92468,21
396,2,293.60944,48.530838,250.45027,263.85657,293.02625,21
396,3,359.97592,59.757114,297.9911,330.7227,352.07315,21
396,4,292.50974,62.061596,229.89224,242.6696,289.4246,21
396,5,199.31169,71.665245,129.69557,134.09494,193.26697,21
396,6,80.298645,34.81518,45.767193,50.444775,70.27347,21
396,7,63.376297,44.074318,28.311218,33.586586,53.892178,21
396,8,62.912727,32.57598,25.47243,31.269268,59.987434,21
396,9,111.271545,32.639553,66.561874,88.46754,108.95594,21
396,10,135.03606,45.066334,89.53403,100.29038,127.51677,21
396,11,176.59357,52.603107,105.043396,126.87308,176.31508,21
396,12,208.12526,60.066593,140.12047,141.2432,209.03001,21
397,1,274.5758,60.33448,193.20215,208.34787,277.82413,21
397,2,301.18884,83.77617,243.0658,251.31046,294.47775,21
397,3,334.2163,63.531437,241.63565,290.22214,332.77267,21
397,4,253.56512,50.654377,195.61618,205.9563,249.58286,21
397,5,164.76173,51.20628,105.47422,132.37158,157.83731,21
397,6,68.377655,33.694794,36.696053,40.807728,60.136734,21
397,7,50.38947,30.47341,24.699759,29.392391,41.076706,21
397,8,39.479954,21.700836,15.721253,17.926695,35.52591,21
397,9,68.79287,21.517935,40.77558,48.608727,64.117455,21
397,10,116.586006,28.355028,85.64279,89.14946,110.22805,21
397,11,158.30994,51.65237,88.43092,119.819664,152.46576,21
397,12,210.88356,69.19698,143.91003,152.31686,192.33734,21
398,1,246.46259,60.712017,181.15997,187.89442,251.93501,21
398,2,279.03687,89.32894,210.0419,218.15213,271.24615,21
398,3,316.97797,68.42318,226.62627,262.1429,323.47287,21
398,4,230.97968,47.647877,177.17015,186.15453,225.92706,21
398,5,168.415,59.970875,105.327614,129.13176,157.88525,21
398,6,67.26519,37.682957,28.270905,35.81538,57.125484,21
398,7,47.81326,32.500156,21.637806,23.087852,36.976845,21
398,8,36.705116,21.53569,14.536285,15.587597,27.127277,21
398,9,55.714703,20.435356,33.502525,39.557484,52.854275,21
398,10,92.16966,26.54187,60.870094,68.25607,89.74577,21
398,11,154.93547,50.588367,103.23087,104.63053,146.14691,21
398,12,199.33603,65.51964,141.03055,142.66454,185.06956,21
399,1,185.08943,73.785065,107.158325,116.747284,174.48936,21
399,2,215.07692,75.000084,129.54257,150.31044,204.46802,21
399,3,268.31323,88.331795,172.50473,196.25423,261.88336,21
399,4,192.07947,92.136345,96.526634,121.30336,171.38655,21
399,5,83.37727,53.941925,35.70248,53.99121,69.29678,21
399,6,14.308044,12.731644,3.7072132,4.8157067,11.273557,21
399,7,13.365006,9.204523,5.46122,6.534967,8.460421,21
399,8,6.907892,5.0102067,2.5741436,3.1946275,6.007412,21
399,9,15.673345,11.821655,6.501413,6.954629,11.923115,21
399,10,35.34614,18.056025,15.240627,22.862597,30.518364,21
399,11,69.46734,37.827408,28.998177,40.039043,58.54639,21
399,12,116.62527,57.53698,61.5603,73.75832,100.43035,21
400,1,186.25629,77.234795,99.873474,137.17047,182.83304,21
400,2,217.35089,70.70369,152.30826,158.02182,208.87332,21
400,3,269.2506,86.25649,186.74545,191.35954,268.70053,21
400,4,207.6871,99.866714,105.557915,134.49867,168.65411,21
400,5,79.571,51.52986,36.781696,47.404423,72.54902,21
400,6,13.469871,12.746761,1.8174392,4.704481,9.686096,21
400,7,12.455277,10.163786,3.9827023,4.6445026,7.9394984,21
400,8,6.841748,5.7112064,2.0279,2.1691651,4.7022448,21
400,9,13.31151,9.833497,3.9914098,6.1378956,11.17101,21
400,10,38.11374,22.560148,9.0415535,18.691662,32.538815,21
400,11,79.27342,34.722942,45.128468,48.27253,63.836597,21
400,12,119.25249,44.384766,75.06486,84.12375,104.54588,21
401,1,268.62277,88.8784,165.60045,199.65527,257.0353,21
401,2,293.39334,64.68072,223.15201,234.99026,292.82507,21
401,3,339.02048,76.25358,216.8907,287.74664,343.98734,21
401,4,262.95984,63.835213,186.32771,195.49103,248.60716,21
401,5,195.49622,107.812164,67.058815,136.80515,176.79327,21
401,6,46.977486,26.616867,17.30987,25.397106,40.5978,21
401,7,31.349808,31.24681,9.923031,13.44832,23.553144,21
401,8,28.016186,12.783609,13.424512,15.181776,26.779987,21
401,9,32.55428,12.784042,17.29163,21.5621,31.732965,21
401,10,74.6526,31.77692,42.295357,45.71127,72.87053,21
401,11,114.12711,40.646774,73.698784,77.29006,108.389145,21
401,12,215.92497,47.587765,156.334,169.44107,218.43385,21
402,1,265.44604,87.32492,164.84708,190.55031,248.67056,21
402,2,288.51086,66.29138,226.56897,237.24171,279.77835,21
402,3,353.2107,77.796455,246.02289,305.05304,338.6058,21
402,4,254.87288,68.46404,177.05302,190.89543,256.658,21
402,5,132.34291,77.19378,56.73645,72.44973,115.944695,21
402,6,33.486244,22.173487,11.646603,15.987962,28.1103,21
402,7,24.260754,25.580168,6.548301,9.346915,16.376163,21
402,8,20.917532,11.576986,8.423563,10.941049,20.690115,21
402,9,37.035168,14.999757,19.98082,23.614016,35.601295,21
402,10,79.79425,34.27284,44.978966,48.04373,77.79724,21
402,11,131.5099,50.541843,82.86697,92.77604,124.48568,21
402,12,222.20038,52.75328,164.93059,178.89185,211.72447,21
403,1,119.94896,96.34423,44.10491,62.564934,109.8439,21
403,2,131.37692,65.78029,41.789604,66.27419,131.57788,21
403,3,191.95236,67.05991,120.98811,144.9712,177.56393,21
403,4,164.91447,71.39893,91.58073,100.91459,145.76929,21
403,5,74.705154,51.342827,31.52321,37.908627,69.48003,21
403,6,21.729965,13.870713,9.706444,10.576423,20.201523,21
403,7,12.357768,6.3077955,7.211728,7.3459206,9.712919,21
403,8,2.4748547,1.7515984,0.5810386,0.74159783,2.2080562,21
403,9,1.0075564,0.99861294,0.4463714,0.4514975,0.46300197,21
403,10,1.4580371,1.8706542,0.0,0.0,0.8568374,21
403,11,7.8121023,7.666627,1.9683778,2.874951,5.2540245,21
403,12,29.625156,24.303715,11.968807,12.053349,23.249802,21
404,1,109.50301,94.48567,30.03276,47.11719,99.23564,21
404,2,118.216774,64.471375,37.322018,45.51964,117.87978,21
404,3,181.0679,78.99484,92.562935,106.188965,170.9863,21
404,4,161.4077,93.21102,70.36623,96.23939,133.02586,21
404,5,63.553165,49.64517,27.720316,29.872128,42.48201,21
404,6,17.174948,10.060679,7.625122,9.299882,12.809995,21
404,7,7.553761,4.7144203,4.141894,4.480896,5.5726204,21
404,8,0.9509467,1.1469276,0.12953386,0.22485426,0.6628972,21
404,9,0.6967826,0.76948035,0.30309537,0.3042667,0.3195755,21
404,10,1.65357,2.2982168,0.0,0.027723959,0.9117501,21
404,11,7.202096,6.081454,2.2004359,3.0723553,5.6497974,21
404,12,26.95317,25.501854,10.408926,12.246299,19.48538,21
405,1,204.74956,84.88183,98.87317,141.49881,191.25261,21
405,2,202.37523,61.30374,137.14003,139.33475,215.183,21
405,3,256.85938,74.688,177.3777,178.16031,260.22702,21
405,4,203.07222,100.942314,119.8672,133.32683,166.90541,21
405,5,71.382866,55.88836,32.163483,37.105186,57.270966,21
405,6,10.50744,8.12798,2.5991488,3.7831872,7.9546585,21
405,7,2.4147108,2.757421,0.14030294,0.28103164,1.709334,21
405,8,3.0531597,3.5478141,0.3557093,0.68366235,1.2153492,21
405,9,7.5759974,7.3050094,1.8386958,2.573282,3.5985236,21
405,10,40.04865,26.89786,13.967464,15.423613,36.778774,21
405,11,80.25538,28.368313,48.35778,62.66147,73.90612,21
405,12,117.822334,41.03114,69.026764,87.00913,109.53588,21
406,1,197.46794,75.04715,105.30714,149.99016,184.13097,21
406,2,220.99362,83.99899,119.505295,133.04211,226.45523,21
406,3,287.9395,82.38362,199.68451,216.69656,284.70407,21
406,4,249.66132,120.42502,138.34972,149.08156,217.17639,21
406,5,110.835754,86.71816,36.42681,56.436382,90.67859,21
406,6,15.489502,12.993962,2.6753354,4.2780766,11.979629,21
406,7,8.301877,5.8472753,3.3184047,3.833834,6.9306383,21
406,8,6.2029195,5.1870646,2.8755162,3.1771915,3.8962512,21
406,9,9.548465,8.311638,3.5387473,3.952874,6.011603,21
406,10,26.066727,15.175944,11.727247,14.271825,24.216751,21
406,11,55.35186,25.699532,18.584198,30.677969,57.260147,21
406,12,97.0399,43.380093,43.737103,65.43198,99.91435,21
407,1,309.70584,52.52829,238.53479,267.95172,318.7394,21
407,2,289.7603,56.534424,233.34198,249.86858,288.44067,21
407,3,315.08893,62.066895,239.52608,250.18976,318.15454,21
407,4,266.4113,64.56726,196.52791,208.21255,261.29547,21
407,5,212.62283,57.181522,162.41396,175.13834,216.036,21
407,6,89.322495,39.11036,37.82577,53.893066,78.481316,21
407,7,60.64023,26.477957,29.60301,37.19878,56.534157,21
407,8,68.589195,28.334784,28.854849,32.454758,76.00159,21
407,9,103.07307,29.46191,64.16189,69.46963,101.830925,21
407,10,139.07666,27.989,103.315926,117.388245,133.91774,21
407,11,180.81567,41.038425,138.17079,152.9079,175.70491,21
407,12,257.2814,59.4413,208.57721,215.1559,240.23125,21
408,1,305.72202,53.07779,226.69524,264.79352,304.37552,21
408,2,288.72598,55.664913,234.34581,242.92291,277.91693,21
408,3,309.89102,58.397552,242.79395,248.57529,313.08456,21
408,4,262.7314,66.16363,182.07208,208.03029,259.83765,21
408,5,199.10461,56.209854,151.51056,166.28963,193.64095,21
408,6,90.07277,40.53356,47.036396,53.715286,80.54774,21
408,7,62.76153,28.687798,25.261322,36.689476,60.352356,21
408,8,74.22133,30.156956,32.88138,34.818027,77.64908,21
408,9,108.400055,35.65468,60.55949,64.30636,115.37892,21
408,10,134.11218,25.38854,108.74032,112.732895,128.87169,21
408,11,182.37717,45.38083,130.4441,152.64084,171.41194,21
408,12,251.89258,60.084064,202.20651,206.87184,228.23222,21
409,1,81.4215,69.34205,28.562689,45.1919,69.99772,21
409,2,89.44275,44.0263,36.06911,49.833942,81.77378,21
409,3,153.99544,53.902325,74.06921,127.90068,152.43929,21
409,4,149.90932,60.33765,73.26089,102.01764,147.65178,21
409,5,88.45913,47.09924,28.091076,52.506966,85.178444,21
409,6,47.704353,30.810612,16.57396,24.24069,44.990093,21
409,7,19.500055,8.877321,11.555144,12.006213,16.347748,21
409,8,3.953182,4.2739716,0.5753621,0.8569126,2.8059483,21
409,9,1.1013552,0.9403538,0.2769771,0.29547212,0.7314444,21
409,10,0.99136263,1.2767631,0.022988547,0.044787634,0.35060474,21
409,11,2.566339,2.260298,0.30561,0.55435145,2.328464,21
409,12,17.2976,16.071146,4.8101225,6.186153,11.070561,21
410,1,94.334,75.889534,24.592133,43.52724,89.875046,21
410,2,107.23398,59.402077,34.165897,61.443707,100.10393,21
410,3,174.7283,67.88986,71.17359,137.70564,182.46509,21
410,4,157.92134,65.1617,75.266464,100.622826,149.28004,21
410,5,105.06123,62.124268,27.853424,48.928192,94.9776,21
410,6,40.154106,33.294647,14.632055,18.24686,36.262207,21
410,7,18.663662,9.802306,7.9069757,11.296697,13.7354965,21
410,8,2.9039822,5.1144013,0.11305761,0.21669966,0.7139306,21
410,9,1.0507956,1.217425,0.046628155,0.10466661,0.60455704,21
410,10,1.5758129,2.0430293,0.046315882,0.21757513,0.45233923,21
410,11,2.447647,2.4554799,0.1236102,0.5848353,1.7889742,21
410,12,19.206467,18.943464,5.8752956,7.986516,12.546978,21
411,1,104.95623,82.014084,32.125446,59.221752,89.17751,21
411,2,120.6408,65.46569,39.84555,62.93301,115.44553,21
411,3,179.24753,86.25108,94.07526,95.38496,186.76672,21
411,4,145.70993,83.42851,79.620514,91.039825,108.77628,21
411,5,56.998566,43.773273,18.854715,21.790455,44.9415,21
411,6,13.811887,6.4722476,7.4711432,8.039141,11.454517,21
411,7,5.461344,4.2620916,2.1413276,2.4228055,3.3747678,21
411,8,0.2687243,0.57399535,0.0,0.0,0.0,21
411,9,0.68825215,1.3152949,0.0,0.0,0.0,21
411,10,2.8741846,3.8939977,0.14301983,0.27431482,1.0798432,21
411,11,8.211662,6.8539124,1.3906364,4.171934,6.8940763,21
411,12,31.292099,27.402985,9.779723,13.720821,22.494019,21
412,1,83.75565,76.011696,20.193136,31.863277,70.019356,21
412,2,87.61807,48.777615,26.740498,33.839634,97.57954,21
412,3,143.58943,73.62145,62.326088,80.37438,135.49823,21
412,4,123.46125,74.35592,60.58383,64.404655,104.2943,21
412,5,44.75833,32.138554,12.420771,20.007174,37.328186,21
412,6,15.523188,11.7004595,6.1679745,7.775303,10.204277,21
412,7,5.247407,3.6782475,2.3670893,2.46651,3.6499534,21
412,8,0.67510045,1.0888319,0.0,0.0,0.04713572,21
412,9,0.28636032,0.6100385,0.0,0.0,0.0,21
412,10,0.86689883,1.2564703,0.0,0.0,0.20759463,21
412,11,4.460826,3.8730915,0.32790157,1.0313623,4.254431,21
412,12,21.196102,20.343697,6.9384184,7.4105477,11.1557455,21
413,1,323.87527,43.44725,274.36462,287.27866,320.55188,21
413,2,305.28238,28.246037,270.71936,275.05365,311.36725,21
413,3,327.54095,31.356516,294.42142,295.60086,330.73615,21
413,4,273.50775,38.00121,232.5971,240.70816,271.52707,21
413,5,174.90042,43.389046,127.8199,133.51613,169.15228,21
413,6,66.42812,33.284573,31.671358,41.676544,54.535454,21
413,7,46.514812,24.77719,14.528093,23.91999,43.534588,21
413,8,63.468227,26.742125,28.386908,33.04206,66.18622,21
413,9,114.86998,31.068945,77.35106,81.43548,115.555275,21
413,10,150.67593,22.843548,124.64173,132.70982,151.04689,21
413,11,217.13396,40.868893,157.15837,189.19835,216.54227,21
413,12,273.23697,44.07976,236.71059,241.04245,253.58923,21
414,1,321.23294,49.346054,273.25568,278.45264,304.3644,21
414,2,303.41815,41.705135,264.91922,275.20917,294.33313,21
414,3,333.83453,39.31529,285.82208,294.13654,334.68127,21
414,4,267.34506,46.390007,213.97461,235.03697,260.9042,21
414,5,160.61467,47.11735,103.062004,116.5202,159.68375,21
414,6,53.0871,29.114344,24.981121,32.741673,46.034718,21
414,7,31.932333,18.769808,7.428004,13.315867,33.229156,21
414,8,52.821857,21.180918,24.561031,27.48167,56.126976,21
414,9,111.91774,29.081533,71.09838,79.67786,111.35779,21
414,10,149.96182,26.892086,117.68588,121.5838,150.99991,21
414,11,211.35233,42.371254,154.39297,175.53871,216.14728,21
414,12,277.33423,50.948082,224.5597,233.26483,272.2358,21
415,1,265.91183,84.613304,172.95673,193.37152,261.4647,21
415,2,309.67804,81.819565,202.75114,243.34052,298.11374,21
415,3,364.7032,80.900795,297.06952,305.77322,359.47675,21
415,4,254.05383,70.870415,166.09389,187.21849,249.15057,21
415,5,133.62317,77.14449,49.06697,87.30274,119.4992,21
415,6,23.167692,14.698039,8.6098585,11.6774025,20.880182,21
415,7,22.512999,24.931353,6.2464385,7.5570445,14.241053,21
415,8,15.8508625,8.945906,5.936549,8.011837,16.167757,21
415,9,37.7081,16.629177,19.29833,23.640724,35.786808,21
415,10,82.084366,33.1866,42.652462,60.898266,80.58296,21
415,11,142.451,59.420612,91.81862,104.0808,121.091286,21
415,12,220.65857,45.41713,175.36598,185.24408,212.6819,21
416,1,257.47345,93.43872,147.2704,186.01219,258.6272,21
416,2,300.87903,81.82218,219.13211,238.84924,301.60635,21
416,3,365.58163,73.830444,300.843,319.78998,343.40836,21
416,4,236.26033,66.00466,138.11623,185.31987,245.72432,21
416,5,112.28476,68.09001,38.38172,70.48699,95.23633,21
416,6,23.567928,15.424356,8.233284,10.8646145,19.785057,21
416,7,16.492428,20.078669,0.0,4.129638,10.785882,21
416,8,13.947248,9.750065,5.721077,7.335325,11.767466,21
416,9,41.752655,20.273043,20.630407,26.044302,35.67069,21
416,10,83.19771,38.672634,34.505966,49.26036,77.52233,21
416,11,142.2119,55.04214,95.512764,99.96945,134.79875,21
416,12,225.69568,59.49714,166.13818,181.17079,211.10385,21
417,1,268.41486,74.873856,171.4945,207.25072,263.24612,21
417,2,287.8253,78.458115,189.70226,205.67534,303.2802,21
417,3,313.57333,54.286095,241.04727,265.7726,312.34427,21
417,4,259.91226,64.98782,207.05444,209.85603,229.17651,21
417,5,167.68108,63.274918,83.51618,122.50312,168.20396,21
417,6,53.794468,29.861256,21.827936,26.111477,48.9408,21
417,7,30.716824,24.71368,10.107213,16.019442,25.910063,21
417,8,51.11419,28.043398,24.26888,26.57111,50.78694,21
417,9,57.51223,16.391682,40.649185,44.643227,53.819073,21
417,10,98.69551,28.317438,66.781136,74.8987,102.826385,21
417,11,168.4836,52.209846,108.56187,117.336044,187.67941,21
417,12,212.98824,48.158466,161.89967,172.59177,205.44948,21
418,1,244.12949,69.99524,147.16722,182.06328,252.34373,21
418,2,269.55542,81.14829,158.92555,238.24193,279.94672,21
418,3,316.04657,92.0002,224.46349,246.62195,298.40445,21
418,4,218.6905,78.57709,151.69783,157.25635,202.59961,21
418,5,95.82611,57.089302,44.514313,54.50857,81.635315,21
418,6,14.364949,10.3196945,6.025296,6.167049,11.099082,21
418,7,8.157919,8.898704,1.8168957,2.718562,5.663516,21
418,8,8.354722,6.6128516,2.950997,3.321989,7.0182343,21
418,9,29.783741,20.532042,8.246389,14.32629,27.571352,21
418,10,65.42616,26.686157,34.97764,45.966175,62.305653,21
418,11,121.49676,53.96803,66.96585,77.62428,112.27492,21
418,12,193.8103,48.613876,128.77457,156.68736,180.24747,21
419,1,258.84995,82.38371,151.60979,194.16647,261.4979,21
419,2,289.0186,78.263954,203.0875,209.68997,296.9161,21
419,3,329.63956,58.47603,256.60242,281.8885,337.42285,21
419,4,258.37665,85.696846,196.59897,198.16516,236.26701,21
419,5,171.2524,67.125694,95.10254,123.77129,151.70938,21
419,6,57.376286,34.999702,20.924923,26.691116,47.29407,21
419,7,31.227041,23.56697,11.169681,15.960028,24.076702,21
419,8,41.385174,26.651896,19.767714,20.958853,34.194386,21
419,9,51.997105,17.45917,34.03409,37.655804,49.36873,21
419,10,82.74735,24.376358,61.693447,64.729774,82.41328,21
419,11,135.4342,50.115498,77.44338,85.93518,134.8117,21
419,12,208.85905,59.31743,148.55365,163.61545,206.89365,21
420,1,317.49323,59.119064,253.48227,261.22437,306.49374,21
420,2,322.8825,78.1532,236.06172,260.95874,315.59372,21
420,3,357.21933,63.646347,285.5813,312.45053,357.10922,21
420,4,229.10631,61.091297,174.56917,188.219,205.41762,21
420,5,133.93054,52.12035,74.47724,100.44795,128.89656,21
420,6,25.086576,17.800232,9.989314,12.703441,18.375992,21
420,7,13.661258,10.21149,5.3160343,5.667952,10.166074,21
420,8,23.654764,14.268176,8.028486,13.537095,19.368631,21
420,9,86.52504,24.065983,61.423706,69.759346,87.77884,21
420,10,156.14905,35.000713,104.568985,125.87218,162.29785,21
420,11,211.90004,42.582798,161.12952,168.25043,214.03589,21
420,12,277.16577,56.377487,207.42235,229.62297,271.67493,21
421,1,314.1779,66.67825,232.95424,262.2472,311.2004,21
421,2,316.39185,70.9255,238.40366,251.80109,296.3481,21
421,3,347.73703,57.51917,272.81915,292.41528,349.34772,21
421,4,208.60262,48.475246,168.65736,176.93927,189.98337,21
421,5,129.88017,50.12436,82.381035,94.09378,122.657455,21
421,6,27.173283,17.817204,10.608733,15.038906,20.167791,21
421,7,14.053936,10.17431,4.652852,5.893494,10.223192,21
421,8,30.100393,17.481289,10.706864,17.987377,25.606033,21
421,9,92.42332,24.639267,71.8534,72.72805,84.626205,21
421,10,154.64804,29.152512,110.04034,133.95856,163.77824,21
421,11,202.77283,36.1518,156.0917,168.02426,205.78726,21
421,12,282.04565,53.00711,207.59041,237.11487,281.67853,21
422,1,252.17155,69.19352,186.12796,196.15976,250.90933,21
422,2,296.7259,88.984146,161.62189,242.82013,307.93994,21
422,3,317.73132,97.44796,224.9558,235.01707,286.99576,21
422,4,229.80661,84.430695,153.87166,166.48586,215.48126,21
422,5,111.83693,65.733635,54.76401,61.283573,96.76116,21
422,6,17.004198,11.618723,7.4415874,8.985501,12.720189,21
422,7,8.902259,9.983497,1.0938201,1.8495852,6.155349,21
422,8,11.477165,9.592682,5.0499487,5.9358535,8.980591,21
422,9,34.108868,19.81835,13.698443,22.362736,28.358908,21
422,10,89.9554,32.563656,51.385513,69.66684,87.010056,21
422,11,134.56134,48.18336,85.91374,97.454895,121.86329,21
422,12,190.45877,48.76034,135.80289,137.34085,180.54517,21
423,1,347.4147,55.729313,288.74466,306.78995,333.88937,21
423,2,317.49234,54.944565,244.19357,276.53702,314.92422,21
423,3,347.61594,46.512093,300.29105,323.81506,345.03415,21
423,4,266.913,55.757214,206.93585,218.73488,257.9346,21
423,5,172.50551,72.95387,77.37438,107.35099,168.90118,21
423,6,49.12841,25.327486,19.13,24.534763,49.554688,21
423,7,34.909958,27.85265,11.974972,15.0144825,23.323286,21
423,8,64.87122,32.266838,27.890697,37.24032,66.159225,21
423,9,106.85665,36.80391,69.10845,82.967026,101.53683,21
423,10,147.19284,37.22578,99.819534,118.22737,149.90831,21
423,11,187.94524,48.440697,129.22893,159.42241,190.51685,21
423,12,250.49628,49.29409,175.12137,213.1053,252.05853,21
424,1,302.20032,60.15754,242.43694,253.77626,307.94162,21
424,2,309.10947,54.92685,242.88956,268.32416,315.7769,21
424,3,359.92642,66.41739,272.18933,316.5081,358.54242,21
424,4,279.74615,56.784916,209.1327,222.06406,264.26218,21
424,5,186.79398,70.527626,119.9353,127.470375,169.58821,21
424,6,65.49217,30.730743,34.526848,42.397854,63.22332,21
424,7,52.213367,39.899067,23.508036,26.577852,41.43834,21
424,8,57.02971,29.301298,28.885971,29.256607,54.665165,21
424,9,107.24064,37.2761,77.14081,80.16133,102.019745,21
424,10,150.2973,42.953793,99.40215,108.183105,147.29477,21
424,11,186.74886,57.413204,106.9486,125.10925,183.05334,21
424,12,229.52303,66.24544,154.72736,161.46863,230.15073,21
425,1,252.01115,84.64317,141.6944,191.87634,235.48915,21
425,2,291.9943,85.448654,198.94955,224.67155,276.75592,21
425,3,353.63916,69.99275,290.26358,301.13644,330.70898,21
425,4,234.545,64.62739,138.54065,191.71732,225.1896,21
425,5,129.98889,89.25749,48.005306,77.67932,107.96456,21
425,6,28.581703,18.69959,9.764341,11.863139,25.423306,21
425,7,13.588934,12.251172,0.5722278,5.643847,9.241337,21
425,8,15.4752245,10.089317,6.8031025,8.119452,13.274094,21
425,9,38.1674,15.990389,20.656258,26.753536,35.283257,21
425,10,89.01791,42.75221,36.95248,52.724277,83.21004,21
425,11,140.80038,51.502636,91.51927,102.06078,134.48354,21
425,12,210.76837,61.620117,149.90414,160.72408,197.43909,21
426,1,243.03783,65.80789,158.99434,194.08177,245.06308,21
426,2,301.62466,81.66286,211.59637,220.08734,296.4863,21
426,3,321.98892,70.9459,244.61969,253.66223,307.4383,21
426,4,239.49237,74.1195,158.26778,185.62555,235.15636,21
426,5,144.87897,86.071724,58.912766,95.35149,119.09354,21
426,6,28.939137,19.912668,10.547724,17.180704,22.455633,21
426,7,14.658412,12.572862,4.641297,5.413408,9.153762,21
426,8,17.249046,11.569294,8.155204,9.999027,12.825675,21
426,9,41.251225,15.817254,22.924776,27.521944,38.197815,21
426,10,101.14459,34.60865,68.8451,80.869316,92.869225,21
426,11,132.83151,43.654118,87.70313,94.570946,120.39593,21
426,12,201.86418,45.1131,152.92908,160.5859,202.59367,21
427,1,309.36606,59.535427,240.74318,265.41217,299.72372,21
427,2,313.4143,65.71802,235.09998,270.47125,308.27753,21
427,3,351.80792,59.92959,274.98383,303.8489,353.6956,21
427,4,266.91785,51.5725,209.49477,214.00404,255.83383,21
427,5,172.80203,56.898308,106.147484,128.90521,165.7682,21
427,6,59.43864,31.47518,27.602549,33.932846,52.65806,21
427,7,38.849823,23.738834,18.334837,21.46029,34.73475,21
427,8,40.789562,19.904774,19.051182,22.08115,35.132076,21
427,9,89.770935,31.980991,56.2003,66.43549,83.09891,21
427,10,136.43997,33.503143,95.548,109.95565,135.80884,21
427,11,176.02174,56.22813,97.71544,122.35418,185.23613,21
427,12,228.83096,60.061737,163.44958,170.80682,224.94766,21
428,1,327.08862,63.645527,281.5846,286.54495,308.85074,21
428,2,318.16196,58.46877,223.5081,289.57385,307.83664,21
428,3,346.1762,55.115654,279.6901,304.03027,333.8014,21
428,4,265.51068,55.546562,211.0772,218.6598,255.89462,21
428,5,174.9719,70.338394,88.804,111.27336,166.0915,21
428,6,47.57154,23.522005,20.700735,30.902094,44.227688,21
428,7,33.16867,24.120102,13.819327,15.058093,24.609701,21
428,8,50.149746,26.342974,21.934748,28.001667,43.955048,21
428,9,98.21233,37.022156,61.31465,68.60572,88.66131,21
428,10,159.6736,40.987022,99.61816,136.93933,164.46045,21
428,11,182.5166,53.349266,114.569626,145.67194,173.89748,21
428,12,258.67535,59.22088,176.80753,209.90288,268.10748,21
429,1,306.76205,45.946716,250.02927,268.3109,313.79483,21
429,2,288.0401,61.09905,205.9153,251.44585,293.69675,21
429,3,312.31046,58.398678,245.4669,264.36917,298.41208,21
429,4,263.55023,59.602283,196.59473,211.64685,256.2927,21
429,5,193.80437,57.105152,141.08925,144.70538,194.81656,21
429,6,82.23993,34.864277,37.102726,58.336823,72.34095,21
429,7,48.24816,24.810097,18.590555,27.838316,44.10686,21
429,8,63.019287,27.025517,26.071426,32.42399,67.45314,21
429,9,108.04949,35.72245,62.79457,80.12035,99.57256,21
429,10,156.04843,39.74642,113.3793,128.79082,147.8132,21
429,11,166.45227,37.854877,122.08417,143.27269,158.08086,21
429,12,252.2999,58.011364,175.70619,204.06238,254.7189,21
430,1,316.372,42.59232,266.28406,280.02243,317.02808,21
430,2,301.13687,47.182255,226.95903,258.28275,312.10318,21
430,3,329.27826,46.316975,282.49298,292.66965,317.43558,21
430,4,263.06693,48.796177,212.52135,223.92943,242.10143,21
430,5,186.29109,56.983986,142.16557,154.10664,176.41077,21
430,6,69.104324,31.153948,27.22459,46.593525,60.914825,21
430,7,48.572865,27.325254,15.462307,26.374554,45.024597,21
430,8,62.60982,28.500086,27.14845,37.96279,66.83589,21
430,9,105.888245,32.90449,75.3961,76.26697,98.336525,21
430,10,163.13321,32.022366,128.61087,137.65822,154.78592,21
430,11,198.2041,38.339985,155.39676,169.6817,189.02919,21
430,12,283.44617,56.06402,214.44336,245.18025,278.59915,21
431,1,187.72533,84.57792,87.3539,123.189316,172.67,21
431,2,172.71101,53.161343,112.20246,131.51369,158.19371,21
431,3,211.36798,76.88464,118.888504,126.08381,198.77234,21
431,4,158.7673,76.08756,91.263084,104.891075,139.87839,21
431,5,60.318462,38.883373,20.931677,37.492878,51.09747,21
431,6,10.372129,9.762544,3.9969082,4.7151594,8.903272,21
431,7,5.5606437,3.5675797,2.39028,2.7814734,3.4848752,21
431,8,7.229119,5.3586836,2.6345263,3.69267,5.082882,21
431,9,18.175674,11.378243,5.4276056,7.063447,14.191105,21
431,10,39.902008,15.007654,19.315424,21.508007,43.696083,21
431,11,87.268456,34.88682,51.44207,57.015842,81.38125,21
431,12,122.6163,44.08184,79.19688,96.47191,113.93793,21
432,1,266.57184,80.83058,172.16226,207.60454,260.44092,21
432,2,291.71414,75.210106,204.87389,223.84874,294.50555,21
432,3,331.86267,77.43992,237.90218,274.2222,302.60287,21
432,4,253.33147,81.21756,191.47232,194.34679,212.18985,21
432,5,159.20943,61.98172,94.708,112.12486,138.70517,21
432,6,56.153534,34.346478,20.013813,26.889198,48.14155,21
432,7,33.005684,23.137018,14.0389185,20.003489,28.03621,21
432,8,42.147663,25.376171,20.852829,26.18061,34.800976,21
432,9,49.09347,18.34518,29.561462,35.81095,45.482643,21
432,10,93.64101,31.138912,69.58299,73.423225,91.56797,21
432,11,132.572,49.15999,69.97094,80.802,125.73859,21
432,12,216.28613,53.765,147.95175,172.4217,215.72252,21
433,1,186.03879,95.01815,81.876465,127.92404,178.81543,21
433,2,158.38461,49.760902,92.84232,125.43858,143.8934,21
433,3,215.61595,75.6689,116.04233,130.5156,212.02393,21
433,4,158.56575,83.53871,85.19879,94.883766,138.97095,21
433,5,52.71895,32.659306,17.134073,33.702843,46.444153,21
433,6,10.419664,9.151075,4.0599823,5.0571303,8.878019,21
433,7,5.2571855,4.6041474,0.78575844,1.7887495,3.4995768,21
433,8,7.6927986,5.648976,3.2431378,3.542195,5.1918535,21
433,9,16.30759,11.321457,5.3281345,7.2783484,13.624747,21
433,10,38.403122,15.292019,17.232365,23.80953,39.55276,21
433,11,92.816956,40.610706,51.588856,55.643307,83.649635,21
433,12,118.115906,46.427246,73.91884,81.759056,113.0064,21
434,1,279.77036,83.235176,169.01834,226.33153,275.58368,21
434,2,289.67725,66.30577,215.59546,228.12375,299.72037,21
434,3,321.12964,64.1445,241.96062,269.82388,320.87677,21
434,4,251.22581,62.555153,203.13847,213.21509,229.35916,21
434,5,169.03978,58.575836,96.69232,124.24791,171.48517,21
434,6,59.116974,37.66827,25.070322,27.64141,56.56918,21
434,7,27.05889,22.15966,10.103179,10.991803,21.764002,21
434,8,56.951637,31.98269,30.998749,32.106255,48.89437,21
434,9,61.924404,16.867622,43.684517,49.404816,57.725315,21
434,10,110.4621,27.762579,79.279884,88.70642,111.501274,21
434,11,163.77046,47.70224,118.058655,124.08174,171.11012,21
434,12,216.68709,46.826,164.25308,174.6598,221.32712,21
435,1,211.41988,99.54359,96.06412,144.3142,200.13547,21
435,2,206.23575,66.163185,111.72187,155.5341,206.4613,21
435,3,243.68755,71.21496,157.64745,165.36331,256.26785,21
435,4,203.81302,99.83344,106.46272,117.44522,184.84077,21
435,5,60.605877,48.484016,20.240807,30.30818,49.91431,21
435,6,12.078899,9.3489275,4.2912445,5.3585596,8.796972,21
435,7,2.1952305,3.032697,0.0,0.0,0.4029351,21
435,8,3.6402774,4.3408785,0.20382237,0.23369104,1.060521,21
435,9,5.932371,6.6588206,0.18241695,0.30759,4.3278484,21
435,10,49.16039,30.685612,10.447102,17.548965,45.18777,21
435,11,87.96164,38.736595,48.275692,52.42257,84.64715,21
435,12,139.91354,41.54138,96.61716,99.97227,127.14547,21
436,1,215.96252,99.16855,89.32065,140.75766,196.61465,21
436,2,195.48645,57.601856,120.58828,151.45256,202.27528,21
436,3,235.58475,73.3293,148.93987,149.86493,231.96286,21
436,4,196.38925,94.968994,114.07319,117.235954,152.7707,21
436,5,56.716373,44.342266,24.144361,28.706964,46.395535,21
436,6,8.088688,6.7475033,1.0354457,2.602481,6.7634616,21
436,7,0.9360672,1.2640367,0.0,0.0,0.31397104,21
436,8,2.4711123,3.3459914,0.045041952,0.11149491,0.45806417,21
436,9,3.2731662,4.1810703,0.23240319,0.38850248,1.0597256,21
436,10,48.173016,32.492775,14.318572,16.716291,37.26824,21
436,11,95.94621,37.34203,63.809914,69.95575,90.856094,21
436,12,135.51736,42.21666,95.61399,101.39302,127.23458,21
437,1,269.16217,77.90569,170.06783,188.49605,272.46225,21
437,2,292.8218,69.867294,203.1765,214.49614,294.0084,21
437,3,310.5939,80.45012,215.72478,244.7008,329.7258,21
437,4,234.14084,64.27345,154.97978,181.53316,230.86086,21
437,5,156.5822,83.435074,84.66682,96.81657,135.3061,21
437,6,42.02559,22.829155,18.694445,21.279846,37.05357,21
437,7,22.819252,17.682636,8.682337,10.000315,17.701824,21
437,8,33.292267,16.846886,14.35101,19.810602,29.481848,21
437,9,47.52825,16.67889,32.230434,36.85811,44.258263,21
437,10,94.47457,27.564053,69.48017,76.750175,96.78003,21
437,11,147.00148,37.956985,98.933044,116.949524,145.98976,21
437,12,220.38095,43.91085,167.77184,176.27725,228.19193,21
438,1,264.03708,71.386665,176.34995,215.25131,267.97824,21
438,2,281.96802,67.2432,211.74765,221.39882,273.0228,21
438,3,288.5567,62.529778,206.05907,239.76772,280.0245,21
438,4,228.63766,73.46085,155.79642,177.60931,216.46556,21
438,5,128.74788,80.82897,58.982147,77.34563,104.69571,21
438,6,25.749468,14.996054,11.297069,15.833194,23.05913,21
438,7,14.147677,12.002995,5.300968,6.0666027,9.573836,21
438,8,25.269949,19.723154,7.1823034,7.623444,19.380112,21
438,9,59.26122,20.192656,29.131338,50.253754,60.659683,21
438,10,124.283005,26.37648,96.663956,109.96546,125.05504,21
438,11,156.22346,41.50148,105.90501,115.79676,165.7306,21
438,12,204.35359,34.074585,161.52046,169.34053,202.60216,21
439,1,256.62616,82.15766,162.06941,174.4712,255.22615,21
439,2,276.28992,77.17654,186.73509,205.3619,265.56396,21
439,3,339.01544,70.65126,267.87762,285.0246,319.20578,21
439,4,235.02922,65.96626,151.03717,187.91176,229.9102,21
439,5,137.24402,93.79981,56.724022,82.70104,118.49933,21
439,6,30.88544,20.97516,10.9442,15.872282,22.745152,21
439,7,16.627886,13.714381,4.470687,6.4331026,12.268389,21
439,8,19.248627,12.308,7.691651,9.975098,16.161234,21
439,9,38.53809,14.437676,20.393589,29.192247,36.936626,21
439,10,92.812256,43.35052,51.50882,58.339,82.7869,21
439,11,129.5895,39.018723,85.57538,99.86169,124.47026,21
439,12,206.0721,49.388718,156.82999,160.22113,202.60098,21
440,1,246.69682,70.43759,157.39195,184.89622,240.58542,21
440,2,289.13394,71.57393,194.70764,233.50777,291.0985,21
440,3,297.2366,66.623245,234.11691,249.14597,311.86118,21
440,4,236.92485,79.158646,161.67186,175.27542,223.8671,21
440,5,128.68997,79.27902,70.96499,78.6178,97.13139,21
440,6,25.993248,17.387655,9.653156,14.057555,21.929367,21
440,7,12.649514,11.472484,4.178296,4.7391067,8.174845,21
440,8,18.17231,13.543069,7.1197033,7.4933324,13.167988,21
440,9,49.089878,17.575842,24.446737,38.225956,47.9977,21
440,10,110.18947,31.482357,84.642365,87.180954,104.26338,21
440,11,134.87553,35.62285,95.08277,96.1059,139.3275,21
440,12,196.8872,37.520252,154.74458,169.99388,192.10252,21
441,1,155.43182,90.19513,82.45593,92.543495,141.89609,21
441,2,177.27547,82.345505,71.31928,103.322556,186.82822,21
441,3,241.40239,81.22015,139.47896,168.9378,242.3089,21
441,4,197.73158,97.25623,103.239265,127.48706,170.63043,21
441,5,77.73366,64.49888,29.78938,32.98812,56.83564,21
441,6,14.193483,9.221617,6.055635,6.530892,11.652245,21
441,7,7.841347,3.5352104,5.0944643,5.255537,6.7693963,21
441,8,3.280283,1.6542478,1.7123522,1.8281685,2.7438602,21
441,9,2.7068117,3.3280795,0.23984563,0.33425128,0.9349883,21
441,10,9.80195,7.47279,2.4164217,3.2647915,7.814317,21
441,11,28.064098,14.807674,10.241347,14.261664,26.387701,21
441,12,62.714264,35.092525,35.487877,37.627106,60.975258,21
442,1,200.85013,83.576096,101.43567,143.2148,183.59178,21
442,2,193.76575,68.81682,108.93216,126.312035,200.07494,21
442,3,262.25424,76.43402,171.29112,181.57301,264.21228,21
442,4,202.14212,103.704025,103.68255,128.95007,159.74788,21
442,5,75.53819,59.630512,22.533848,37.210487,64.88857,21
442,6,9.704072,7.6894603,3.081431,3.8678043,5.53806,21
442,7,2.5444384,3.4754903,0.30707508,0.3675725,1.5348268,21
442,8,1.5796766,2.6669843,0.0,0.0,0.40264255,21
442,9,5.0930624,5.7672462,0.38326487,0.38388225,2.5954654,21
442,10,31.664114,18.632923,12.050029,15.79604,23.421274,21
442,11,65.33725,24.93986,40.01621,42.43049,61.073406,21
442,12,104.82475,29.460804,72.5806,78.25602,104.43003,21
443,1,191.951,74.661285,96.087296,144.85616,183.58351,21
443,2,198.40353,73.899826,110.53208,125.82371,210.62553,21
443,3,273.76062,81.39711,182.69684,205.20407,273.27673,21
443,4,223.99663,122.30545,99.790146,135.9654,182.38824,21
443,5,88.06941,69.805954,31.413795,33.82317,71.38022,21
443,6,14.666107,10.204877,5.01065,6.5830765,9.189981,21
443,7,8.726857,7.437204,3.9150877,3.9916744,6.0484877,21
443,8,2.2629976,3.7966723,0.0,0.0,0.0,21
443,9,7.8295755,8.310628,0.43975452,0.4401327,5.8862753,21
443,10,30.84694,19.789667,12.298601,14.599188,19.729261,21
443,11,61.538708,26.155563,25.728394,37.89955,63.68622,21
443,12,92.10193,31.540638,51.345715,56.579906,93.602325,21
444,1,150.64613,81.72157,65.93037,111.65236,144.34258,21
444,2,151.50296,69.95754,63.675545,87.07454,152.3786,21
444,3,212.3893,67.460915,117.31999,149.55136,210.4028,21
444,4,162.94873,88.4784,89.966446,108.69353,131.10951,21
444,5,57.55429,43.205036,26.471733,29.687313,49.391373,21
444,6,7.827122,4.8703203,3.68698,4.0486813,6.744536,21
444,7,3.3876433,2.8990498,1.0050607,1.1656353,2.8206642,21
444,8,0.38025966,0.8855885,0.0,0.0,0.052539635,21
444,9,2.252303,3.7299967,0.04697871,0.06777358,0.7202063,21
444,10,19.283857,12.250812,8.825132,10.410966,11.920569,21
444,11,36.958866,14.251537,16.089949,25.794857,38.176376,21
444,12,75.9008,27.14482,37.652756,60.883415,76.694786,21
445,1,328.47205,64.8442,261.45065,273.46005,326.5973,21
445,2,297.76584,48.277992,223.18222,262.37653,298.24725,21
445,3,360.03085,40.11613,299.8616,330.80875,369.14108,21
445,4,286.9767,66.60114,211.59814,228.1606,278.6497,21
445,5,171.99153,62.7091,99.85204,126.60818,153.40987,21
445,6,55.085747,27.412775,23.49969,29.978928,52.786423,21
445,7,41.430912,30.583672,12.577428,14.42256,33.758926,21
445,8,50.03549,26.146437,17.068811,24.222149,47.184166,21
445,9,116.65465,40.725677,68.28383,79.67601,114.95991,21
445,10,142.99022,37.08599,111.50114,120.73616,137.0963,21
445,11,167.10385,40.042088,111.36987,140.18507,172.31067,21
445,12,266.13425,55.516666,199.06888,217.6956,265.97443,21
446,1,334.46548,42.39387,285.78738,308.14188,335.64148,21
446,2,319.0335,52.815357,249.3877,286.76102,314.2606,21
446,3,363.83148,42.675755,313.27808,324.6047,366.64407,21
446,4,266.42944,64.31136,184.01988,211.12431,253.49724,21
446,5,155.51227,67.756424,73.84949,88.91351,154.87842,21
446,6,27.575434,16.067915,10.690039,14.993202,24.081844,21
446,7,19.015686,16.990484,3.7996645,6.2127914,14.773213,21
446,8,51.056408,22.945772,21.620417,28.57239,51.04062,21
446,9,103.02776,27.660923,68.284065,74.29172,107.640236,21
446,10,162.82336,33.88171,121.7144,137.91418,168.46346,21
446,11,201.13693,41.75743,159.09273,169.76743,203.46364,21
446,12,276.6798,47.834305,230.21947,234.89662,277.76843,21
447,1,270.4344,75.43504,186.79974,210.49748,271.222,21
447,2,290.36914,67.6353,195.41496,237.84569,286.2197,21
447,3,316.53842,70.88206,227.5901,260.67603,291.72684,21
447,4,247.7345,68.17208,176.65479,194.77626,231.4623,21
447,5,140.881,59.316444,79.73216,91.047646,150.14539,21
447,6,44.612663,35.492756,17.977499,20.194769,35.055046,21
447,7,24.040165,17.340227,9.164642,9.42462,18.754585,21
447,8,56.72683,30.973766,31.54902,35.283085,49.76778,21
447,9,72.90914,20.70947,52.74374,54.42432,70.25853,21
447,10,129.24802,33.012516,99.524666,109.93278,127.84291,21
447,11,169.05179,43.45574,114.93482,121.75726,178.1486,21
447,12,221.98509,45.983635,168.71193,190.19159,222.29565,21
448,1,284.94733,85.197044,177.81976,214.38152,268.63873,21
448,2,285.81485,63.847164,220.89961,225.71161,280.58102,21
448,3,319.69205,65.71805,254.0284,278.14215,291.8055,21
448,4,255.28621,64.15717,196.89462,215.64537,242.16193,21
448,5,135.01747,44.31643,90.21669,103.1745,125.171455,21
448,6,64.84974,47.06643,22.71678,26.96799,57.335224,21
448,7,29.002935,25.087797,9.1614485,11.710626,22.704744,21
448,8,61.74909,29.108547,34.2547,38.273346,64.92735,21
448,9,68.0378,17.53542,52.86309,56.412678,66.14397,21
448,10,121.59422,28.548904,91.12606,93.80438,122.24572,21
448,11,152.07985,36.685287,113.94352,124.83408,151.40306,21
448,12,217.35886,45.575855,171.85182,177.46262,212.48347,21
449,1,286.66446,51.120987,227.21558,254.765,274.19342,21
449,2,258.0656,58.043625,178.9359,211.81458,269.99094,21
449,3,287.60767,52.593597,218.2207,240.92738,285.7435,21
449,4,233.9161,43.086327,180.61092,194.85373,224.86581,21
449,5,178.6464,53.359016,119.28033,120.35535,193.65369,21
449,6,83.225845,35.374477,34.747,53.43074,71.90431,21
449,7,48.855114,29.060263,19.368057,25.261995,42.541393,21
449,8,65.09768,26.646498,34.351494,40.56904,62.23095,21
449,9,93.753944,35.335865,60.381157,62.52859,81.56602,21
449,10,155.92955,45.41823,115.49283,127.15537,142.98843,21
449,11,164.15732,38.248962,122.56928,142.169,152.29462,21
449,12,230.60426,49.61338,163.04535,192.97871,222.74402,21
450,1,226.02597,84.007034,125.04409,135.52509,220.12827,21
450,2,213.57301,70.24295,113.55564,175.7996,214.79861,21
450,3,276.39737,93.493385,185.80064,191.98378,268.93143,21
450,4,168.71281,72.05996,97.72234,106.25194,146.42334,21
450,5,86.05509,55.24602,37.933323,45.084793,69.93915,21
450,6,9.230563,11.919136,2.0008955,2.2423441,5.745743,21
450,7,3.1913495,4.095046,0.0,0.0,0.8810377,21
450,8,4.5149913,5.5268183,0.30379003,0.5354023,2.0013404,21
450,9,29.02664,30.021116,0.9602532,9.684061,17.64327,21
450,10,66.38277,27.699034,39.676403,43.127785,61.209034,21
450,11,119.47064,49.198315,74.05673,80.3398,112.52428,21
450,12,160.32909,46.611996,100.70124,126.00238,156.25912,21
451,1,355.1279,61.379036,277.96136,322.12616,345.30804,21
451,2,326.77963,38.844944,274.76605,286.3165,328.82983,21
451,3,364.56982,44.26717,321.26614,324.16632,362.36658,21
451,4,260.9721,36.156548,218.76978,225.08072,259.0113,21
451,5,176.3672,57.301003,123.28001,132.14948,152.96788,21
451,6,57.005127,29.305893,27.314577,33.588245,48.499256,21
451,7,32.099968,21.29512,8.993271,13.537679,26.74121,21
451,8,58.922108,32.246204,22.204346,35.969078,56.714447,21
451,9,118.45603,46.19355,72.60156,81.2547,105.27803,21
451,10,194.4333,35.091663,153.79024,161.15028,184.19446,21
451,11,235.32262,44.797245,180.05214,192.6907,232.57059,21
451,12,322.84573,48.39569,259.49847,273.76816,320.3346,21
452,1,233.08249,78.975365,142.61679,161.23723,223.4378,21
452,2,235.3018,75.34522,131.47313,186.69717,245.27524,21
452,3,281.80582,94.27085,192.87479,201.57239,263.60443,21
452,4,187.50465,76.66932,120.55288,127.64742,167.681,21
452,5,106.71668,73.048195,44.469734,60.244835,84.47909,21
452,6,12.371477,11.715539,5.9814744,6.3090515,8.1121025,21
452,7,3.1077888,3.9248295,0.0,0.0,1.1605412,21
452,8,8.8524275,7.5615354,2.343723,4.047267,5.796904,21
452,9,30.802107,25.310621,6.3262258,13.9462595,24.244297,21
452,10,73.482544,28.587706,41.70876,44.174923,72.00508,21
452,11,123.057724,45.55721,82.5564,86.78315,115.73294,21
452,12,163.9474,45.42926,106.82364,123.941765,157.94641,21
453,1,328.26648,49.187157,265.47095,297.6573,326.15125,21
453,2,286.31134,44.557617,214.36998,271.05188,289.8041,21
453,3,335.3416,50.901363,269.79703,286.8488,324.34238,21
453,4,264.95023,47.06315,211.68481,225.83453,255.45593,21
453,5,173.40652,39.53668,127.16706,138.32808,166.54251,21
453,6,96.127975,41.531296,48.18722,69.24433,91.31481,21
453,7,55.17599,22.092773,29.210182,33.358696,51.775166,21
453,8,73.03609,28.889156,34.102886,46.18607,71.33627,21
453,9,113.18058,19.175484,85.73514,91.63644,115.37744,21
453,10,186.20921,33.789787,151.10785,156.34068,182.6558,21
453,11,222.89465,35.030495,186.42798,191.72124,215.16035,21
453,12,290.77966,50.97399,238.3067,242.91034,286.39264,21
454,1,323.68082,46.43013,256.33603,300.72058,320.6407,21
454,2,307.08093,53.680405,245.05815,258.873,311.28943,21
454,3,326.726,54.36944,269.01944,282.10358,326.9731,21
454,4,241.48424,42.430645,198.71852,216.68546,235.60182,21
454,5,159.37839,37.87914,120.34624,131.10039,142.41891,21
454,6,60.99107,32.276688,26.224102,31.272453,52.79576,21
454,7,34.519165,20.08639,15.943169,18.253714,30.762209,21
454,8,64.80145,24.631468,31.53555,43.87067,71.32897,21
454,9,108.67882,27.048037,72.46203,81.40555,116.56575,21
454,10,168.67456,28.872427,133.1183,141.03363,173.60062,21
454,11,216.1024,33.479137,178.66144,182.19948,210.5694,21
454,12,291.00473,41.81812,236.48286,258.85352,286.802,21
455,1,194.5585,95.92051,81.463684,137.52951,180.76532,21
455,2,166.05481,50.43098,90.54804,143.24205,157.38852,21
455,3,211.88055,65.032936,125.074,135.24208,212.69601,21
455,4,160.55669,78.737366,76.75716,101.49115,134.70009,21
455,5,54.25203,36.151825,18.840988,29.528692,49.04125,21
455,6,6.116062,5.5218406,1.0462217,1.8896846,4.8756533,21
455,7,3.3137677,3.6196146,0.5324041,0.7499677,1.9480102,21
455,8,6.7216573,5.751718,2.3601315,3.0136142,4.5754337,21
455,9,15.500033,9.130463,4.4959974,7.4282436,17.54598,21
455,10,44.969383,20.762354,16.002544,24.169428,44.51998,21
455,11,100.63903,41.63452,56.54154,62.416096,97.61663,21
455,12,131.25882,36.582397,96.22617,100.13343,126.50322,21
456,1,191.81491,89.696945,102.706985,129.87099,173.31534,21
456,2,162.14334,53.22997,78.72575,134.27213,158.21184,21
456,3,197.57585,61.94097,119.31724,133.21913,195.904,21
456,4,150.29068,72.57156,72.81982,93.49932,136.08598,21
456,5,39.549362,27.05553,13.867161,21.338182,33.793007,21
456,6,2.9272797,3.4032786,0.038439013,0.16718109,1.86161,21
456,7,1.355448,2.0745714,0.0,0.066812396,0.43684283,21
456,8,6.556188,5.1480703,2.2004604,3.5828032,4.2781243,21
456,9,13.12307,8.973067,1.9384578,3.8260498,13.7689085,21
456,10,51.47111,26.586887,19.49734,26.80988,46.80437,21
456,11,113.11564,47.10008,66.61378,77.988556,103.14994,21
456,12,139.60649,34.428677,105.43873,111.14102,137.48227,21
457,1,348.3438,52.654457,307.8524,315.19458,338.07925,21
457,2,330.4469,34.649784,291.31345,294.08594,330.70514,21
457,3,355.29858,47.01864,311.24765,314.89978,349.29224,21
457,4,277.33823,34.659214,240.65895,248.2978,272.13696,21
457,5,178.67708,62.137352,129.68219,135.08643,151.87143,21
457,6,57.24693,30.65326,24.226065,33.116817,51.962685,21
457,7,40.2519,27.838451,9.231056,17.749216,35.719612,21
457,8,62.893913,32.552174,27.334942,39.68846,60.99924,21
457,9,123.54927,38.014935,83.2315,93.62358,113.00986,21
457,10,177.71837,29.857798,136.78712,162.46878,174.12323,21
457,11,235.06952,45.00196,181.98482,195.06038,240.18027,21
457,12,327.11234,48.070625,281.39713,282.9759,320.4195,21
458,1,330.90506,48.65235,278.59964,299.5761,336.0688,21
458,2,315.5109,35.1801,276.63174,278.18582,316.0814,21
458,3,342.11246,37.63146,292.4474,321.02887,351.69772,21
458,4,278.33258,36.294777,238.9402,249.1171,263.99948,21
458,5,178.37202,55.315178,125.065056,133.55058,162.0581,21
458,6,59.854134,35.6278,22.473001,30.479525,53.784187,21
458,7,42.086315,27.760334,11.306922,17.672615,37.341793,21
458,8,67.10909,32.80171,27.625347,45.346916,64.65875,21
458,9,123.118164,30.615686,89.462006,94.96252,131.86224,21
458,10,165.52136,28.844099,127.34782,146.39888,159.81166,21
458,11,223.61497,44.555206,174.62463,185.73157,229.35786,21
458,12,298.86026,43.274532,259.09613,263.71976,289.66055,21
459,1,210.5402,79.577,128.69827,130.43498,206.69269,21
459,2,229.99516,74.36685,125.16932,193.96509,218.57846,21
459,3,253.77179,92.87345,169.05257,181.96477,236.74675,21
459,4,176.28679,73.52935,112.819496,120.29367,155.15944,21
459,5,77.5387,52.462772,30.168684,34.547085,65.05883,21
459,6,11.425498,9.479719,5.574144,6.824198,8.978937,21
459,7,2.6861057,3.4100227,0.0,0.12886061,1.2808137,21
459,8,9.08982,6.7272315,3.6307437,4.2375484,6.5217586,21
459,9,26.847971,21.12571,6.773226,11.479335,20.340668,21
459,10,75.69585,28.805147,41.451008,46.16449,74.42492,21
459,11,120.12799,41.48093,73.44656,93.586586,117.03919,21
459,12,159.10612,40.244793,121.77016,126.98965,147.93582,21
460,1,243.4049,73.30132,164.91895,171.04599,252.66937,21
460,2,274.75888,90.85034,171.46364,204.48705,286.68875,21
460,3,276.73502,89.3479,189.43521,192.36005,258.02786,21
460,4,206.67458,79.897835,135.92879,154.56914,177.86359,21
460,5,119.60361,77.7637,54.043594,59.309208,105.776764,21
460,6,14.256877,10.54548,6.961871,7.5505133,12.888852,21
460,7,1.9165392,2.9160318,0.0,0.0,0.66712356,21
460,8,14.851753,11.108531,7.1440916,7.916253,9.426024,21
460,9,31.800167,19.722733,10.253085,16.466156,27.430553,21
460,10,76.13709,26.874525,44.54495,49.86529,78.61878,21
460,11,136.0052,41.23175,95.54069,99.348076,125.06784,21
460,12,181.30873,49.518932,120.438194,124.32377,177.32677,21
461,1,286.85364,52.776237,231.17976,245.94882,273.5503,21
461,2,260.87875,67.000595,192.75232,200.94391,254.8457,21
461,3,288.8157,63.154243,208.32089,238.49055,279.46573,21
461,4,226.04329,42.44321,176.45798,190.89005,212.96538,21
461,5,179.61873,60.28184,103.65971,127.846825,196.36145,21
461,6,78.29474,33.591843,35.1743,53.855614,76.31409,21
461,7,46.81546,29.570757,16.343542,23.657475,36.47406,21
461,8,64.47484,29.742855,32.31327,40.201283,61.732903,21
461,9,84.66329,35.08492,53.335705,57.77495,72.234314,21
461,10,149.1684,49.378304,109.30057,114.977905,128.92715,21
461,11,155.51639,41.87356,109.17042,118.06283,147.24104,21
461,12,227.52007,57.13713,152.85324,187.64638,224.91812,21
462,1,340.38776,61.647305,282.674,297.9041,336.9081,21
462,2,309.42496,44.84586,257.00385,263.50897,306.05737,21
462,3,356.56305,41.22922,306.6499,330.29364,353.76324,21
462,4,257.52,35.70063,215.0346,223.07602,260.5836,21
462,5,157.59485,43.360775,110.9197,127.50023,142.6235,21
462,6,56.135944,32.263927,23.501259,24.523878,47.4854,21
462,7,26.996283,16.920238,9.946987,15.103458,21.315592,21
462,8,60.497757,29.820688,25.412544,36.84388,57.55707,21
462,9,114.10941,43.617767,68.62616,73.46679,101.15207,21
462,10,183.86005,30.404825,144.49493,159.31146,183.55515,21
462,11,214.92906,36.821014,175.71613,192.41417,208.8901,21
462,12,298.7595,38.76365,260.3316,265.2649,284.69067,21
463,1,338.47238,61.964123,268.21115,272.25714,349.55484,21
463,2,306.6393,43.262287,244.45502,272.74332,313.18243,21
463,3,336.739,39.32661,284.6826,298.21545,348.29498,21
463,4,281.37128,71.337,197.84927,203.97316,278.2606,21
463,5,166.37555,66.89134,98.11188,109.85255,168.65791,21
463,6,57.33017,29.772306,19.716528,36.25059,54.470936,21
463,7,34.54488,29.047552,6.433031,11.996682,22.207067,21
463,8,50.870747,23.129297,20.033758,27.3853,50.312855,21
463,9,110.9084,35.839542,65.73743,75.28729,110.36659,21
463,10,155.14114,38.401146,115.107574,131.54419,147.4874,21
463,11,184.75163,41.047325,141.96687,150.74033,182.72946,21
463,12,280.36728,55.109955,221.1719,237.83447,268.38266,21
464,1,269.9018,64.08224,208.16302,214.91115,278.0341,21
464,2,293.57938,69.66681,213.46553,244.96228,290.89984,21
464,3,290.0298,63.937054,204.10727,233.0406,289.4731,21
464,4,218.33261,70.02059,134.28651,166.96881,214.25104,21
464,5,132.81831,76.24087,66.28694,75.52109,103.474365,21
464,6,24.72685,15.06034,10.179397,12.687772,21.947306,21
464,7,17.858955,13.751805,7.229183,8.085454,12.196079,21
464,8,33.167614,27.827452,8.57435,11.71199,22.233511,21
464,9,72.43177,25.84031,39.642796,58.431576,76.720146,21
464,10,144.3085,28.664263,113.04346,120.77439,148.6229,21
464,11,178.13994,42.71499,130.01883,144.1036,166.7477,21
464,12,214.09326,36.79724,169.95331,175.78708,215.70348,21
465,1,322.01157,66.19888,246.60942,274.40973,314.03345,21
465,2,306.80032,46.227386,242.0245,274.0415,297.177,21
465,3,349.12207,64.04943,276.89658,290.22998,348.6719,21
465,4,254.60352,58.50325,189.4666,200.55437,252.77568,21
465,5,170.57498,56.87691,110.22649,124.77989,168.3004,21
465,6,51.232243,28.133966,20.10186,32.59128,44.224777,21
465,7,31.40843,20.206102,8.283443,11.295603,35.63833,21
465,8,44.148727,20.019224,18.869616,24.277159,44.192238,21
465,9,110.73413,26.269194,73.391495,84.40755,115.09435,21
465,10,159.65497,34.077564,113.1082,142.78078,167.66661,21
465,11,195.37646,50.31,136.12067,149.1079,189.69138,21
465,12,289.65384,67.443436,204.98647,219.6394,286.50024,21
466,1,327.5653,51.732143,262.39236,281.59305,317.8259,21
466,2,314.25528,47.81849,258.68472,272.98688,305.9449,21
466,3,360.26703,59.460114,293.21146,312.77875,353.62854,21
466,4,274.32956,71.69804,183.381,222.53847,274.1542,21
466,5,160.2902,61.852757,88.41837,98.76338,168.88171,21
466,6,35.943336,20.32938,14.774958,19.433846,30.2707,21
466,7,25.724665,20.516617,4.922159,9.158327,24.90061,21
466,8,33.788532,14.490679,13.969005,18.206673,32.052555,21
466,9,110.07298,29.390242,71.81175,82.06272,110.55817,21
466,10,170.7485,34.527847,122.49756,152.30869,176.16597,21
466,11,200.25784,47.041687,145.09102,175.49292,196.34041,21
466,12,298.98596,61.982296,218.77473,236.9494,298.52893,21
467,1,269.3232,73.17777,195.32306,206.05547,267.76324,21
467,2,291.17865,71.95244,189.77258,232.20271,286.0738,21
467,3,302.0937,64.96839,225.73338,249.2922,300.1243,21
467,4,213.54196,66.048706,135.4031,143.27875,219.08734,21
467,5,119.14066,60.740585,54.015736,75.43907,96.21723,21
467,6,31.993687,22.390108,10.817251,15.677927,29.789745,21
467,7,20.407919,15.781173,7.4887486,8.409,13.918263,21
467,8,43.873356,34.13986,12.009732,18.094114,40.62726,21
467,9,71.41074,26.782047,37.8477,53.121212,72.76194,21
467,10,150.80486,34.890266,111.15236,117.509735,153.70084,21
467,11,181.0094,44.02672,132.23575,149.46803,173.54378,21
467,12,220.23558,40.008057,167.80833,183.46904,216.04231,21
468,1,82.169205,68.72325,17.85216,32.481354,71.74688,21
468,2,112.08096,64.34368,38.71244,43.763424,112.2195,21
468,3,179.9387,84.83268,78.91214,111.468025,172.8081,21
468,4,151.63718,79.817154,66.83219,85.72774,139.78734,21
468,5,94.82879,71.26471,19.0983,42.56111,87.17121,21
468,6,39.448692,33.784912,12.268597,13.396826,28.413635,21
468,7,17.247293,9.974002,7.839614,9.485562,14.533413,21
468,8,1.8763529,4.309996,0.075898305,0.08093709,0.2548841,21
468,9,0.2621922,0.53305984,0.0,0.0,0.0,21
468,10,1.9405489,3.1740923,0.0,0.0,0.35905525,21
468,11,3.2490964,2.7968938,0.036948334,0.5754453,3.1641455,21
468,12,18.427773,12.379331,7.509567,8.496129,15.120264,21
469,1,62.580276,61.426277,10.176804,27.507357,45.392883,21
469,2,84.667496,54.47952,23.095518,30.983767,65.6751,21
469,3,143.53207,75.84619,60.687366,90.36899,150.01329,21
469,4,116.01094,75.92655,23.184458,58.33941,104.813515,21
469,5,62.245598,47.941353,13.48886,23.171883,52.70138,21
469,6,30.311466,19.069283,11.2699995,12.269104,28.442383,21
469,7,14.643227,6.1789002,8.4918995,9.093548,12.813847,21
469,8,2.648501,2.6444178,1.0727836,1.5584066,2.0094907,21
469,9,0.67671156,0.34887126,0.3128081,0.5146622,0.6280712,21
469,10,1.4730821,2.3750212,0.046662427,0.048822574,0.47727033,21
469,11,2.106281,2.2215986,0.28428888,0.38124457,1.8711318,21
469,12,17.77477,11.411509,6.8106666,7.628766,13.764597,21
470,1,289.54865,56.38163,225.74701,240.85889,282.00555,21
470,2,272.5528,62.82028,207.44481,224.47787,263.22418,21
470,3,306.1068,53.14176,243.00172,266.9539,294.5389,21
470,4,224.21373,37.565693,189.55836,200.37375,216.39032,21
470,5,143.93655,42.081055,94.4202,111.61946,136.33583,21
470,6,62.764423,30.831196,30.069265,34.97021,61.745422,21
470,7,32.132748,19.574785,13.53359,15.5491085,26.463287,21
470,8,54.938087,27.017193,29.458696,31.755194,50.11766,21
470,9,93.962166,34.542377,63.241512,65.350365,83.95822,21
470,10,149.77812,26.759634,126.27997,127.45561,143.43857,21
470,11,191.81374,40.992893,153.87457,160.96864,183.10265,21
470,12,254.9696,49.492855,195.22684,219.63083,254.74913,21
471,1,176.2375,88.94343,72.95079,124.96479,172.67253,21
471,2,148.4681,45.75009,76.22558,119.878365,153.74254,21
471,3,159.06735,72.66184,83.00066,109.56384,134.72163,21
471,4,113.622314,59.043858,49.682644,69.556816,91.572655,21
471,5,26.298574,20.230742,7.4840317,10.247492,20.424438,21
471,6,2.0377553,2.0419865,0.30765155,0.37489477,0.90361214,21
471,7,1.3337203,1.2286586,0.44814226,0.51959753,0.90311885,21
471,8,0.25610864,0.52072066,0.0,0.0,0.018383903,21
471,9,6.7047586,5.5502214,1.7287533,2.158839,5.1556473,21
471,10,42.418922,35.05876,9.488325,13.907724,34.604427,21
471,11,95.28653,31.063438,58.83258,75.83932,88.833466,21
471,12,124.43291,32.30531,93.23054,93.79188,115.87798,21
472,1,184.87283,84.88018,101.85119,139.6564,161.99124,21
472,2,164.37651,55.43557,112.4068,127.83278,171.10402,21
472,3,226.11319,72.27459,143.58104,158.51149,216.16458,21
472,4,177.05682,96.01585,85.6685,106.356606,140.29059,21
472,5,63.338715,54.946873,17.123632,25.750742,44.141342,21
472,6,4.220834,5.585843,0.120919764,0.5098198,1.0898783,21
472,7,1.5688727,3.3538067,0.0,0.12193829,0.24642426,21
472,8,0.66589385,1.621755,0.0,0.0,0.0,21
472,9,10.870723,9.188124,4.1387863,4.4194584,6.174971,21
472,10,36.662445,30.946554,7.3664713,10.349697,30.943651,21
472,11,74.93219,28.812727,49.528877,54.664474,68.73293,21
472,12,108.70692,36.17647,63.215958,80.50193,108.559326,21
473,1,294.09036,59.1269,224.15115,243.70767,301.92862,21
473,2,276.38202,58.099697,228.4596,231.54457,262.86322,21
473,3,316.80975,50.02916,247.55695,280.47476,317.4052,21
473,4,236.30334,39.003277,197.42146,210.72731,241.3309,21
473,5,155.4575,44.676937,104.44708,127.627396,154.28487,21
473,6,73.004486,40.552216,32.496605,36.63963,71.71636,21
473,7,36.645287,21.740175,12.602449,21.35026,33.148216,21
473,8,58.851353,30.516523,24.8149,35.81757,54.63426,21
473,9,104.69704,46.364803,65.980156,71.340805,85.5427,21
473,10,152.25989,30.763157,121.16537,131.32106,143.82478,21
473,11,189.14404,46.636738,132.01328,154.52568,180.11382,21
473,12,252.71614,52.155533,194.94385,213.69005,249.51791,21
474,1,341.59833,41.003395,289.4785,305.7328,336.89096,21
474,2,317.4522,63.04343,253.77953,269.55597,308.89072,21
474,3,366.89108,43.684803,320.9944,329.61316,373.47937,21
474,4,247.1135,64.97678,182.96568,198.95819,233.40659,21
474,5,133.3747,59.040047,59.390877,83.342766,128.83466,21
474,6,19.435759,12.886527,8.89751,9.72664,13.541443,21
474,7,7.4143996,7.4711437,0.058009118,1.1188747,5.525523,21
474,8,39.38845,20.432997,16.014635,21.892797,39.969772,21
474,9,102.12192,26.924932,71.30154,75.08734,106.521286,21
474,10,170.10739,35.063015,128.85486,136.28885,177.4898,21
474,11,232.79713,44.296547,181.73817,200.90128,236.28215,21
474,12,289.914,56.717785,224.9789,248.94919,284.73053,21
475,1,348.25903,55.492725,287.56198,299.39984,339.89352,21
475,2,315.98703,64.42232,244.49632,258.758,318.2644,21
475,3,341.79248,56.877617,281.38623,285.24673,353.764,21
475,4,240.58803,60.213882,185.40674,190.5882,230.65503,21
475,5,145.74887,58.74641,72.92892,85.93214,134.03596,21
475,6,22.898746,18.112602,6.394785,8.629374,15.855677,21
475,7,7.8401613,7.3867884,0.45107067,1.4870852,6.431458,21
475,8,33.017292,18.644238,11.386504,18.038374,30.550411,21
475,9,93.88855,32.649097,67.91072,75.07516,86.575424,21
475,10,166.5531,35.468285,123.45199,140.8273,167.8192,21
475,11,231.22478,44.720554,177.07632,199.0446,222.46906,21
475,12,268.48135,61.119057,204.77098,217.14288,277.89117,21
476,1,112.228584,73.79076,44.918392,52.555378,115.577225,21
476,2,122.601234,56.750175,63.932034,65.19176,116.31899,21
476,3,179.31355,65.32615,108.5575,128.09431,173.19984,21
476,4,160.72234,66.867584,77.79417,112.65995,151.95474,21
476,5,92.77539,44.54115,37.12402,58.82774,91.832306,21
476,6,28.03182,21.279787,12.44237,14.079129,21.906414,21
476,7,13.576381,6.763179,8.242394,8.8429985,11.244385,21
476,8,2.7565765,3.0179644,0.16058883,0.22794573,1.3241577,21
476,9,3.0034547,3.3333087,0.22858018,0.30289674,1.4447068,21
476,10,6.6471086,5.966519,1.7875289,2.297141,3.7933228,21
476,11,5.473881,4.8422194,0.5358409,1.30346,4.5928373,21
476,12,32.8648,23.406624,7.765423,10.29636,23.295925,21
477,1,146.67017,86.815216,51.30457,70.03248,154.562,21
477,2,158.36467,67.18322,81.627754,103.626884,149.33908,21
477,3,203.5319,81.0597,118.826485,140.14441,215.53262,21
477,4,152.07346,72.751564,86.24885,96.44887,126.53041,21
477,5,70.5628,40.381924,30.85875,42.76836,60.93836,21
477,6,21.44109,13.429101,12.837347,15.185832,19.586433,21
477,7,13.409682,4.3428993,9.129141,9.354297,12.054368,21
477,8,1.5428772,1.7475296,0.3706698,0.41302747,0.92280966,21
477,9,4.947373,3.9119925,1.6506712,2.030054,3.0793805,21
477,10,11.007509,7.912172,4.6099906,5.030507,9.413163,21
477,11,20.828568,14.836698,10.957775,13.132912,14.98424,21
477,12,57.84224,32.655125,22.61929,26.516785,56.387295,21
478,1,303.7789,85.923004,202.21895,224.37807,306.53534,21
478,2,312.44125,58.713696,242.65967,253.18608,309.45718,21
478,3,321.92468,67.75852,268.1904,285.90158,309.08286,21
478,4,232.7944,45.982742,199.74843,203.56444,218.66148,21
478,5,126.12926,48.23789,82.62437,84.91645,112.49378,21
478,6,46.3106,34.34524,17.017094,18.788816,40.78416,21
478,7,20.219849,15.7062435,6.13711,6.7031183,15.503398,21
478,8,48.293972,27.002836,20.279362,27.975931,43.16205,21
478,9,81.52006,19.474825,58.556072,60.687492,79.21552,21
478,10,141.8772,32.96967,98.74882,123.35991,140.6212,21
478,11,182.69168,39.36669,143.31322,154.61905,173.40648,21
478,12,228.58488,46.244907,179.27379,189.12024,229.12779,21
479,1,287.83813,78.661736,211.04187,229.62715,283.9083,21
479,2,311.30945,63.15695,224.12999,232.94861,317.86606,21
479,3,318.76407,64.50372,267.83484,272.88654,297.09842,21
479,4,249.22772,65.66959,198.29831,205.63116,225.0791,21
479,5,110.218925,42.952732,62.167377,75.35651,99.003746,21
479,6,43.429592,33.41852,13.061385,17.85454,41.13268,21
479,7,22.456161,18.266888,6.756796,8.036088,16.497509,21
479,8,57.495586,31.97575,28.05859,34.282497,46.896408,21
479,9,90.48748,22.136883,65.5681,70.32142,87.62607,21
479,10,143.04172,36.981667,109.961914,113.8056,142.3955,21
479,11,180.7983,38.478874,141.05423,150.50885,187.37291,21
479,12,225.2238,48.71719,170.80927,196.8725,220.39064,21
480,1,244.77716,67.75254,170.0884,184.52023,229.98117,21
480,2,291.26978,87.487564,187.70116,241.46712,285.55396,21
480,3,305.37277,86.15728,218.39441,223.21803,301.88202,21
480,4,232.82622,78.80816,147.2793,171.13014,207.81303,21
480,5,106.00115,56.9443,58.51287,59.996414,87.94793,21
480,6,15.874819,12.339592,5.6585064,7.114049,11.931417,21
480,7,6.4062185,6.9232974,0.05651086,0.4606474,3.9716754,21
480,8,14.35992,14.764571,3.2321653,3.9940279,8.320868,21
480,9,42.802937,22.143387,18.006596,27.905928,36.691254,21
480,10,104.49565,31.742891,74.15722,84.09013,100.439995,21
480,11,139.936,41.321346,98.81726,106.392654,142.16466,21
480,12,202.24553,49.59575,153.69115,166.79393,190.74634,21
481,1,243.1926,65.60833,166.71533,195.32639,228.78148,21
481,2,298.3233,73.584076,209.7119,220.38948,316.98907,21
481,3,320.82822,83.74558,222.61307,249.49913,317.83835,21
481,4,274.47348,96.43582,175.56683,204.59244,240.15085,21
481,5,100.15483,51.168102,52.472706,62.42449,86.43445,21
481,6,22.33706,17.63222,8.189951,8.67704,17.378893,21
481,7,8.406581,9.725733,0.2987996,0.4959502,6.392398,21
481,8,17.678484,15.491636,7.17551,7.63392,11.150139,21
481,9,43.007286,20.067879,19.238096,27.248167,39.3171,21
481,10,108.94845,30.059156,73.09385,93.60512,104.54749,21
481,11,138.9928,42.66347,100.94455,102.37187,134.03917,21
481,12,201.32307,52.846657,142.35173,151.52591,200.04393,21
482,1,93.84293,75.40057,15.977255,31.512335,92.72074,21
482,2,120.21009,63.686897,48.581215,58.116467,107.9307,21
482,3,182.7293,86.123604,80.310394,96.79238,189.19395,21
482,4,154.53793,86.62796,39.831734,92.350815,156.86807,21
482,5,105.6699,78.42248,19.670046,46.690468,79.66849,21
482,6,32.49876,22.590317,10.997693,13.314976,28.961239,21
482,7,16.043362,8.130409,8.295311,9.264915,12.503349,21
482,8,2.0932815,4.283638,0.23479313,0.3745932,0.49647072,21
482,9,0.5268738,1.1167881,0.0,0.0,0.16285862,21
482,10,2.5685425,3.8942344,0.0,0.020762742,0.9790974,21
482,11,4.007628,3.8993201,0.025365142,0.93227845,3.1204681,21
482,12,24.029106,16.234491,8.705044,9.553236,21.894438,21
483,1,90.658516,80.81126,21.264313,37.52963,75.45005,21
483,2,109.15743,61.227524,39.924793,42.424778,100.27171,21
483,3,185.54018,92.89132,86.415634,99.02396,193.44252,21
483,4,134.75232,90.1181,36.14614,69.802475,105.392746,21
483,5,82.03119,69.30029,11.912683,25.238697,55.577137,21
483,6,32.153408,20.898676,12.367817,13.269564,23.81354,21
483,7,16.279884,5.272849,11.413631,11.825287,15.055378,21
483,8,3.4107082,4.625347,0.5368598,1.0718019,2.1730127,21
483,9,0.5315577,0.71424437,0.15283659,0.16272232,0.35109514,21
483,10,2.7276092,4.598885,0.0,0.0,0.8790307,21
483,11,5.0482035,4.79222,0.512307,1.8402531,4.29249,21
483,12,24.612389,16.362446,8.398964,9.952474,23.143084,21
484,1,240.15399,68.17821,153.68687,186.37744,230.99672,21
484,2,277.67722,83.518555,192.9472,202.56355,273.02518,21
484,3,267.40515,81.0637,187.34573,189.93419,270.2896,21
484,4,206.30905,77.2015,135.26302,150.97633,168.29816,21
484,5,90.036896,47.90357,44.682194,51.658985,89.80476,21
484,6,13.122814,10.452638,5.518341,6.9355717,11.263041,21
484,7,3.7946963,3.931065,0.79422045,1.091896,2.0847533,21
484,8,15.49543,11.5088,6.6142554,8.027248,9.595725,21
484,9,38.505413,19.852669,18.687025,22.874485,35.533295,21
484,10,92.38861,28.872917,52.294876,69.62798,95.2609,21
484,11,135.73923,41.352295,96.58907,102.46932,124.11785,21
484,12,186.48996,43.539402,130.21555,149.9449,185.23245,21
485,1,222.98744,72.500565,123.55833,165.88524,221.97275,21
485,2,260.37357,80.95283,173.83359,195.54448,257.645,21
485,3,235.07771,75.19501,150.52353,164.61653,231.78806,21
485,4,186.45041,75.18971,122.038475,128.48088,157.22675,21
485,5,74.442276,44.479885,34.567455,38.896255,67.85512,21
485,6,9.730841,7.3433075,3.8819206,6.0185957,9.223451,21
485,7,5.2857533,3.404544,1.6435374,2.7255747,4.3311977,21
485,8,8.815606,6.890508,3.5031292,4.0943623,5.962406,21
485,9,31.544823,17.405792,15.710599,17.445827,29.69521,21
485,10,82.92236,28.262749,42.780037,61.184746,81.24785,21
485,11,135.44774,40.978306,93.66949,103.881,123.3384,21
485,12,164.73792,37.122787,126.42571,142.06032,147.97658,21
486,1,110.0961,77.13641,46.56351,54.808426,102.86486,21
486,2,120.19415,61.462708,57.510887,68.20436,112.07637,21
486,3,167.42299,56.585903,112.30879,112.63373,157.00218,21
486,4,143.91196,70.92079,69.00654,78.90668,131.03535,21
486,5,69.568596,38.577423,29.899506,39.415443,61.02139,21
486,6,16.593693,8.463172,8.505774,9.858919,13.511705,21
486,7,8.824327,4.1031094,6.1445704,6.198976,7.0150313,21
486,8,0.7639543,1.0223081,0.0,0.0,0.0,21
486,9,2.2475429,3.4741843,0.0,0.0,0.47783008,21
486,10,4.8253784,5.5243683,0.22167325,0.4104034,2.5907528,21
486,11,8.399322,4.892535,4.3301024,4.4029818,6.583223,21
486,12,39.46063,23.797688,14.480271,16.385204,33.58026,21
487,1,126.85207,76.02332,49.901012,66.08153,120.4088,21
487,2,147.17923,74.28225,70.84692,90.13426,143.39775,21
487,3,185.90558,65.65728,123.64648,130.34889,171.89314,21
487,4,146.93747,70.87064,75.26003,86.00043,137.97462,21
487,5,57.247746,33.653122,26.531727,33.237953,49.512764,21
487,6,12.470819,6.114858,8.018397,9.664742,10.749515,21
487,7,8.175914,3.3013299,5.40173,5.699192,7.526946,21
487,8,0.6077539,0.95036274,0.013339406,0.08468473,0.20646772,21
487,9,2.0782492,2.209591,0.051967025,0.052281775,1.099762,21
487,10,8.435724,4.944198,1.7612607,4.5911098,7.974072,21
487,11,19.172192,12.632532,11.079138,11.883581,14.461905,21
487,12,52.92614,27.4706,24.332264,24.546034,51.6926,21
488,1,96.379234,79.678314,24.856466,47.26283,87.033516,21
488,2,90.89575,52.781048,37.29701,51.361214,88.02698,21
488,3,135.4575,56.407967,64.815216,87.14101,136.9093,21
488,4,117.94313,56.51678,64.78712,69.40585,107.32907,21
488,5,49.022762,28.72639,15.78799,23.872528,43.22087,21
488,6,15.416274,7.3582788,7.890911,8.34264,14.801127,21
488,7,6.8688745,3.3982544,3.5526078,3.5834448,5.3824434,21
488,8,0.3165632,0.5956678,0.0,0.0,0.072274104,21
488,9,0.51914227,0.78407496,0.016834162,0.0168778,0.034358423,21
488,10,3.63077,3.6054895,0.57335615,0.6770371,2.1261601,21
488,11,8.257653,5.3081007,2.0341377,3.327287,7.333414,21
488,12,31.70969,23.014423,12.274612,13.631503,22.610636,21
489,1,103.68643,73.51396,45.977863,51.54966,83.86472,21
489,2,103.29237,58.142677,39.462055,63.346886,89.389496,21
489,3,138.01985,47.330486,86.39665,89.95713,133.56104,21
489,4,116.04918,55.709156,65.33955,72.561905,122.85017,21
489,5,39.98332,26.10847,13.056981,22.332344,33.611607,21
489,6,10.954872,5.0816016,6.6894403,7.333422,9.267722,21
489,7,6.8587036,2.9362538,3.948638,3.9874363,6.324804,21
489,8,0.24878356,0.4944611,0.0,0.0,0.04450987,21
489,9,0.5686005,0.99770284,0.0,0.0,0.0,21
489,10,7.2153015,4.881265,1.7536929,2.9126024,7.176177,21
489,11,13.35894,6.9859786,7.611848,8.493511,10.994761,21
489,12,46.26151,31.19693,19.426151,23.700321,35.25422,21
490,1,249.15509,68.64615,183.53242,197.76631,238.86009,21
490,2,294.2012,78.998634,201.98964,207.389,292.79453,21
490,3,290.3121,85.42761,201.32776,215.68431,275.97272,21
490,4,218.41525,70.40183,148.31961,166.58087,210.02629,21
490,5,104.46847,54.59565,49.217327,61.280594,79.8046,21
490,6,17.369455,13.210396,5.173873,7.634116,15.23853,21
490,7,5.111404,6.293377,0.0,0.75576156,2.8696074,21
490,8,14.080958,14.541408,2.5623462,4.5345097,7.3195267,21
490,9,52.825027,28.19418,17.32672,30.644804,49.070305,21
490,10,111.907425,31.513105,77.09521,91.75083,111.05416,21
490,11,171.30504,52.91505,119.77389,130.5013,159.14812,21
490,12,222.24263,55.45339,153.58391,170.03264,235.84192,21
491,1,241.51039,68.22786,183.43439,198.36508,226.18556,21
491,2,298.55026,83.154465,201.49586,219.77776,300.64658,21
491,3,312.24963,83.791,212.17258,223.17836,298.479,21
491,4,248.88351,86.774895,162.79623,182.03978,218.81596,21
491,5,113.53807,58.00142,50.949657,67.83034,98.12833,21
491,6,20.116777,19.625004,5.0285735,6.357393,14.495532,21
491,7,5.6899757,7.4096513,0.0,0.0,3.260417,21
491,8,14.33733,14.997324,1.5292159,5.421257,7.7881684,21
491,9,53.790417,27.948074,21.135406,29.494621,49.54467,21
491,10,109.92505,25.79026,87.69844,89.237274,108.717445,21
491,11,166.24516,56.553482,119.021675,131.39401,147.55942,21
491,12,216.7485,55.35266,144.57994,172.1677,218.72154,21
492,1,277.85672,70.55655,190.1517,220.28062,274.11365,21
492,2,308.89987,68.57525,216.7989,252.11467,306.4541,21
492,3,327.1021,63.68147,249.90877,280.4296,311.96912,21
492,4,231.71716,67.06578,157.74397,179.04424,224.25761,21
492,5,133.10657,57.502552,71.87342,82.99674,116.45928,21
492,6,31.070763,26.834227,9.913711,11.401553,27.194311,21
492,7,19.971607,17.893747,5.0428724,5.9721146,11.992072,21
492,8,52.454693,37.955086,17.738464,21.514061,37.99509,21
492,9,97.828545,29.860268,60.470264,75.13737,90.391846,21
492,10,165.8225,37.92452,125.1142,142.30327,169.108,21
492,11,193.85884,38.03779,151.83719,157.87102,194.70773,21
492,12,232.87651,46.342636,179.79088,195.30855,238.00694,21
493,1,324.3393,73.60099,239.68306,257.36673,333.3471,21
493,2,325.0598,57.730797,253.7361,275.25507,327.1297,21
493,3,339.01605,63.616257,278.76965,289.53308,344.56824,21
493,4,205.96848,48.390606,154.58531,164.98386,198.39934,21
493,5,107.51969,44.778996,65.39505,73.66602,88.7815,21
493,6,28.441824,22.812315,11.122872,12.480106,22.949251,21
493,7,9.461403,7.162931,1.9585843,3.5355124,7.3998275,21
493,8,28.75788,20.642147,9.934511,12.443303,21.50748,21
493,9,92.59204,25.4663,67.66558,71.53159,90.32457,21
493,10,174.57787,33.5912,132.53781,152.53204,167.9874,21
493,11,214.76535,32.779606,175.07526,189.21013,216.36342,21
493,12,269.00864,47.868683,227.12955,239.32086,256.37332,21
494,1,128.85349,78.16662,42.210358,81.244934,113.87702,21
494,2,123.033485,53.31615,61.04857,83.95558,119.36581,21
494,3,151.64534,60.766716,80.784195,107.95225,148.99506,21
494,4,96.15792,48.30916,47.547226,63.368366,89.46338,21
494,5,26.88779,17.279198,10.3128805,12.016072,22.017395,21
494,6,1.5919985,1.8003569,0.4415486,0.48658687,0.9069705,21
494,7,0.91376287,0.7768032,0.0313856,0.22269692,0.6938469,21
494,8,0.061068706,0.14828923,0.0,0.0,0.0021153933,21
494,9,1.9233491,2.398298,0.117917225,0.27889296,0.58620894,21
494,10,16.84139,14.958486,4.4948735,5.2723246,11.474245,21
494,11,45.571445,20.606964,22.872238,30.91269,40.046314,21
494,12,83.33787,28.67604,54.280296,55.99405,74.58888,21
495,1,171.70296,91.85786,74.0497,125.33691,156.42365,21
495,2,148.81413,47.675297,94.24874,111.48271,153.01746,21
495,3,159.43646,67.02053,85.44993,117.7274,153.5489,21
495,4,104.69643,61.34736,39.787384,49.36906,84.760605,21
495,5,29.606972,25.007456,7.0952873,10.875792,19.9386,21
495,6,1.8097073,2.7115757,0.0,0.0,0.48023406,21
495,7,0.64402986,0.72135985,0.036629695,0.15134662,0.2980832,21
495,8,0.105875075,0.22185934,0.0,0.0,0.0,21
495,9,4.4295416,5.211855,0.22313014,0.6537292,1.5722402,21
495,10,33.154514,29.234858,6.1547613,9.20798,26.709492,21
495,11,85.76119,30.923054,52.294685,56.923237,76.43799,21
495,12,128.85248,37.29799,78.76162,110.81216,118.888435,21
496,1,239.1741,59.722507,170.62268,203.061,242.6102,21
496,2,285.13266,72.1995,206.94426,241.02539,263.06293,21
496,3,296.71463,72.80224,187.10973,221.6894,310.57224,21
496,4,224.00853,75.69993,156.76973,169.42789,202.47203,21
496,5,102.60655,57.787956,56.67178,58.336544,77.49344,21
496,6,19.116917,16.095104,6.349382,8.802432,16.113504,21
496,7,7.2557197,7.8367248,0.43951046,1.5312258,4.5961876,21
496,8,18.982613,18.184584,6.604163,7.5565257,12.857427,21
496,9,53.958385,23.480547,20.356165,27.859486,55.89198,21
496,10,124.87474,27.464056,93.37156,96.27644,127.95378,21
496,11,162.22076,46.87251,111.733086,123.31067,159.36275,21
496,12,205.49788,46.655014,142.57773,161.65018,211.19316,21
497,1,245.90176,67.55281,185.858,204.88913,235.61505,21
497,2,288.1516,67.41788,204.37904,218.48639,280.11407,21
497,3,302.87283,78.744415,223.23657,227.58685,299.1705,21
497,4,211.72957,62.723923,143.65839,151.78955,209.8721,21
497,5,96.20746,51.559742,47.85157,54.222485,75.3147,21
497,6,15.6457405,14.599555,5.518249,7.7001247,13.1887245,21
497,7,7.609077,7.77776,0.78522086,3.3531835,5.4837594,21
497,8,17.663769,16.103104,5.8404946,7.111079,9.88754,21
497,9,57.565365,29.355532,16.178402,35.21858,62.08812,21
497,10,125.69256,33.242615,81.77075,105.181885,121.96805,21
497,11,180.01808,50.332882,127.98691,142.81042,172.43845,21
497,12,228.17018,51.660545,154.14726,179.96065,241.44652,21
498,1,306.8732,59.66295,258.72183,270.26743,289.22412,21
498,2,298.73654,61.59652,239.65004,249.99101,283.30243,21
498,3,309.10724,37.34842,263.826,286.5407,311.5403,21
498,4,231.30634,57.647793,161.93414,190.52774,227.7777,21
498,5,166.2579,37.73997,132.43672,133.93257,170.20297,21
498,6,97.65295,29.101753,65.5125,78.90724,96.7958,21
498,7,62.739914,26.546581,28.760561,46.50449,65.32638,21
498,8,78.332565,36.202255,39.44779,45.644997,69.60578,21
498,9,140.5594,36.33056,105.93472,109.83191,136.75702,21
498,10,196.7098,38.038044,152.27565,161.37454,193.88647,21
498,11,220.05348,40.76481,174.40666,187.22653,218.68976,21
498,12,283.9869,56.98268,203.94862,228.29886,288.36835,21
499,1,276.45328,56.09655,222.92809,230.1518,271.3959,21
499,2,252.2374,33.734245,215.52872,220.75108,244.31122,21
499,3,273.2936,31.978254,227.41945,257.60324,282.59592,21
499,4,183.10034,43.224606,130.27266,143.42236,186.05174,21
499,5,120.97182,33.53166,89.387,93.69326,116.39047,21
499,6,57.75487,17.743338,36.20241,42.417034,56.24012,21
499,7,48.05064,15.3636,26.052444,36.00071,46.264725,21
499,8,59.993164,21.757212,35.213055,42.7849,55.93417,21
499,9,100.58004,21.963438,77.30444,80.03252,95.33339,21
499,10,189.96602,31.764158,148.32945,157.96976,188.93538,21
499,11,216.93372,26.291803,179.52907,195.20728,215.30429,21
499,12,259.2902,41.708244,218.05435,223.43292,259.6594,21
500,1,129.12013,87.36917,30.786036,53.202007,119.48441,21
500,2,146.63327,66.20305,99.67439,101.416084,123.10879,21
500,3,208.14609,96.574104,102.92009,131.2554,205.80705,21
500,4,169.5535,87.55979,80.90454,85.012505,151.7181,21
500,5,89.94472,57.591633,17.884909,46.149807,81.33836,21
500,6,31.480986,23.677029,14.872316,17.675848,26.664923,21
500,7,14.086196,5.992204,8.629435,9.472728,11.897289,21
500,8,2.5461993,3.374352,0.64069843,0.67832303,0.93139887,21
500,9,2.2300305,2.1980274,0.8268349,0.88564575,1.0694829,21
500,10,4.8003635,5.196768,0.37261385,0.47230735,2.5799725,21
500,11,8.271375,6.0753446,2.553817,3.0773883,6.240656,21
500,12,35.85551,24.804745,12.966453,16.132961,25.358643,21
501,1,122.56301,95.972565,31.804493,57.88791,124.511635,21
501,2,140.35796,63.11826,81.19749,93.22856,135.18228,21
501,3,205.12015,102.40387,96.52008,104.5222,197.77664,21
501,4,162.07718,89.14784,70.85413,78.76426,138.86008,21
501,5,87.75641,65.73247,12.802848,35.237743,74.222496,21
501,6,30.860922,20.64742,14.749597,15.405,26.462765,21
501,7,11.036232,4.9129157,6.0530996,7.264824,9.480736,21
501,8,4.568934,4.016238,0.86235154,1.2087944,3.967867,21
501,9,1.9223033,2.1802883,0.63190275,0.6351979,0.7520475,21
501,10,6.4058695,7.731015,0.36646217,0.6106679,3.0243468,21
501,11,11.765032,7.53291,6.522792,6.6658936,9.235409,21
501,12,36.29658,24.78312,15.258444,16.428835,28.356815,21
502,1,263.54233,53.2748,187.66214,220.98157,272.1464,21
502,2,233.82368,36.3474,190.71579,200.7372,234.31131,21
502,3,288.9263,35.325882,251.47601,259.62268,280.28772,21
502,4,248.8134,54.05104,189.35727,196.52705,257.36172,21
502,5,163.84378,43.575855,114.83082,136.04387,159.0413,21
502,6,95.02123,38.16623,64.07993,66.67991,88.861946,21
502,7,66.059204,26.074772,36.59316,45.793346,62.46213,21
502,8,72.879234,24.759493,43.457867,49.81653,67.01699,21
502,9,122.497734,24.862598,88.430504,98.3374,122.83647,21
502,10,188.94402,27.753618,153.23544,171.14764,199.19669,21
502,11,220.44905,42.284367,174.88257,183.23975,211.64636,21
502,12,253.93745,37.4109,209.7994,220.0575,261.304,21
503,1,268.9437,56.054897,201.24626,229.09396,275.51492,21
503,2,235.60756,35.11175,196.1561,211.74573,228.79268,21
503,3,300.3105,44.452114,250.15588,278.93585,297.43954,21
503,4,223.25372,57.32914,155.25969,172.7454,226.30719,21
503,5,151.83841,44.335636,106.63615,119.103676,136.57988,21
503,6,83.16698,30.210543,53.00319,61.296913,78.03499,21
503,7,56.062458,20.186739,29.479233,44.102806,57.753,21
503,8,68.83077,24.747873,35.437534,46.120758,66.5042,21
503,9,118.25657,27.928307,79.47996,89.87274,124.13191,21
503,10,191.94104,35.662434,140.83784,152.67245,200.5135,21
503,11,224.02899,38.102627,180.37434,191.42819,227.90437,21
503,12,269.1994,45.61752,200.50108,238.88016,264.12646,21
504,1,187.88249,90.63975,126.468506,136.96979,174.49377,21
504,2,140.72604,48.956665,78.65459,113.47972,136.12506,21
504,3,171.94394,70.95532,91.985054,124.4888,155.93044,21
504,4,120.10651,65.72263,56.78569,62.767097,102.9048,21
504,5,18.342014,15.278194,6.2520037,7.235678,13.543514,21
504,6,1.7247114,1.7057351,0.2716527,0.39304528,1.3163246,21
504,7,0.32093105,0.40608004,0.027928567,0.029486183,0.10901189,21
504,8,0.6848048,1.1141034,0.029451413,0.08895438,0.17720303,21
504,9,5.9014425,4.7562428,0.59152126,1.0010227,6.1723065,21
504,10,54.794113,37.843662,13.538903,28.098534,41.289955,21
504,11,121.07609,44.002693,77.19415,87.025696,114.99124,21
504,12,130.1008,38.571377,89.29617,101.50285,120.278,21
505,1,164.63432,84.776245,82.396675,133.9634,146.02148,21
505,2,133.419,49.71796,57.2448,105.25131,134.95184,21
505,3,160.69698,80.68307,74.594925,115.03036,136.38268,21
505,4,107.80685,65.87259,42.121025,53.897648,93.67757,21
505,5,34.97671,28.435589,11.534063,15.112679,23.247328,21
505,6,3.9188414,3.0945768,0.63048387,1.365927,2.558701,21
505,7,2.463638,1.6784612,0.29416025,1.1782527,2.2853556,21
505,8,0.21712403,0.4801324,0.0,0.0,0.0,21
505,9,5.628145,6.0614023,0.09465577,0.39953312,5.4764,21
505,10,38.81788,32.46405,8.099972,11.135714,26.458721,21
505,11,69.56698,28.856659,39.60189,42.242065,69.05058,21
505,12,102.8366,33.15354,66.51155,82.56727,93.85473,21
506,1,223.0628,79.751816,125.234245,161.15454,203.93816,21
506,2,226.20178,66.56178,163.71353,181.6481,210.61165,21
506,3,226.90318,69.41303,146.08463,161.18048,221.87471,21
506,4,164.22586,61.6383,111.19208,122.75851,142.41013,21
506,5,79.12048,53.204872,29.09409,35.998882,70.22954,21
506,6,6.062485,6.5917,0.8904949,1.4010782,4.935565,21
506,7,3.1440873,3.4049976,0.11925663,0.5970418,2.1753016,21
506,8,9.078208,7.405629,3.0691538,3.9377232,5.6430693,21
506,9,30.764889,15.422085,13.515447,21.08279,26.69753,21
506,10,89.98645,33.13924,45.12466,57.71882,93.13229,21
506,11,128.48978,43.432007,96.37094,99.23376,113.969536,21
506,12,173.46204,35.59929,133.74062,152.99382,168.15617,21
507,1,256.92407,73.73524,179.00319,185.49355,250.52211,21
507,2,262.21826,72.850975,186.99536,216.26768,251.7879,21
507,3,267.004,80.29573,182.23048,193.2682,249.75235,21
507,4,197.21405,71.42634,130.93506,138.98122,187.1453,21
507,5,88.03092,49.00383,45.43635,46.420174,82.68331,21
507,6,11.168723,10.172043,4.160451,4.685043,8.861777,21
507,7,2.9724772,4.063518,0.0758312,0.16515683,0.71172273,21
507,8,12.029993,11.020158,3.0898952,4.8570414,7.391452,21
507,9,44.480682,24.159437,12.8154745,26.78159,46.19761,21
507,10,111.66646,33.599854,70.312904,74.08643,113.597786,21
507,11,152.06668,52.935505,104.06813,112.00698,134.6066,21
507,12,216.48679,48.330833,163.70067,174.00313,218.79137,21
508,1,287.76425,72.07599,201.59737,227.46759,301.28287,21
508,2,305.9774,66.289276,228.38966,238.02696,300.02118,21
508,3,321.8645,60.02853,247.98367,278.1408,310.11227,21
508,4,227.94275,67.42416,145.72926,158.46172,230.71991,21
508,5,135.58655,69.8189,61.262787,85.10955,114.55056,21
508,6,29.249178,28.561258,8.9095,10.181589,25.269627,21
508,7,26.071445,24.302029,7.707022,9.173919,16.349037,21
508,8,44.731426,34.935825,8.5285845,15.049041,38.521687,21
508,9,102.57114,34.531998,61.127155,74.28806,96.7575,21
508,10,182.387,39.39053,133.98013,140.2964,189.17068,21
508,11,204.98154,32.511475,169.48698,181.22795,201.14629,21
508,12,240.81702,42.284813,195.22528,210.15396,236.32309,21
509,1,292.62027,78.96405,202.58136,223.3696,276.93448,21
509,2,316.50128,60.444798,241.96143,258.5751,318.05023,21
509,3,310.5418,61.464146,248.70576,273.53918,296.4428,21
509,4,209.71773,61.549843,145.1628,162.6543,199.39754,21
509,5,136.99843,77.36322,64.65851,76.545395,104.58034,21
509,6,21.080114,21.743519,5.3872495,7.603746,15.44183,21
509,7,16.83316,14.647894,5.90063,6.4683175,10.233768,21
509,8,37.532448,27.08381,7.352804,13.065107,31.82682,21
509,9,96.75049,29.11246,54.0942,73.97724,90.31594,21
509,10,165.20717,41.052673,122.60409,138.38104,163.77933,21
509,11,202.59525,33.727318,167.70003,175.49805,203.71858,21
509,12,247.16911,50.703686,190.1407,215.84326,248.73476,21
510,1,113.04177,99.85581,27.549109,50.14809,83.0099,21
510,2,124.76958,57.964096,56.64016,69.84433,116.959465,21
510,3,198.3208,100.830956,65.22599,107.34372,197.58517,21
510,4,154.47975,88.24884,67.5683,76.56694,137.95975,21
510,5,91.83536,70.39866,12.690657,29.98869,66.67926,21
510,6,39.45857,22.180338,17.198101,20.751505,37.23397,21
510,7,21.134594,5.4085474,14.19292,17.199339,19.891392,21
510,8,5.6172643,4.7354097,1.440547,3.014719,4.189459,21
510,9,2.8709111,2.3952289,0.7972963,0.8120189,1.9472501,21
510,10,7.0061116,9.290969,0.24409871,0.56188416,3.1435921,21
510,11,11.519531,7.555572,5.7020082,6.842388,7.861182,21
510,12,37.603607,25.694838,12.080345,14.364808,30.295565,21
511,1,121.78851,98.87466,37.122574,63.808422,104.45554,21
511,2,135.72314,58.983753,64.643486,71.66532,135.19518,21
511,3,186.00354,94.110855,73.75007,103.534584,185.14539,21
511,4,138.16586,73.278725,65.334854,71.42174,105.9263,21
511,5,74.47547,54.6125,17.579384,31.451307,64.05025,21
511,6,32.40447,16.757751,15.873764,19.173882,30.884457,21
511,7,20.490705,5.133303,14.028277,15.490475,18.809666,21
511,8,5.473455,2.9680357,2.2278702,2.9245894,4.5492563,21
511,9,7.115366,2.5105367,4.769059,4.9084177,6.3399906,21
511,10,10.507033,11.78549,2.1716456,2.3056471,5.5612416,21
511,11,16.905487,11.147062,8.311151,9.376939,12.069522,21
511,12,44.53648,27.274054,17.09445,22.229183,34.46606,21
512,1,289.23825,67.85459,215.5789,239.39394,280.46432,21
512,2,306.15485,58.592384,238.27844,246.19972,315.70712,21
512,3,300.2435,60.539116,225.7244,252.9152,289.44623,21
512,4,221.0167,59.496086,153.93375,162.34476,222.59892,21
512,5,129.45076,70.87912,60.670525,69.68173,92.800385,21
512,6,26.432268,24.729723,7.91136,9.379335,17.532566,21
512,7,10.4780445,9.764818,2.0244899,3.4965608,6.3861666,21
512,8,41.797626,33.582554,8.680439,11.851637,32.675716,21
512,9,98.80971,31.45456,64.587845,81.45193,99.10426,21
512,10,180.11897,38.487408,129.3819,143.94984,178.05542,21
512,11,209.7247,29.314835,176.41399,180.9146,208.02661,21
512,12,253.0788,42.68266,208.26779,216.88017,254.0083,21
513,1,309.94034,66.67371,232.15245,249.19345,319.14798,21
513,2,321.87943,54.855015,246.97995,268.7163,319.9658,21
513,3,321.37897,62.85623,245.08586,272.22797,313.06573,21
513,4,207.50803,53.92085,147.335,165.36551,192.14235,21
513,5,99.59196,48.99654,55.644188,59.736576,77.19442,21
513,6,20.281595,19.519596,5.9405947,6.969836,15.444813,21
513,7,6.8354163,6.2842226,1.0186907,1.9465348,4.8911586,21
513,8,29.951517,22.77325,7.4122214,13.162759,25.18543,21
513,9,88.02795,28.186771,57.37628,70.82913,82.5182,21
513,10,190.58786,38.854782,152.21153,159.8439,178.84625,21
513,11,225.25758,35.178226,178.11177,200.93063,226.97604,21
513,12,259.6856,43.214184,228.91412,230.54732,248.88269,21
514,1,257.68073,62.23296,167.73473,214.96085,260.1017,21
514,2,272.99857,69.81798,190.15306,211.06825,256.82584,21
514,3,282.9572,65.02754,210.02362,224.645,283.99142,21
514,4,200.50697,65.62506,144.87685,151.2704,180.41428,21
514,5,95.41327,59.483704,36.591724,51.46124,80.685616,21
514,6,15.091622,12.380536,6.873987,6.9669366,12.081225,21
514,7,6.023937,6.74615,0.03409133,2.290311,3.3541853,21
514,8,20.974081,22.697159,4.692599,4.748683,13.327207,21
514,9,69.672295,32.626167,22.067007,37.265682,71.21524,21
514,10,152.13762,33.491882,109.66321,125.1082,158.44339,21
514,11,186.1809,46.855667,133.52306,144.73148,184.52261,21
514,12,219.65918,42.433483,167.77321,177.364,215.81122,21
515,1,245.13196,63.714504,165.35387,206.99954,240.3972,21
515,2,276.92953,57.576065,220.0445,234.08614,256.96487,21
515,3,278.74884,69.27523,185.58267,228.417,274.53073,21
515,4,192.07634,56.84798,129.12227,146.10336,197.92952,21
515,5,98.38809,53.21536,46.424915,59.3041,78.930916,21
515,6,13.384184,12.5158205,4.967358,6.339039,10.939208,21
515,7,6.6535273,7.7935495,0.07334516,2.4539723,5.042243,21
515,8,19.741892,17.247765,6.8673296,6.968241,13.473931,21
515,9,55.047886,28.722149,19.331863,25.42299,54.892197,21
515,10,146.4965,38.27604,103.44265,106.12711,143.9588,21
515,11,185.20462,53.0545,123.15704,152.423,176.82149,21
515,12,229.67902,47.23927,171.4462,177.15115,239.28009,21
516,1,353.08688,51.396652,305.9703,319.04227,347.95728,21
516,2,320.5213,39.38488,269.89886,281.96823,318.4627,21
516,3,387.0017,49.536392,332.11414,337.50983,387.55695,21
516,4,282.7979,75.943596,192.24738,219.85628,265.98672,21
516,5,155.4238,66.0987,87.031334,92.48366,137.7324,21
516,6,27.887457,16.952822,15.248252,17.478588,21.30251,21
516,7,14.984822,11.257957,2.6196716,4.339507,14.296889,21
516,8,37.786053,17.630627,17.719946,21.149725,39.621784,21
516,9,116.47883,25.861134,88.38912,89.10259,111.48315,21
516,10,205.98166,48.316784,139.61246,171.03845,206.69952,21
516,11,234.47438,43.25293,188.7505,201.3138,228.57681,21
516,12,306.57602,50.31528,227.99706,264.0092,313.06958,21
517,1,317.5765,64.25685,260.58386,276.88455,299.64117,21
517,2,310.94986,62.27242,214.01799,264.9564,310.0633,21
517,3,369.8032,79.013794,270.98788,291.98505,375.03998,21
517,4,266.96313,80.37127,182.37517,195.33333,252.76439,21
517,5,168.07474,69.7496,78.713135,111.88121,162.60118,21
517,6,37.741585,22.001965,17.494122,18.28728,31.317108,21
517,7,20.097141,11.685764,5.88937,8.789889,20.86163,21
517,8,52.340435,22.448576,29.6483,31.521713,61.914917,21
517,9,120.51995,27.366083,86.69318,102.452515,118.38166,21
517,10,176.61104,39.681725,117.86563,150.39626,176.0899,21
517,11,214.43657,47.37855,168.7911,176.91885,198.71582,21
517,12,338.78882,78.421074,234.62534,249.16711,332.5146,21
518,1,216.43199,88.81487,123.18384,156.79605,192.49876,21
518,2,186.55042,53.72926,116.37349,145.83537,191.50304,21
518,3,204.55164,62.881813,127.70933,158.16014,194.16997,21
518,4,131.30217,63.43637,81.53406,86.80428,117.44465,21
518,5,48.269516,35.56054,18.192284,25.922712,40.85773,21
518,6,2.354817,3.3234453,0.07859282,0.08933775,0.57703763,21
518,7,1.0148118,2.0083199,0.0,0.006144497,0.15405633,21
518,8,5.3753657,5.6381917,2.018825,2.2748826,2.8270583,21
518,9,27.71929,16.055092,13.686319,13.990136,21.783688,21
518,10,86.0405,38.952274,38.554504,49.932693,79.82215,21
518,11,141.45529,46.54886,92.74065,108.18272,132.07707,21
518,12,181.96516,42.24657,143.86684,150.46014,165.75618,21
519,1,200.24889,91.709915,99.66759,151.3564,180.22023,21
519,2,155.4219,61.03277,66.2007,116.1095,150.87892,21
519,3,172.22154,61.21789,76.84161,114.53995,173.28302,21
519,4,131.70992,70.76095,72.08093,80.898285,116.06208,21
519,5,23.804184,21.018745,3.6339474,10.190382,17.356995,21
519,6,1.122468,1.4016098,0.0,0.0,0.40237257,21
519,7,0.21309458,0.5255063,0.0,0.0,0.0,21
519,8,0.68133307,1.500952,0.0,0.0,0.0,21
519,9,8.846779,8.389207,0.0,0.0,9.030386,21
519,10,70.51183,46.812355,18.464426,37.75133,53.094925,21
519,11,139.56462,47.726307,84.690834,102.51078,126.502594,21
519,12,150.59563,44.27935,113.17733,116.25656,138.24681,21
520,1,310.58054,44.348515,268.72748,273.5169,305.84552,21
520,2,276.3228,33.31205,224.05763,254.39133,282.33676,21
520,3,303.53525,49.297977,236.58083,268.30612,302.28638,21
520,4,231.91548,44.68999,190.58597,191.65707,240.56224,21
520,5,146.33078,24.45656,120.65549,131.52756,147.48419,21
520,6,60.717163,22.718716,33.964184,40.581367,60.89294,21
520,7,37.754707,13.613203,20.281319,24.72002,35.49809,21
520,8,56.92262,26.661957,31.663399,36.867203,56.01071,21
520,9,106.294495,20.893217,81.40993,89.222336,102.8075,21
520,10,176.47195,26.830305,143.41391,150.0036,179.202,21
520,11,217.81062,34.459896,172.89464,199.12723,219.77928,21
520,12,285.3709,43.614132,234.26712,241.98744,284.4128,21
521,1,279.22006,28.270666,239.1366,246.52141,282.72,21
521,2,276.9392,30.46428,243.80278,255.98656,275.20892,21
521,3,287.85654,40.345924,234.90346,244.69554,297.51566,21
521,4,200.23517,42.73511,159.66144,174.47444,200.17375,21
521,5,116.83245,27.27245,86.1494,96.39254,111.29494,21
521,6,42.93406,19.858408,22.864452,24.941193,39.428326,21
521,7,25.339333,14.017997,12.257343,14.638864,22.863556,21
521,8,49.881817,19.47062,25.657124,34.44137,46.957657,21
521,9,94.96669,21.341028,69.275116,81.12334,93.08687,21
521,10,160.73933,30.14721,126.98142,128.85725,160.74953,21
521,11,208.85347,35.168983,154.95941,184.87946,214.45648,21
521,12,266.74496,47.53736,221.02502,227.04584,262.79495,21
522,1,205.72145,85.04175,129.7056,153.47174,183.5369,21
522,2,187.33713,62.408092,108.13019,140.84515,191.0296,21
522,3,186.94356,58.26126,122.99445,155.04832,180.60316,21
522,4,129.6445,68.732956,73.22927,79.8581,114.3236,21
522,5,40.27906,33.997444,14.1594095,17.292313,32.835285,21
522,6,1.5222994,1.8608614,0.0,0.08171892,0.90186584,21
522,7,0.69840634,1.3884604,0.0,0.0,0.020339679,21
522,8,1.8761199,2.9215343,0.21859999,0.3137003,0.49159998,21
522,9,24.203676,15.395109,8.433256,10.318399,20.314081,21
522,10,75.48038,41.443737,23.972923,46.622585,64.20495,21
522,11,133.34225,50.018826,88.33536,99.4333,118.247986,21
522,12,176.55179,47.51615,130.72162,143.42842,171.61168,21
523,1,186.1266,86.22538,104.93559,130.43971,153.85773,21
523,2,160.48215,47.674667,85.24728,123.67937,167.66193,21
523,3,170.79,62.324123,112.42559,131.51375,171.77399,21
523,4,108.78531,51.574024,67.447174,72.89661,102.20559,21
523,5,24.214634,22.384485,8.507586,11.286445,15.303572,21
523,6,0.7458786,0.710096,0.074287966,0.15722767,0.40978593,21
523,7,0.303138,0.5826728,0.0,0.0,0.0030511457,21
523,8,0.65673935,1.2082802,0.0,0.019653574,0.098022774,21
523,9,14.679405,10.601703,3.2036438,4.5087466,11.987492,21
523,10,66.16614,40.725048,21.781279,38.421043,51.31411,21
523,11,116.81144,42.904896,79.43441,90.481766,98.203316,21
523,12,146.73938,35.16583,110.41896,123.047745,136.91716,21
524,1,282.84637,60.710224,190.59288,228.11559,280.9306,21
524,2,298.9701,64.15021,220.04922,254.7983,293.40668,21
524,3,307.3124,52.84838,255.06097,261.12097,303.18344,21
524,4,202.29,60.372444,134.42694,150.85355,193.99937,21
524,5,104.05018,59.002037,44.116608,59.43956,86.951546,21
524,6,20.452946,16.062624,7.957033,8.392475,13.580411,21
524,7,9.152727,8.743041,1.795374,2.8197324,5.3761044,21
524,8,30.524332,27.7243,5.0261707,7.2731752,25.210772,21
524,9,101.5349,35.661655,64.745285,87.118614,100.22051,21
524,10,182.9537,36.709805,145.73752,152.58667,182.77917,21
524,11,209.36089,39.91814,162.8721,174.09477,208.42963,21
524,12,240.18924,38.145412,199.26198,212.70233,229.11143,21
525,1,286.43405,61.909916,203.70502,233.18385,289.02536,21
525,2,302.6705,59.22746,236.43196,245.2234,305.5942,21
525,3,300.95367,55.719646,222.65848,258.85693,293.3126,21
525,4,216.42365,64.197655,146.2996,160.51585,202.88707,21
525,5,99.16703,51.939693,45.6928,54.243767,74.54226,21
525,6,30.13668,27.864908,10.582609,11.752936,21.042305,21
525,7,4.102822,5.137297,0.0,0.0,2.1023922,21
525,8,34.906025,28.136522,8.056409,9.015379,31.440237,21
525,9,90.73224,30.610338,57.27396,67.37807,87.79391,21
525,10,178.20374,35.450558,144.41995,151.52036,168.66426,21
525,11,215.05734,34.492092,171.3625,182.08417,209.95232,21
525,12,259.27704,38.974377,211.50847,228.58559,251.10649,21
526,1,321.25,64.23497,261.9225,273.3716,308.36273,21
526,2,311.79916,59.272198,226.83453,267.7876,308.74432,21
526,3,359.395,69.90978,277.94925,292.17654,370.03955,21
526,4,268.02563,70.85541,199.75955,215.30434,255.14128,21
526,5,156.63533,67.580605,66.75614,108.566025,139.49063,21
526,6,30.182638,19.669323,13.876842,15.826882,23.916168,21
526,7,17.78467,10.406807,4.723464,7.814923,18.650133,21
526,8,43.302715,17.95568,22.7215,26.025204,49.00377,21
526,9,115.84464,24.22637,84.84527,94.633514,116.76176,21
526,10,168.86229,36.186947,123.78243,136.97238,176.46272,21
526,11,212.98831,47.368256,161.84537,173.3316,203.98827,21
526,12,327.9868,78.9192,224.0698,241.89404,325.71448,21
527,1,327.66278,63.583923,254.64557,293.1766,307.86404,21
527,2,313.2265,54.246086,243.94522,287.05014,310.6042,21
527,3,380.25418,71.99464,289.02307,317.45966,394.12634,21
527,4,285.97107,78.934875,199.7699,211.82777,276.02515,21
527,5,163.59598,78.100365,72.71609,108.684395,146.11615,21
527,6,31.171652,17.704426,17.04065,19.198967,25.228827,21
527,7,16.168283,9.921948,3.7198262,7.4042454,17.240225,21
527,8,37.47718,16.851465,18.391552,20.805553,38.436802,21
527,9,121.42811,26.695538,93.817856,101.37693,119.84535,21
527,10,186.61569,43.692642,124.03133,150.20201,183.53777,21
527,11,216.91183,50.55187,164.1835,172.09444,215.47339,21
527,12,340.74683,75.27636,242.68454,262.00024,341.47437,21
528,1,184.12486,89.21034,123.79858,131.88904,163.56416,21
528,2,136.82721,46.60155,66.74208,102.27653,151.16719,21
528,3,146.72855,73.18216,70.88042,95.88478,139.10179,21
528,4,104.59373,54.392727,51.80551,57.568043,102.335045,21
528,5,12.537592,11.866563,4.40772,5.1756783,6.8896713,21
528,6,1.4868132,1.2996132,0.26674145,0.34355718,1.0429565,21
528,7,0.31418708,0.33837217,0.0,0.0,0.26341012,21
528,8,0.17356521,0.36245996,0.0,0.0,0.0,21
528,9,2.8295596,3.1341121,0.0,0.030867228,1.3726563,21
528,10,56.154232,38.482227,15.188362,20.759546,44.112534,21
528,11,100.25635,32.215824,68.546684,71.90853,93.19287,21
528,12,127.96529,41.718586,90.13934,101.1855,119.78606,21
529,1,165.77899,81.63288,101.014114,109.921555,156.5297,21
529,2,138.74107,47.3848,72.307274,119.657906,143.577,21
529,3,149.50525,76.63641,79.07209,92.59591,139.678,21
529,4,107.34303,54.00559,58.0486,61.21201,97.748985,21
529,5,23.52241,20.935745,4.9931397,11.779724,16.670105,21
529,6,0.95693743,0.61224055,0.12848112,0.4820823,0.7687886,21
529,7,1.3267406,0.73499995,0.5747847,0.5760447,1.1966102,21
529,8,0.2531014,0.4859135,0.0,0.0,0.0,21
529,9,8.085142,5.989265,1.4567939,2.9217026,6.784108,21
529,10,58.365955,44.88021,15.503115,21.99663,40.96283,21
529,11,104.31991,31.534489,70.80239,79.1381,96.42367,21
529,12,129.3898,36.156086,87.46061,99.93357,117.68055,21
530,1,248.25417,82.89447,159.45369,180.59004,236.90169,21
530,2,237.01074,50.956837,183.24832,191.29349,232.73189,21
530,3,248.4611,66.374344,165.10841,201.56978,237.6106,21
530,4,173.8442,70.29819,118.88285,123.68759,173.30574,21
530,5,65.14393,52.196033,25.585192,28.300777,52.399582,21
530,6,3.7321239,4.445222,0.1487025,0.33426782,2.5452642,21
530,7,1.5703608,2.3625553,0.081402496,0.18879806,0.4383989,21
530,8,6.1755257,6.667988,1.6332065,1.720852,2.9983191,21
530,9,39.633472,23.494465,12.962823,19.132881,36.55173,21
530,10,116.945786,38.30055,64.46454,88.23485,111.399216,21
530,11,173.22769,53.826935,125.62976,139.25856,157.19487,21
530,12,220.131,37.169098,172.51991,192.9677,221.62434,21
531,1,261.14536,70.44022,191.97224,197.3879,245.68713,21
531,2,255.48447,53.80904,189.63335,213.31523,253.0922,21
531,3,264.14105,63.977272,195.7897,210.4119,261.20618,21
531,4,196.96898,68.67593,142.18686,147.25023,185.56305,21
531,5,75.9686,50.629192,32.876675,39.50869,59.579037,21
531,6,5.6697445,4.6335115,2.4642982,2.649657,4.7929263,21
531,7,2.3552456,2.9833546,0.14731814,0.622168,0.9953028,21
531,8,9.850453,9.015482,2.3702235,4.088278,7.2502527,21
531,9,53.241764,29.067719,18.540667,22.43759,52.14857,21
531,10,128.52747,35.33329,87.8535,100.193985,121.279175,21
531,11,200.03218,51.05929,141.98112,169.31445,188.41339,21
531,12,243.4438,40.65836,192.97926,205.35149,250.654,21
532,1,322.13385,47.518684,271.7462,274.60852,334.76892,21
532,2,310.80243,47.627357,247.48376,265.89633,323.24695,21
532,3,334.50406,47.322376,276.7321,286.46286,334.74686,21
532,4,269.7916,68.88044,205.64034,214.54738,266.622,21
532,5,110.06468,43.281998,62.674217,77.05009,93.64322,21
532,6,19.35159,12.429736,7.9862294,11.73541,15.580319,21
532,7,10.3866205,8.472814,1.2016046,2.856359,7.7727046,21
532,8,48.740555,27.340273,24.670712,28.863783,38.482944,21
532,9,108.41364,29.545727,73.664085,81.41232,110.87227,21
532,10,159.31572,29.160866,113.14789,136.44646,163.2684,21
532,11,233.99693,41.92227,189.37265,191.1792,229.89561,21
532,12,296.7646,63.430393,220.80945,250.3979,279.39404,21
533,1,315.0452,44.61595,258.80844,268.3523,320.1922,21
533,2,321.37964,58.330994,242.75542,261.06973,329.61542,21
533,3,337.25552,46.787235,276.4716,297.22415,322.40613,21
533,4,237.57532,60.81635,159.04823,187.62924,226.96169,21
533,5,105.64873,45.225235,62.282646,78.24482,90.32922,21
533,6,17.717167,11.122606,9.811395,10.757654,13.806655,21
533,7,8.780911,7.7427454,0.8846046,1.796591,6.876666,21
533,8,39.22636,25.137957,18.97586,21.308653,28.489717,21
533,9,95.33885,25.149946,66.18244,67.99266,98.61044,21
533,10,158.93466,35.47948,110.17946,123.977905,160.33942,21
533,11,235.99118,46.53112,176.58975,194.09935,229.68156,21
533,12,307.77893,65.99726,230.16144,256.34113,296.4797,21
534,1,150.21501,85.28252,50.251316,95.72115,141.29793,21
534,2,119.81887,40.299805,76.88252,94.21762,121.58641,21
534,3,138.93306,65.21255,80.95031,98.25298,126.151794,21
534,4,88.51018,55.87589,24.410269,47.417778,76.79675,21
534,5,23.237755,19.416658,7.2969246,8.533814,18.005646,21
534,6,1.0160453,1.4186665,0.0,0.0,0.28328687,21
534,7,1.1840849,0.87665623,0.41859806,0.48772636,1.0249566,21
534,8,0.083663784,0.21711867,0.0,0.0,0.0,21
534,9,1.663326,2.6506076,0.0,0.0,0.08151511,21
534,10,30.47286,27.263155,7.7825756,9.562561,17.321611,21
534,11,78.96539,30.332739,39.64676,49.31107,73.21794,21
534,12,109.22503,39.94121,69.836334,78.027,105.08496,21
535,1,127.04963,78.246506,36.05041,79.410904,121.36228,21
535,2,111.73892,41.516464,65.810585,82.26429,112.81937,21
535,3,130.59894,63.166813,68.08979,81.776855,123.35528,21
535,4,77.319214,49.357586,26.458479,42.514908,62.91134,21
535,5,17.011703,13.478465,4.790253,7.1888156,12.633682,21
535,6,0.5817956,0.79961807,0.0,0.0,0.12834582,21
535,7,0.42385846,0.7003968,0.031147705,0.03134265,0.16422378,21
535,8,0.052332632,0.14004335,0.0,0.0,0.0,21
535,9,1.126364,1.9408861,0.0,0.0,0.04950614,21
535,10,20.22734,17.519402,2.9352894,5.6815176,13.759572,21
535,11,64.407234,28.91033,26.926626,46.284668,60.550747,21
535,12,89.99481,31.33706,58.588108,67.93214,81.86539,21
536,1,341.97195,57.44806,267.08353,288.22852,337.96942,21
536,2,319.227,66.842155,248.45732,254.55301,315.42764,21
536,3,385.2067,79.08979,304.8862,315.793,378.66537,21
536,4,244.84514,73.2962,173.1963,178.88985,224.1811,21
536,5,114.22705,47.83277,60.009846,80.45295,99.7609,21
536,6,14.11438,12.939173,5.3414025,5.63136,9.012231,21
536,7,2.5517628,2.7920082,0.0,0.0,2.0296507,21
536,8,22.390257,13.909991,5.8147054,13.066195,20.422554,21
536,9,108.07409,26.78404,76.781876,89.20322,108.770164,21
536,10,171.2074,43.248123,121.9028,136.45972,171.53912,21
536,11,218.14645,41.948673,175.33461,180.75555,215.29005,21
536,12,314.9551,69.80088,247.48218,263.92627,307.06833,21
537,1,307.8648,59.92792,242.5605,258.4062,307.9645,21
537,2,326.21088,70.21239,249.95502,255.43396,307.04486,21
537,3,387.33063,80.54455,309.46063,334.9478,399.2912,21
537,4,234.05273,70.29131,158.44656,176.25238,218.06049,21
537,5,96.78404,41.290382,44.495163,65.3301,90.41811,21
537,6,15.17913,14.847807,6.1216087,6.6919904,9.258109,21
537,7,3.8509223,4.1437125,0.14389405,0.24484509,3.1927557,21
537,8,19.957756,15.005459,3.8688061,10.76025,16.608742,21
537,9,102.00592,27.436216,73.709305,82.39764,103.693596,21
537,10,173.54984,47.72627,119.4001,122.04569,169.97076,21
537,11,222.41956,47.46718,171.13246,173.81894,207.9009,21
537,12,310.35242,63.51662,236.68555,261.57578,306.6117,21
538,1,358.18063,55.853283,302.56235,306.248,350.69598,21
538,2,312.18842,41.83921,261.9021,278.44855,307.9122,21
538,3,379.0632,53.344486,312.29504,332.1849,377.1024,21
538,4,271.864,67.693436,195.56288,211.91882,264.344,21
538,5,139.50787,65.74969,77.80263,94.11313,114.10857,21
538,6,28.075327,16.92629,16.168499,17.593754,20.990677,21
538,7,14.8191805,10.053679,4.909828,5.388807,12.549835,21
538,8,35.017693,19.2312,13.893058,18.279398,34.593998,21
538,9,109.496895,23.080502,82.133514,88.60321,108.42737,21
538,10,185.9238,46.03218,130.14357,153.7365,189.29764,21
538,11,238.22878,39.778816,191.7791,209.36731,243.44545,21
538,12,309.18246,49.419476,245.34834,270.83652,311.80203,21
539,1,339.54828,55.68398,273.2338,293.90256,330.90393,21
539,2,308.11453,52.9945,240.6885,270.58847,315.02054,21
539,3,365.80774,52.00731,307.38358,312.0857,367.70737,21
539,4,248.36018,62.554825,182.88559,194.96848,233.62633,21
539,5,126.103455,60.15535,71.35452,84.9514,97.370224,21
539,6,25.232107,14.490166,13.95783,16.541788,19.918436,21
539,7,13.620445,10.670037,2.8877382,3.6994905,11.584093,21
539,8,32.693825,20.424736,12.735036,17.04422,30.353832,21
539,9,98.185905,20.799711,77.08575,80.94626,98.570435,21
539,10,168.04758,37.226753,124.44244,140.62402,169.85231,21
539,11,240.10481,46.014767,180.29884,207.58258,234.96487,21
539,12,324.24817,60.515053,262.80914,272.23642,331.01495,21
540,1,277.87378,71.81712,171.40726,230.14734,269.27496,21
540,2,278.1938,56.77858,227.27412,235.74443,261.89902,21
540,3,297.10327,65.856255,204.35619,262.69235,302.52344,21
540,4,196.49983,66.71959,120.76862,137.82901,186.83647,21
540,5,94.85076,60.086548,43.58575,55.709263,71.26415,21
540,6,10.628541,8.372054,3.2415755,4.409824,8.740999,21
540,7,5.069569,4.6415024,0.78775495,2.320473,3.1901262,21
540,8,14.916689,16.364487,2.1069305,2.1817968,8.288342,21
540,9,78.87766,37.79734,30.024975,38.38147,86.58446,21
540,10,158.51028,31.927113,122.4461,133.53642,153.6782,21
540,11,210.97812,55.0721,147.17009,179.15808,201.18915,21
540,12,243.44388,50.88715,182.92851,205.85333,241.48256,21
541,1,267.2004,75.45808,183.75911,187.90286,285.28192,21
541,2,261.7184,59.356625,201.03297,214.05275,242.8077,21
541,3,277.72797,64.03007,213.24641,221.01082,267.0657,21
541,4,202.71985,68.37563,122.28947,155.0761,192.9114,21
541,5,85.9557,49.62195,44.780724,47.58817,71.70313,21
541,6,8.092092,7.396566,3.321906,3.9475408,5.8578296,21
541,7,7.5127907,4.6199703,3.7873988,5.3202367,5.6395783,21
541,8,12.913066,11.841661,3.658554,4.9050894,9.311485,21
541,9,66.639404,34.61463,21.417974,36.053425,67.16715,21
541,10,150.48491,39.21088,99.779594,114.581825,145.51016,21
541,11,214.84236,53.07095,150.35332,183.62549,206.70311,21
541,12,257.928,51.62565,194.20616,216.02713,248.20816,21
542,1,376.85092,65.54006,296.14572,344.2685,370.04922,21
542,2,337.3946,51.04275,276.51556,287.42798,344.2978,21
542,3,377.48795,69.68011,297.34564,327.12698,368.88116,21
542,4,255.0917,48.655422,188.70493,212.1265,247.78047,21
542,5,146.18059,59.183983,90.62908,107.188774,124.00323,21
542,6,31.356745,20.879257,10.862019,16.163555,25.515816,21
542,7,20.593657,15.013229,6.8227406,9.388856,15.689666,21
542,8,52.098553,34.5132,12.857075,22.23626,41.62139,21
542,9,105.98195,45.61621,58.190346,63.651947,91.17547,21
542,10,206.59473,43.358833,160.62279,166.0073,193.97778,21
542,11,251.7277,48.080578,187.53224,209.2567,255.09068,21
542,12,364.21957,57.667576,291.4438,305.17484,367.32678,21
543,1,346.54068,39.76889,306.71387,317.86417,337.0202,21
543,2,324.85425,36.870975,277.86646,304.77658,323.7714,21
543,3,342.08865,48.12308,290.8918,295.38202,336.91718,21
543,4,206.87491,46.036407,170.22374,179.11523,197.02467,21
543,5,90.95554,30.145689,63.861526,71.61962,81.619644,21
543,6,18.826214,12.835989,7.1164637,9.582892,15.32762,21
543,7,11.91291,10.1103525,2.5521245,3.3686812,8.137404,21
543,8,38.020233,19.964088,18.71957,21.078836,34.62345,21
543,9,95.705154,26.553156,60.271454,65.00441,97.40548,21
543,10,168.12408,25.772905,133.77362,148.34929,162.1533,21
543,11,242.19998,36.20278,186.08961,220.2416,245.02307,21
543,12,320.5892,39.325367,273.13275,291.42255,322.5787,21
544,1,237.52365,56.604187,161.07649,187.69392,250.44939,21
544,2,204.44446,42.11688,155.62335,168.8372,195.50873,21
544,3,269.3352,41.981556,228.37418,238.78384,261.91556,21
544,4,242.51393,51.91494,187.78131,206.33405,224.56334,21
544,5,159.50908,51.018433,110.34543,125.677734,152.40193,21
544,6,90.15417,33.839203,56.654728,61.549843,81.715195,21
544,7,82.61876,35.197388,53.343014,59.207016,72.11544,21
544,8,70.20033,22.667242,42.174217,47.856384,71.03341,21
544,9,124.34202,28.718113,93.19067,97.25695,118.38381,21
544,10,178.00517,30.661097,128.7601,149.54892,183.85664,21
544,11,213.02162,56.30763,144.17313,169.64392,206.27031,21
544,12,228.8593,45.08591,168.22794,189.36359,238.43314,21
545,1,244.83025,65.749054,179.99606,186.22885,230.69235,21
545,2,220.15958,40.99646,182.14049,185.25888,205.4699,21
545,3,260.3898,27.585554,230.57848,231.82082,259.5691,21
545,4,204.0197,43.5724,149.9197,167.93442,195.3309,21
545,5,129.40797,38.57596,92.87665,103.0947,120.5861,21
545,6,78.98285,31.280973,45.61752,53.7024,70.1392,21
545,7,57.10466,20.517628,35.900505,41.001415,55.681152,21
545,8,59.008232,13.264999,42.526608,47.2017,57.719067,21
545,9,109.65973,26.27943,84.679344,87.9722,104.93976,21
545,10,176.0968,37.123646,128.8455,144.52684,169.35884,21
545,11,200.22243,39.82934,161.02734,171.41014,191.9554,21
545,12,235.52347,42.893787,177.63554,194.21802,238.22606,21
546,1,280.41516,62.26313,191.35387,223.72264,278.33066,21
546,2,286.0703,54.702408,234.04367,239.68527,276.0287,21
546,3,298.21558,47.926056,239.25409,254.39008,292.58893,21
546,4,195.44745,62.788097,139.6689,142.69344,195.37335,21
546,5,81.02255,46.845238,38.861427,44.480724,74.91125,21
546,6,18.232437,15.8083725,5.7560544,7.076753,13.1071825,21
546,7,3.624558,4.817619,0.0,0.0,0.8443552,21
546,8,21.896196,20.850428,3.636257,4.3050203,14.118409,21
546,9,96.64816,38.291634,56.898495,70.546524,90.922966,21
546,10,171.54164,32.223774,146.2661,150.44632,156.30968,21
546,11,213.1783,41.374603,160.43147,178.12933,213.62103,21
546,12,258.0904,51.468784,206.83896,209.94948,232.88068,21
547,1,295.4374,52.781002,237.55014,255.65002,295.53055,21
547,2,280.95746,45.54574,218.13118,239.43285,283.04385,21
547,3,299.17163,60.30087,237.34467,246.32967,285.74896,21
547,4,179.64015,52.311245,128.72093,139.3237,177.80441,21
547,5,75.679,40.58405,41.95472,48.981415,64.32884,21
547,6,12.803225,11.960983,3.64415,5.151005,9.18983,21
547,7,2.3847604,2.8476856,0.13833551,0.18983091,1.4439374,21
547,8,18.507345,15.288024,4.018107,5.21591,12.424536,21
547,9,83.9079,34.724987,46.14878,55.8701,77.53817,21
547,10,172.16312,31.748133,144.88332,146.60867,162.57928,21
547,11,213.32874,42.16379,163.4674,179.40672,208.17506,21
547,12,260.88574,41.42608,211.32675,227.14601,250.514,21
548,1,155.47728,93.651665,50.177692,77.57585,134.9252,21
548,2,130.27829,46.902805,79.453156,85.17011,134.55507,21
548,3,137.76625,68.531876,79.49971,92.575874,124.47687,21
548,4,93.92592,48.229176,40.201637,51.94426,85.4727,21
548,5,14.0623255,10.762908,1.3524777,7.297816,10.544692,21
548,6,0.28171453,0.43608862,0.0,0.0,0.08205597,21
548,7,0.45606703,0.5326165,0.15456828,0.15533032,0.26686233,21
548,8,0.13167617,0.27428275,0.0,0.0,0.0,21
548,9,2.3244295,2.594316,0.0,0.049057595,1.2590575,21
548,10,43.870636,33.597023,11.79597,14.0402,34.69587,21
548,11,98.458046,47.74344,49.005814,57.854286,92.4986,21
548,12,120.84276,38.732807,76.53122,96.84881,108.17389,21
549,1,129.15411,79.256325,34.371185,51.102654,135.385,21
549,2,109.06694,40.785965,55.83025,85.121346,112.48291,21
549,3,128.37381,65.323555,70.79845,76.83097,120.873566,21
549,4,78.16032,43.690983,25.185612,48.80045,65.12094,21
549,5,14.7075615,11.456265,0.3756258,3.0471895,11.831116,21
549,6,0.46935782,0.73262584,0.0,0.0,0.04794479,21
549,7,0.34377933,0.75302565,0.0,0.0,0.05705919,21
549,8,0.09457854,0.22228096,0.0,0.0,0.0,21
549,9,1.1504705,2.568119,0.0,0.0,0.061799936,21
549,10,28.476984,24.179398,7.5502334,8.155083,21.658,21
549,11,77.07764,36.53704,36.997055,46.647934,61.97762,21
549,12,93.563286,32.651867,61.47872,70.97298,86.52934,21
550,1,336.59082,51.66831,268.15875,289.43213,333.10333,21
550,2,303.88647,68.3299,228.00783,251.38696,290.4736,21
550,3,314.63223,68.64195,264.05066,275.0242,305.88513,21
550,4,217.6848,51.584972,167.49997,184.97388,210.52,21
550,5,120.982666,37.999775,85.26461,89.53164,111.844536,21
550,6,40.0534,24.424873,15.180103,16.962866,35.840466,21
550,7,22.975382,15.663271,9.642481,9.848008,15.466742,21
550,8,63.10655,27.460535,34.51109,40.951706,60.33448,21
550,9,82.27907,19.74615,56.362087,63.328514,86.00396,21
550,10,157.21228,28.822063,120.598145,132.22272,160.81898,21
550,11,212.69109,42.51304,166.8876,180.21127,206.76929,21
550,12,301.8998,50.520123,227.493,268.99323,293.34073,21
551,1,351.17285,58.143696,273.07056,308.43576,344.72522,21
551,2,309.41537,54.914864,234.19664,267.55878,309.26328,21
551,3,337.44125,59.974777,274.6742,288.9806,332.021,21
551,4,204.56636,46.645115,167.51944,173.86404,199.7542,21
551,5,118.02144,37.75503,76.963684,92.68075,109.672104,21
551,6,33.686394,24.955906,11.265229,15.412432,30.522757,21
551,7,17.443241,11.904706,7.392108,8.424215,14.910165,21
551,8,57.585194,27.38336,27.31554,31.529074,53.564857,21
551,9,88.00813,28.235538,55.150185,60.57514,83.27845,21
551,10,172.93228,29.995888,134.19218,147.8872,168.31198,21
551,11,227.0053,37.472332,184.12172,198.83406,225.81967,21
551,12,312.75568,44.56651,261.29535,281.9013,310.70477,21
552,1,357.08362,49.28013,304.20328,323.44177,356.7236,21
552,2,314.70795,49.115173,244.1203,266.27148,321.7482,21
552,3,365.1857,64.10618,277.44,326.52576,352.46286,21
552,4,214.23996,39.262432,168.54346,183.53053,220.75368,21
552,5,119.149155,37.00511,80.60731,86.87566,110.57212,21
552,6,36.66139,25.61061,13.075552,15.402311,32.966663,21
552,7,19.307035,13.467311,6.6186295,8.550051,13.63366,21
552,8,52.07232,24.748785,25.81213,28.695955,52.04371,21
552,9,102.70927,38.759354,57.754383,67.17046,102.782455,21
552,10,182.23083,30.792181,148.57826,151.10107,181.72371,21
552,11,229.7277,34.239414,182.01363,197.53607,227.74928,21
552,12,322.889,45.70272,269.75436,287.04865,322.74997,21
553,1,314.3266,60.50444,251.226,253.7731,307.52087,21
553,2,324.58978,66.99612,233.62971,258.06836,321.232,21
553,3,328.43375,59.717632,265.14432,282.09695,313.45166,21
553,4,210.24059,62.248295,147.14062,166.42009,199.07147,21
553,5,86.443054,45.72338,52.815086,57.9556,71.90481,21
553,6,11.904867,10.054389,4.131733,4.74942,7.7297525,21
553,7,4.054615,5.2438416,0.0,0.1444643,1.9097257,21
553,8,27.313932,24.421127,10.407092,13.574965,20.88929,21
553,9,93.03408,26.52187,60.13467,65.710686,95.924225,21
553,10,165.60214,50.040215,113.800735,127.04645,155.82329,21
553,11,228.68027,47.040154,168.8213,196.12433,224.38188,21
553,12,319.60162,71.46419,241.7481,256.77017,308.9076,21
554,1,342.66257,57.3937,288.31064,307.96204,331.46893,21
554,2,313.15662,52.945667,237.49088,267.43732,308.3003,21
554,3,344.45953,49.331177,293.73053,305.5588,327.04248,21
554,4,257.0638,65.00343,190.21393,204.73727,256.1399,21
554,5,113.51765,50.311863,68.606384,81.52887,102.56805,21
554,6,18.592087,16.319448,7.041018,9.272461,11.565401,21
554,7,6.3428855,6.1191726,0.8261186,1.5098951,5.1306,21
554,8,20.873104,16.539696,7.950045,9.721811,15.043204,21
554,9,101.64003,26.76409,66.61937,81.47136,103.58237,21
554,10,171.60759,49.91792,134.33199,141.45721,158.58615,21
554,11,243.14641,39.522923,206.55998,211.5622,242.91832,21
554,12,331.20523,69.56492,244.28645,267.2691,325.6558,21
555,1,227.363,100.294106,106.625175,148.1606,208.55913,21
555,2,215.36537,59.095768,150.79501,172.44304,212.68561,21
555,3,223.79813,73.20812,138.77446,166.4963,215.36356,21
555,4,132.27094,65.24739,77.69666,83.593994,116.60719,21
555,5,36.241978,31.359818,16.097689,17.165413,25.808691,21
555,6,0.95507014,1.3317732,0.0,0.0,0.106856205,21
555,7,0.49662876,0.98582745,0.0,0.0,0.0,21
555,8,4.14901,5.046773,1.3508596,1.5287484,2.2672892,21
555,9,24.845947,15.774194,9.607136,12.077937,21.439224,21
555,10,93.114685,43.159054,46.328545,49.736717,95.08212,21
555,11,166.4976,47.46,123.75736,134.3309,156.93828,21
555,12,189.92488,44.274124,136.47112,151.70566,175.47977,21
556,1,202.75581,95.77184,84.98157,134.90683,180.7732,21
556,2,184.17302,50.374187,123.33151,136.88528,192.48528,21
556,3,186.87392,59.65012,118.91891,142.66716,187.315,21
556,4,113.38452,60.168297,62.319138,73.58827,103.664085,21
556,5,28.009865,26.480959,8.6753,15.039224,19.149435,21
556,6,0.94056237,1.0788525,0.0,0.0,0.1991639,21
556,7,0.31393355,0.59957844,0.0,0.0,0.0,21
556,8,4.4490223,3.5177498,2.2548156,2.4764493,3.1548111,21
556,9,24.072916,17.232601,7.322721,8.851711,16.679043,21
556,10,75.40552,42.813877,28.530363,32.2215,72.00607,21
556,11,142.49837,50.266964,106.89184,111.41264,126.33696,21
556,12,186.2077,42.337738,136.8461,155.54303,178.3255,21
557,1,330.9477,55.043903,258.61807,282.85953,339.11188,21
557,2,292.45633,45.97669,241.23666,256.09268,283.21198,21
557,3,289.3468,55.022923,243.54233,254.11383,299.80072,21
557,4,202.37263,51.907898,141.37108,162.92793,201.98032,21
557,5,125.20162,36.426468,93.93727,94.52198,117.38003,21
557,6,35.048004,20.230597,15.056513,16.266714,31.02223,21
557,7,19.660772,14.082848,7.46335,8.705833,13.662525,21
557,8,67.10448,30.99493,39.850464,44.37185,56.44159,21
557,9,83.98653,25.082218,53.651184,66.80337,77.97859,21
557,10,159.30193,35.80916,109.86985,130.69423,164.49916,21
557,11,214.31131,50.109615,151.91354,164.319,221.09564,21
557,12,307.3918,58.698338,246.40082,260.97253,312.3162,21
558,1,323.29605,45.43366,261.96448,282.59882,324.94885,21
558,2,299.90494,53.395256,249.5093,262.2589,292.74844,21
558,3,295.25482,42.474937,227.59259,263.99667,297.34576,21
558,4,183.79987,42.640713,130.76184,143.78688,180.78998,21
558,5,106.54805,32.6085,71.31143,81.826096,103.51766,21
558,6,25.710617,16.05715,10.267932,13.738374,21.460188,21
558,7,16.272802,9.00701,8.410892,9.171907,13.7554035,21
558,8,50.517677,22.944971,23.694935,29.364777,46.987183,21
558,9,97.44994,29.006227,62.64179,76.11836,92.08262,21
558,10,165.66168,32.08031,114.510864,150.79878,165.05302,21
558,11,214.14969,33.027542,186.17262,194.08516,211.23897,21
558,12,285.42398,48.62349,243.72198,244.78816,273.6662,21
559,1,355.7069,41.004448,303.61398,314.55313,358.54346,21
559,2,311.4073,44.83315,245.62418,283.93674,313.67383,21
559,3,362.7488,65.302505,278.46753,318.49365,346.84998,21
559,4,199.70836,36.130787,154.6014,174.62508,194.57483,21
559,5,99.32739,33.51361,64.156525,69.714325,88.33025,21
559,6,23.030111,14.104904,7.9554076,9.30168,21.325508,21
559,7,15.263633,10.2805805,5.8989305,6.6948876,10.839301,21
559,8,40.720837,20.05474,16.492388,25.93276,36.93982,21
559,9,91.094315,36.80391,51.11008,59.969147,82.96084,21
559,10,180.16145,30.95371,137.80963,155.6901,183.1639,21
559,11,238.7869,32.19098,207.038,209.62602,240.61082,21
559,12,338.3918,49.364056,280.92807,295.50952,337.81775,21
560,1,362.47797,45.7007,293.35205,329.6344,360.38348,21
560,2,319.1644,45.305317,256.008,275.03094,314.9402,21
560,3,370.08148,68.52659,295.45566,301.44415,356.92145,21
560,4,213.55217,44.39306,155.47395,182.88261,205.24602,21
560,5,104.88293,36.895054,64.6549,69.21256,99.20295,21
560,6,21.533098,13.03055,7.8817945,9.622609,19.912548,21
560,7,15.769953,11.184475,4.5050735,7.2764373,10.88388,21
560,8,44.21808,25.452913,11.203004,23.90253,33.511646,21
560,9,87.30708,33.757996,42.207546,59.569656,80.4265,21
560,10,185.04001,37.1561,144.8108,158.81488,175.09691,21
560,11,244.01956,35.38338,193.31487,215.1892,250.12708,21
560,12,352.09692,50.34259,279.50583,302.54672,360.40564,21
561,1,322.20465,38.238995,277.5697,293.02805,320.13135,21
561,2,322.54276,50.32875,263.37207,276.9161,321.83926,21
561,3,322.6811,53.545597,278.38687,286.62708,316.5374,21
561,4,177.18646,48.53525,128.3708,145.47719,169.16078,21
561,5,102.79952,53.41088,42.528065,62.696907,91.247215,21
561,6,8.790606,7.757084,3.0307047,4.2313967,5.545507,21
561,7,1.0205197,1.2631725,0.0,0.13024268,0.3710412,21
561,8,18.351477,14.2618265,6.275516,7.387046,13.581818,21
561,9,89.33758,34.49858,56.281887,60.96031,87.2297,21
561,10,189.64638,42.57039,141.43129,163.86993,188.65361,21
561,11,217.30814,33.71325,171.67938,186.24484,216.89754,21
561,12,293.7447,35.87286,262.2714,268.92984,284.35388,21
562,1,311.89645,39.398155,262.29578,278.61542,310.1687,21
562,2,291.77585,48.495045,225.5699,254.77243,279.446,21
562,3,313.35077,64.22299,242.45035,263.28223,297.68854,21
562,4,175.00645,49.55436,134.37366,144.19647,159.65742,21
562,5,77.01739,39.387302,43.0349,48.80778,78.680725,21
562,6,7.8050647,7.691564,2.7500432,3.362765,4.205617,21
562,7,1.4970781,1.7867963,0.0,0.087267205,0.6483612,21
562,8,15.664548,12.799428,4.607482,5.6263676,11.776667,21
562,9,92.12586,40.150166,50.078945,62.83934,86.7638,21
562,10,188.31876,42.583626,147.81349,162.5851,186.50543,21
562,11,215.55417,41.826324,153.30135,189.53996,220.26874,21
562,12,282.40405,45.51856,224.11282,239.91614,283.30692,21
563,1,108.514114,84.65339,30.259012,43.06913,89.79501,21
563,2,91.241974,37.94611,42.235703,53.76207,99.41803,21
563,3,116.689384,60.673214,44.448578,57.556423,115.20277,21
563,4,59.94996,34.750774,29.253016,34.35854,58.07377,21
563,5,12.970167,10.372713,1.1337162,2.3556032,9.56004,21
563,6,0.060105972,0.116421014,0.0,0.0,0.0,21
563,7,0.013158415,0.04927631,0.0,0.0,0.0,21
563,8,0.018318942,0.046748225,0.0,0.0,0.0,21
563,9,0.52749914,1.1695181,0.0,0.0,0.0041995537,21
563,10,15.753282,16.215971,0.39392662,0.8276514,10.5603695,21
563,11,61.52244,31.307055,23.960697,28.347242,54.639084,21
563,12,78.75963,29.804127,42.379322,59.843567,72.042076,21
564,1,126.75084,86.95376,39.257805,54.837166,108.95076,21
564,2,104.26737,41.99364,54.559776,61.28878,108.78405,21
564,3,119.10238,71.79273,45.35934,52.807068,118.78919,21
564,4,66.42685,40.65692,22.414627,35.55194,49.69219,21
564,5,9.671692,8.118873,0.43810928,3.421191,7.994773,21
564,6,0.24754567,0.38957086,0.0,0.0,0.012192466,21
564,7,0.046709698,0.12017787,0.0,0.0,0.0,21
564,8,0.035694342,0.090870656,0.0,0.0,0.0,21
564,9,1.3576803,2.1703787,0.026790809,0.042421453,0.54292125,21
564,10,28.91924,25.488434,4.655833,5.1142464,25.879618,21
564,11,77.38081,42.28141,36.56804,49.2307,59.263493,21
564,12,87.52958,36.96364,39.243843,64.53345,82.70563,21
565,1,164.6778,91.7798,78.55254,87.417206,157.92047,21
565,2,144.79797,53.47151,85.82052,98.705215,147.37631,21
565,3,145.6372,69.586655,65.84655,101.88519,141.74052,21
565,4,95.46195,45.521954,56.955112,62.32332,87.6203,21
565,5,21.131445,20.927946,2.562996,5.0275545,18.539448,21
565,6,0.09781062,0.17625104,0.0,0.0,0.0,21
565,7,0.24714018,0.61949086,0.0,0.0,0.0,21
565,8,0.14006077,0.31053555,0.0,0.0,0.0,21
565,9,10.362937,7.1140203,4.283619,5.0501404,7.832715,21
565,10,58.536667,49.51945,12.191286,15.261951,51.363106,21
565,11,112.63177,42.468075,68.92851,80.328835,104.661026,21
565,12,131.69618,47.414944,73.69708,90.19006,123.89214,21
566,1,170.06699,90.95721,78.36973,97.818825,160.79391,21
566,2,145.26823,46.72232,99.51596,112.71691,132.94577,21
566,3,149.00351,68.0755,67.8637,115.32265,152.9105,21
566,4,91.87087,42.815376,57.35992,61.783817,86.42031,21
566,5,24.866934,27.614183,4.6599913,6.7921724,20.521101,21
566,6,0.37749594,0.57181096,0.0,0.0,0.05837085,21
566,7,0.44651344,1.0327823,0.0,0.0,0.0,21
566,8,0.24851696,0.46385083,0.0,0.0,0.0076108873,21
566,9,11.2705555,9.047272,2.2433693,2.9758818,9.046982,21
566,10,64.70054,52.008297,14.42425,22.49941,48.24428,21
566,11,108.650055,38.396606,74.37909,78.93503,95.54523,21
566,12,143.13652,38.71771,92.563774,116.69617,140.98842,21
567,1,123.84039,87.54742,45.10517,57.55305,119.20242,21
567,2,110.56215,48.55723,59.914963,66.78589,100.98309,21
567,3,144.88371,64.213615,71.83556,87.8936,142.13992,21
567,4,93.48849,51.620037,43.989613,51.22287,80.63316,21
567,5,35.089043,18.737911,15.039399,19.1384,32.048702,21
567,6,12.50761,4.8634996,8.388696,8.929361,12.110855,21
567,7,7.2178903,2.061506,4.5589557,5.3281546,6.914786,21
567,8,0.84189117,0.7176165,0.24056031,0.2717436,0.5329481,21
567,9,1.4417185,1.9629712,0.07129618,0.119904354,0.63994,21
567,10,10.142225,7.149442,3.4776554,4.1321607,7.2741866,21
567,11,29.840511,21.068668,12.815255,13.891039,25.413502,21
567,12,58.330193,30.730309,25.29646,31.657827,49.793182,21
568,1,87.732254,79.03111,23.976858,25.700363,71.87402,21
568,2,78.03465,39.685726,39.805428,43.36743,61.405937,21
568,3,99.66489,52.943447,34.049736,39.42737,102.717766,21
568,4,55.08787,36.87224,19.51795,20.796167,47.39576,21
568,5,18.315845,15.198181,6.9713717,8.284899,12.088552,21
568,6,7.691752,2.5388663,4.952903,5.491169,7.3579683,21
568,7,4.76094,1.1586815,3.5645308,3.6278498,4.6036115,21
568,8,2.604984,0.6849432,1.9802166,1.9912932,2.469591,21
568,9,1.1617981,0.67060727,0.57288224,0.65561765,0.87545604,21
568,10,10.934425,15.274382,0.50163394,0.8620515,5.5291853,21
568,11,42.66004,33.799023,7.347883,13.633614,37.799774,21
568,12,57.602264,32.130875,26.740786,28.989706,51.19747,21
569,1,285.25012,75.40586,188.52109,208.56424,304.79572,21
569,2,288.06348,61.31886,225.71841,236.77728,271.10278,21
569,3,297.5097,69.070114,232.8722,246.82649,285.46252,21
569,4,184.13173,63.294666,124.030365,130.55782,165.07378,21
569,5,75.80932,51.961067,28.821877,34.714554,59.63771,21
569,6,3.7911189,5.4464083,0.5876097,0.6632822,1.6041437,21
569,7,2.7515082,3.3048127,0.25770766,0.75896126,1.2651093,21
569,8,10.603544,9.989788,2.93724,4.2872615,5.655254,21
569,9,63.552254,40.904243,25.257614,29.292942,59.95231,21
569,10,155.3749,41.78586,90.22502,127.11876,155.73221,21
569,11,234.03777,49.703274,177.32951,188.84824,242.21695,21
569,12,276.1398,52.90777,204.7321,229.78506,259.50107,21
570,1,270.27838,66.45951,181.93399,208.58678,285.21893,21
570,2,281.39203,58.60123,215.13786,225.65477,276.77737,21
570,3,277.9479,66.17345,213.8746,229.11461,258.74557,21
570,4,177.11314,60.529537,116.39738,124.656296,157.2472,21
570,5,86.52675,55.501816,34.475266,51.12072,70.66025,21
570,6,4.3834696,5.2245617,1.2282066,1.4057404,2.2787294,21
570,7,2.2211661,2.8634627,0.14080639,0.35258174,0.942231,21
570,8,8.961796,9.906001,0.6350365,2.0615468,4.8160834,21
570,9,62.88613,37.348408,21.16634,31.005692,58.981987,21
570,10,151.33917,44.145363,90.894905,118.620766,140.27788,21
570,11,223.26051,45.768127,158.79134,188.65913,230.43677,21
570,12,262.39908,55.579086,198.76918,203.5568,265.45023,21
571,1,328.17743,52.054882,258.59576,269.79526,337.01202,21
571,2,338.47238,82.44956,248.1276,270.50555,319.4747,21
571,3,353.09076,60.430046,285.9393,291.42587,339.74283,21
571,4,188.54465,60.126392,120.06749,145.40312,178.62329,21
571,5,65.096695,36.246,25.154205,37.485214,62.920475,21
571,6,4.877991,5.8485856,0.25120768,0.67432255,2.9808042,21
571,7,0.39516318,0.47143,0.046544913,0.050947987,0.13473053,21
571,8,16.521542,14.643605,1.6589782,2.4725866,9.257946,21
571,9,85.79352,31.32241,50.21053,62.685074,76.81979,21
571,10,163.27303,36.414692,126.686066,133.37184,160.15845,21
571,11,222.80096,44.28909,163.50726,181.71338,225.57843,21
571,12,330.11346,64.86824,251.02975,264.00232,352.99622,21
572,1,327.4622,50.622868,260.55084,286.1499,321.3307,21
572,2,350.02798,89.24316,272.58258,291.63113,316.677,21
572,3,324.77676,54.393124,263.98877,277.37582,322.76556,21
572,4,173.06262,49.02354,124.65943,134.02504,156.13776,21
572,5,61.041637,30.99361,32.89754,37.754074,52.467716,21
572,6,3.593198,4.5426073,0.3873915,0.55386865,1.145656,21
572,7,1.0984715,1.0374212,0.1462675,0.34885502,0.7006098,21
572,8,13.140811,12.030084,1.9136311,2.390668,7.970663,21
572,9,89.366264,32.58672,56.03636,63.28367,83.41209,21
572,10,162.40742,29.617006,126.308655,138.5776,158.1257,21
572,11,227.96521,38.237507,172.84572,190.47636,228.16469,21
572,12,314.8508,45.32189,260.98325,268.75797,320.869,21
573,1,266.54108,40.37455,219.40211,232.29533,265.58884,21
573,2,268.37964,48.370777,198.24944,237.6777,263.28485,21
573,3,261.7943,41.8474,205.61174,218.52287,260.78778,21
573,4,194.59964,52.38494,130.207,157.86223,187.85497,21
573,5,105.05871,28.087656,74.97094,84.98817,98.206955,21
573,6,42.058064,17.126814,22.190758,27.850542,42.330227,21
573,7,27.549116,15.058507,12.550729,18.173916,21.981102,21
573,8,38.64312,19.451445,15.582176,20.05588,34.462456,21
573,9,78.94302,27.661379,46.972908,57.892372,73.70524,21
573,10,165.74872,35.321655,123.21357,134.04512,163.30176,21
573,11,191.66486,44.170906,139.00887,156.51738,193.9766,21
573,12,238.34468,27.87346,203.99377,215.86723,240.00285,21
574,1,250.34705,36.791607,210.06184,223.59918,255.25714,21
574,2,269.86002,38.531063,222.06711,243.256,261.0596,21
574,3,257.94907,48.28137,210.99374,223.94476,245.72382,21
574,4,175.54681,50.273125,133.10167,136.43509,164.88618,21
574,5,93.32832,35.38136,54.315758,68.89042,87.203026,21
574,6,36.251232,14.999717,20.20606,23.003199,36.242622,21
574,7,27.576445,12.683527,13.488777,17.105053,23.889135,21
574,8,40.954903,15.671124,21.435669,24.540247,46.061977,21
574,9,90.52868,26.938606,57.806458,64.5145,96.093124,21
574,10,155.67516,30.265526,120.7023,128.24062,157.39943,21
574,11,194.72388,29.918167,158.76366,169.92151,191.68079,21
574,12,239.02171,42.98842,189.60051,201.75288,241.9556,21
575,1,277.89615,55.470776,205.13435,236.3652,281.11545,21
575,2,279.05112,45.797977,224.23088,236.20363,270.44153,21
575,3,284.56772,61.841778,189.62946,249.53313,277.14255,21
575,4,185.08249,62.832363,113.98519,125.61545,193.5451,21
575,5,70.81854,44.89438,34.4164,39.23314,57.827335,21
575,6,4.5980687,6.524425,0.04289689,0.23234482,2.1962125,21
575,7,1.8290415,2.6605787,0.0,0.024782443,0.59074724,21
575,8,10.246004,12.419954,0.60024434,0.6875974,3.115336,21
575,9,77.34593,38.148968,34.778416,42.760155,76.76818,21
575,10,158.08278,30.80618,126.28191,132.27788,153.75401,21
575,11,213.79114,47.26067,155.21414,173.63773,205.45403,21
575,12,254.41898,46.60395,185.56445,217.50484,253.14766,21
576,1,265.81082,55.334606,204.43893,219.93289,267.9682,21
576,2,272.66977,50.361534,203.60193,221.90941,278.0976,21
576,3,271.73315,69.94441,201.6975,222.08188,261.8024,21
576,4,159.28477,53.799744,102.24229,110.70507,161.54144,21
576,5,76.69099,47.459824,34.060402,42.94132,64.065155,21
576,6,4.013679,6.1347365,0.08545998,0.18436675,0.8155532,21
576,7,1.2557414,1.9423137,0.0,0.0,0.28928763,21
576,8,7.4226446,9.708615,0.0,0.0,2.6422026,21
576,9,66.40965,34.375477,27.040644,36.81543,67.12947,21
576,10,150.44524,36.15642,103.54899,116.63159,142.22136,21
576,11,213.8694,45.720116,159.45967,181.6183,215.69736,21
576,12,255.0534,47.783028,186.20073,227.0408,255.27266,21
577,1,361.34824,55.69215,301.2434,314.97842,357.2433,21
577,2,323.89682,43.44356,281.57593,286.5459,318.98077,21
577,3,352.1613,39.509583,312.4068,320.48395,350.43964,21
577,4,242.37079,60.500122,172.36063,193.16127,236.97328,21
577,5,109.402855,48.62862,59.973705,73.24595,91.36015,21
577,6,16.386003,12.340227,8.469461,8.515871,11.607475,21
577,7,6.805631,6.545752,0.61184216,1.5256441,4.6136336,21
577,8,24.953604,20.14168,6.8696117,11.839762,18.107952,21
577,9,116.83984,33.35863,71.31509,87.8455,118.04204,21
577,10,199.38138,49.817818,153.81767,165.86057,181.72917,21
577,11,245.90895,30.489208,221.44502,225.71086,241.87125,21
577,12,337.54993,69.660515,256.36108,295.50784,319.28226,21
578,1,313.6483,65.98938,245.9477,263.9203,295.9104,21
578,2,328.63223,56.569942,253.93594,267.398,341.33252,21
578,3,336.81696,60.984787,276.9613,293.70465,333.7662,21
578,4,199.78232,62.95779,140.92004,159.32292,175.44304,21
578,5,77.9962,40.738106,46.182076,52.27842,59.90412,21
578,6,11.919371,9.957903,4.6053143,5.5738864,8.0536785,21
578,7,3.5729544,4.87902,0.0,0.0,1.2775359,21
578,8,26.18223,21.417463,8.364907,11.118112,20.910015,21
578,9,93.112946,27.15736,63.967823,66.84942,89.38433,21
578,10,173.15918,55.043133,118.33298,125.28743,162.47275,21
578,11,215.51814,39.789154,178.46793,189.80042,212.0919,21
578,12,316.2047,71.54838,244.17406,261.96512,298.06128,21
579,1,87.188805,80.94299,24.856602,33.045776,71.29507,21
579,2,78.328995,39.474525,42.9968,47.99954,73.19745,21
579,3,101.41964,50.37348,43.836567,52.120476,94.0847,21
579,4,65.78413,45.782436,16.72198,25.596949,51.105476,21
579,5,29.998861,21.021345,13.574721,14.407156,25.463726,21
579,6,16.602665,4.963794,10.248013,12.214394,16.590317,21
579,7,12.015459,2.9023952,9.127319,10.009282,11.731928,21
579,8,4.1776233,1.1393191,2.9954033,3.1696525,4.007695,21
579,9,1.9097166,1.2063074,0.5176675,0.9024858,1.4256401,21
579,10,8.779466,10.08841,1.6126798,2.4345446,3.8925648,21
579,11,25.004623,18.857683,6.296002,7.8459487,20.845467,21
579,12,48.30833,30.252335,16.333975,18.348736,41.931404,21
580,1,95.830414,83.12657,24.878607,45.67889,68.84583,21
580,2,98.58844,45.071907,50.722496,57.206364,95.57644,21
580,3,134.11421,68.18773,50.762516,69.01291,141.17941,21
580,4,91.70963,53.887432,36.35226,45.12486,79.97628,21
580,5,54.789284,35.181675,19.88584,31.721643,51.765102,21
580,6,32.678497,15.821827,15.543607,17.533087,30.384811,21
580,7,23.617353,5.3253922,15.996012,19.915552,23.734447,21
580,8,6.2999167,2.729047,3.5893502,3.7524114,6.160724,21
580,9,3.9995687,2.0560117,1.8306111,2.1399825,3.3282604,21
580,10,8.002078,9.567754,1.2910497,1.8721992,3.8991427,21
580,11,18.776428,11.946873,7.858181,11.144002,15.31238,21
580,12,38.64,23.988348,13.655885,17.401213,37.04293,21
581,1,325.89243,45.59079,275.1761,295.89935,315.37964,21
581,2,329.7304,51.490623,262.29453,271.02698,345.8529,21
581,3,343.53534,63.996307,263.69098,297.40756,338.85794,21
581,4,197.6973,57.072884,138.10971,158.66673,190.81377,21
581,5,64.31044,22.708542,35.992023,50.849266,60.568905,21
581,6,13.1341,8.77147,5.526739,6.6307344,9.706827,21
581,7,6.530014,8.006693,1.019127,1.4061699,3.5142817,21
581,8,25.21995,16.672888,10.007465,13.943024,23.258106,21
581,9,100.043686,23.737417,66.89947,84.495766,101.31135,21
581,10,169.12355,41.40435,116.120674,133.55647,164.38425,21
581,11,231.17946,50.18266,190.21835,202.42834,218.40862,21
581,12,285.9945,54.482826,223.99213,242.22551,275.1774,21
582,1,324.88858,40.626698,270.59622,299.11115,324.19974,21
582,2,328.52905,56.844124,270.45563,274.5081,326.7698,21
582,3,340.2407,68.00006,259.2613,281.5136,349.20667,21
582,4,192.30368,55.16076,144.20366,161.90048,183.35934,21
582,5,60.568123,19.060032,39.08165,46.2689,60.217022,21
582,6,16.376703,13.008469,5.1850085,8.415304,11.316454,21
582,7,6.236037,8.599564,0.0,0.085544586,2.971159,21
582,8,27.64821,16.086527,12.255641,16.023401,25.50701,21
582,9,96.638466,23.400278,65.5028,79.83072,100.27161,21
582,10,159.15268,40.646904,108.68624,142.63686,160.03514,21
582,11,239.63734,53.0953,189.71935,200.691,239.31973,21
582,12,292.72104,52.42743,230.86725,254.94592,295.0893,21
583,1,269.08896,80.10842,163.5477,209.7247,276.3547,21
583,2,271.6609,61.6069,198.23788,200.99055,273.985,21
583,3,269.36578,60.245342,201.80257,204.78685,269.41452,21
583,4,173.35243,61.232582,106.311005,126.312195,165.1486,21
583,5,55.12793,37.524155,24.281944,26.444357,47.091007,21
583,6,1.9751587,3.1961956,0.0,0.067868255,0.4205324,21
583,7,0.94179916,1.2829256,0.0,0.01374125,0.11900093,21
583,8,3.8300648,4.92078,0.27555498,1.0125606,1.6937398,21
583,9,53.252296,31.994253,16.82961,19.50253,45.069767,21
583,10,145.66605,46.77948,82.86281,107.18291,143.32423,21
583,11,225.2848,51.789978,155.00105,176.37575,226.34969,21
583,12,263.3326,60.17964,195.88098,202.52783,256.09326,21
584,1,254.61,78.288574,187.9452,197.33992,261.77502,21
584,2,239.16594,49.872448,174.91342,182.90114,247.23296,21
584,3,264.01773,67.73315,170.76616,202.47844,276.83566,21
584,4,162.82832,66.069305,103.64719,110.556725,155.3271,21
584,5,56.60269,44.655678,14.306379,23.396572,41.466213,21
584,6,2.2243237,3.9715464,0.0,0.0,0.8195819,21
584,7,1.8755999,2.7242253,0.0,0.0,0.0,21
584,8,4.8245044,5.626485,0.0,0.42230847,2.4762712,21
584,9,48.30639,31.04193,10.771142,20.005136,39.93897,21
584,10,123.22226,37.748417,70.37978,91.972534,124.63349,21
584,11,218.53888,54.157257,162.26587,174.48059,205.34053,21
584,12,236.23872,55.177994,172.65579,186.20334,229.2927,21
585,1,344.31012,40.446587,289.3741,311.4401,347.2589,21
585,2,310.32013,49.088882,252.85075,266.69183,303.85233,21
585,3,338.42606,65.04271,271.25467,290.07083,315.67697,21
585,4,186.60178,33.632633,154.78746,166.34799,185.46968,21
585,5,100.09903,31.112478,60.068474,70.111465,102.957016,21
585,6,23.693712,15.102902,8.1052265,10.621084,21.968039,21
585,7,13.286014,9.448012,4.059124,6.6114883,9.403025,21
585,8,38.875706,18.239994,21.585724,24.620014,34.553726,21
585,9,93.2819,37.878635,46.89211,55.867104,88.09389,21
585,10,174.2581,27.742039,134.12659,152.47961,181.39497,21
585,11,242.32327,30.638145,201.90175,212.40305,249.19212,21
585,12,316.6325,54.018837,249.88295,276.222,308.85547,21
586,1,250.5957,39.04999,211.23376,224.54861,248.40594,21
586,2,256.91266,46.282036,203.06293,213.79124,250.74146,21
586,3,241.11945,39.863804,199.99545,212.24785,233.14952,21
586,4,158.34052,42.87973,108.40105,122.400536,155.898,21
586,5,101.914444,39.77611,54.74207,76.28121,93.02955,21
586,6,41.38321,18.464586,19.607643,26.818882,40.650436,21
586,7,30.692966,14.447874,14.257446,15.9787035,27.76706,21
586,8,37.74539,14.308484,16.684568,24.552282,39.264545,21
586,9,99.09248,29.016361,64.69488,74.82909,90.87235,21
586,10,174.73415,39.20289,122.318565,144.33685,179.29565,21
586,11,203.75558,30.210102,168.27107,180.22472,202.16049,21
586,12,238.8089,42.522007,191.3693,197.36687,227.66447,21
587,1,252.22777,47.612957,211.09085,232.28723,239.36014,21
587,2,270.4579,47.645176,218.24928,234.45453,262.69092,21
587,3,240.31516,29.435658,199.67557,220.77051,242.43205,21
587,4,153.67757,35.373005,106.620094,126.318924,150.31982,21
587,5,106.27091,35.37528,58.658173,74.80525,107.74213,21
587,6,43.16216,14.871756,24.18712,29.201551,41.700848,21
587,7,40.809467,13.91958,22.782278,28.62595,44.45708,21
587,8,44.906055,13.138992,26.206032,32.18416,43.54899,21
587,9,103.639114,22.655127,80.51919,82.5536,94.91167,21
587,10,185.26482,34.421406,146.63133,162.57149,183.26106,21
587,11,221.56139,27.536966,189.05025,204.01334,223.0088,21
587,12,230.51506,41.204647,167.79665,188.58871,233.01505,21
588,1,344.02283,35.59694,289.58804,317.47397,348.8988,21
588,2,311.866,56.15288,231.92122,262.4847,305.57968,21
588,3,326.13922,61.815987,255.34514,264.74542,311.77228,21
588,4,192.0321,43.89184,145.00494,170.81696,191.16454,21
588,5,98.88592,31.67663,57.494263,74.255745,93.598854,21
588,6,26.450455,19.09814,8.333195,11.993197,22.86345,21
588,7,14.388287,10.11633,5.044964,7.6258965,9.141234,21
588,8,41.979992,22.03566,20.475077,25.626314,38.484715,21
588,9,98.049355,39.436928,50.206985,57.937847,96.611046,21
588,10,176.1306,29.978367,129.5552,149.89006,182.7458,21
588,11,241.47266,30.278793,202.93182,208.88028,243.5852,21
588,12,309.7978,56.123184,239.33862,254.34032,314.23892,21
589,1,309.0761,74.90603,225.01271,256.47275,291.79562,21
589,2,326.08502,59.294525,242.83023,258.47656,332.2939,21
589,3,348.47852,67.71436,283.31833,298.2329,332.1146,21
589,4,210.3533,67.766136,134.80614,160.24066,187.57104,21
589,5,83.96602,44.867554,46.40703,48.561653,70.64867,21
589,6,13.47414,11.263424,6.301509,6.8993263,8.644573,21
589,7,2.601518,3.2714136,0.0,0.0,1.159273,21
589,8,23.106531,20.954582,6.8210764,9.214213,16.30742,21
589,9,97.30117,30.9537,63.924427,75.28985,92.95528,21
589,10,185.1583,57.024757,121.527405,139.25482,178.99892,21
589,11,205.82591,39.5367,146.43773,179.98758,204.04764,21
589,12,325.55167,76.353714,241.66417,256.6444,323.85275,21
590,1,349.64374,55.948223,289.88608,292.88617,343.75742,21
590,2,331.5698,54.20683,260.20547,296.86832,315.49457,21
590,3,375.5783,39.413025,331.08627,339.92444,377.98514,21
590,4,225.54788,66.77594,144.04205,181.4727,219.04497,21
590,5,93.7613,45.22814,46.60447,56.61293,94.06642,21
590,6,17.008633,14.515576,8.242085,9.098873,11.803994,21
590,7,4.923533,4.980084,0.4527181,0.6363342,3.9736311,21
590,8,21.034956,18.271845,2.8140895,9.044074,13.162715,21
590,9,112.73914,27.672995,77.859085,89.72035,112.66338,21
590,10,202.23651,43.33902,158.74573,174.03853,195.74805,21
590,11,241.02205,34.019386,204.71315,216.05005,244.69855,21
590,12,338.82526,60.565655,274.35675,297.10397,327.13956,21
591,1,279.4182,42.469933,223.69617,237.22588,280.49686,21
591,2,251.0776,41.30833,199.1188,210.37663,256.89923,21
591,3,257.14578,53.735107,194.62727,207.0696,268.05496,21
591,4,189.24881,51.59505,130.67168,146.73946,187.48442,21
591,5,103.03172,26.829943,72.825966,79.8578,101.23619,21
591,6,37.317745,22.190693,15.504265,19.442234,30.36721,21
591,7,17.731735,10.375052,8.0541725,10.076902,15.151892,21
591,8,50.145985,20.69198,30.842068,34.445393,45.238068,21
591,9,103.6664,31.62051,76.81886,80.20316,102.92239,21
591,10,150.65385,32.486435,111.63629,130.46364,147.56009,21
591,11,196.01706,37.97536,155.09521,169.47119,193.79529,21
591,12,260.22797,51.163822,191.42813,199.58476,255.65057,21
592,1,302.14096,42.49717,249.3087,268.5766,305.9745,21
592,2,274.28067,47.12672,230.99446,239.52121,251.94035,21
592,3,279.35733,48.221283,226.80582,238.1392,282.11945,21
592,4,181.2257,42.355305,108.916435,153.568,179.78108,21
592,5,93.85097,24.651648,63.207897,74.82937,94.472145,21
592,6,29.456377,17.87009,12.911754,13.558755,23.177986,21
592,7,17.042173,9.300413,9.282639,10.633599,14.553535,21
592,8,47.169613,20.397333,26.915274,31.496918,45.037033,21
592,9,98.007416,29.958143,73.14993,75.23972,88.708084,21
592,10,155.28452,27.702702,120.5454,128.52853,155.88008,21
592,11,203.0748,30.052116,175.21587,179.95111,212.769,21
592,12,264.17743,52.50022,203.84497,222.39816,259.18842,21
593,1,333.08194,63.549675,266.85852,275.09262,337.92203,21
593,2,327.69083,55.67885,243.82384,276.72086,343.6965,21
593,3,357.60684,73.45938,273.91727,306.9985,350.06314,21
593,4,180.70476,58.075428,123.40031,127.81278,189.19687,21
593,5,59.631462,25.481436,39.754044,42.524727,54.16497,21
593,6,11.907056,8.32679,5.875076,6.198643,8.452806,21
593,7,3.9937196,5.446685,0.3076061,0.6614165,1.3010874,21
593,8,18.646532,13.77078,3.8412466,6.4512887,16.21566,21
593,9,108.51481,30.285553,73.10973,75.833405,107.60592,21
593,10,184.45116,39.3738,145.6676,151.47623,177.43712,21
593,11,234.53197,42.35419,188.2578,200.55437,226.85942,21
593,12,324.574,59.95391,266.33264,276.40225,307.71524,21
594,1,337.12607,65.639755,264.15506,277.2623,336.5915,21
594,2,330.2019,62.736313,275.81232,281.61505,316.80798,21
594,3,363.55026,51.83197,310.09283,316.06305,364.53806,21
594,4,202.03104,68.14281,123.51318,155.04642,198.43454,21
594,5,68.47393,31.528297,38.11952,47.4916,59.77359,21
594,6,9.4904585,8.23826,2.9296212,4.0063863,7.7036905,21
594,7,3.67405,4.0866103,0.14262778,0.36338502,1.4570576,21
594,8,18.688705,16.706087,0.8823004,5.391272,13.249015,21
594,9,113.433304,30.966587,75.9949,84.92195,112.77889,21
594,10,204.17776,42.441586,161.86139,174.90446,200.25864,21
594,11,236.32385,36.40425,190.20808,208.19739,232.9971,21
594,12,344.56854,62.319435,282.5705,300.14807,336.7706,21
595,1,280.77515,52.20581,234.31242,243.96964,288.312,21
595,2,259.72455,53.761383,195.67049,200.29123,272.24515,21
595,3,277.1458,80.729294,198.6085,203.435,279.0036,21
595,4,166.5161,55.93825,105.91482,116.88666,166.48639,21
595,5,62.556328,36.4331,27.959005,41.441452,56.996384,21
595,6,3.6919167,4.042214,0.42957032,0.77290136,1.9458477,21
595,7,0.89063627,1.0324997,0.0,0.0,0.2795749,21
595,8,7.7852993,8.372749,0.7446945,0.81125414,3.9137206,21
595,9,64.57533,32.24061,21.360388,42.51253,62.262478,21
595,10,154.53676,40.9755,114.54981,120.402954,147.75653,21
595,11,213.94164,45.016705,165.49234,179.55933,216.29414,21
595,12,262.23218,48.1423,209.85313,224.40543,253.00711,21
596,1,287.3857,75.92626,198.0253,223.04115,302.04996,21
596,2,281.1877,63.433434,218.20204,229.44522,282.31964,21
596,3,284.7878,64.495255,220.72157,226.87518,264.30798,21
596,4,187.90804,65.45644,122.92309,134.12704,175.50629,21
596,5,74.180885,45.83418,31.950686,43.40774,58.02497,21
596,6,1.5280744,2.477528,0.07963208,0.16426331,0.5843487,21
596,7,1.2192479,1.914692,0.0,0.0,0.21306595,21
596,8,7.1691413,7.6224875,0.7918155,1.8004794,3.3185325,21
596,9,58.23076,34.39459,15.416273,28.074232,52.933895,21
596,10,159.53304,54.655384,99.06243,104.925,147.96115,21
596,11,230.96008,58.196346,156.65991,180.52574,221.0808,21
596,12,273.51367,62.16127,200.0738,219.05249,271.4736,21
597,1,223.69846,100.01556,122.915695,146.086,214.60144,21
597,2,213.25935,66.45763,145.3728,153.79323,213.76352,21
597,3,231.16313,85.70367,131.53862,160.08733,220.07893,21
597,4,130.26941,59.12035,81.22944,88.798416,116.72047,21
597,5,33.235786,30.48919,6.9241323,16.229603,25.835018,21
597,6,1.1930594,2.4628649,0.0,0.0,0.009215529,21
597,7,0.31381494,0.65736544,0.0,0.0,0.0,21
597,8,1.0062191,2.6647823,0.117926866,0.118212774,0.22632338,21
597,9,21.2029,13.600568,7.207159,8.210123,19.43952,21
597,10,93.233215,43.897392,50.418846,53.75785,84.808716,21
597,11,161.29243,42.869537,100.39292,119.51068,164.8586,21
597,12,194.09946,45.234047,160.6257,163.43314,179.35266,21
598,1,208.42053,105.51833,80.83429,143.57777,199.33864,21
598,2,201.10934,65.39616,131.86263,136.39511,199.70569,21
598,3,213.53084,87.65497,110.32593,134.3758,195.33888,21
598,4,95.15733,43.9199,56.682236,60.946423,83.33627,21
598,5,27.184631,26.918537,10.129711,10.415789,21.290356,21
598,6,0.63190526,1.0684184,0.0,0.0,0.0,21
598,7,0.29391733,0.8076219,0.0,0.0,0.0,21
598,8,1.0554453,3.147565,0.0,0.0,0.0,21
598,9,18.219519,12.346089,5.725228,7.690731,13.520594,21
598,10,80.12093,41.36384,34.780544,48.472237,73.22778,21
598,11,164.46677,48.8562,102.72659,136.69775,155.73338,21
598,12,169.07973,39.576015,133.89568,138.53601,163.83614,21
599,1,63.06664,66.85939,11.971328,13.618514,40.92404,21
599,2,52.99546,29.182648,26.71444,28.467953,44.447273,21
599,3,82.12219,47.35264,28.557123,44.565754,83.086525,21
599,4,54.158646,46.423267,6.858997,14.566362,32.68146,21
599,5,41.327396,35.500145,12.560836,15.753536,34.917793,21
599,6,37.820454,14.004075,23.135174,27.56923,34.30976,21
599,7,27.61329,8.231838,19.210146,21.411665,26.322037,21
599,8,12.566193,3.5812075,8.536223,9.5779,12.776152,21
599,9,5.9577656,3.191265,2.5120196,3.785942,5.173918,21
599,10,7.447869,8.833279,0.8725043,1.4130498,4.6242857,21
599,11,19.667751,14.093502,6.2873487,7.890189,14.58682,21
599,12,35.951916,25.843647,10.94346,11.509083,27.088188,21
600,1,69.03191,66.75609,22.01938,25.53466,48.583057,21
600,2,74.17849,39.639107,34.377693,38.508842,67.77614,21
600,3,109.18102,61.486687,32.41861,65.903496,105.57838,21
600,4,74.693924,52.80412,22.69103,24.109922,58.30092,21
600,5,65.02963,44.27234,18.157688,32.507175,65.063354,21
600,6,57.908356,27.47101,26.35048,34.408794,59.06326,21
600,7,45.747955,10.792414,29.863932,36.49337,46.871685,21
600,8,24.924622,8.12948,16.449297,18.55933,23.794596,21
600,9,9.597716,3.3158808,6.2901473,6.873711,8.997034,21
600,10,9.9392395,8.4795065,2.6913593,3.2701447,6.2926373,21
600,11,17.503536,9.271446,7.5774784,11.096995,15.79475,21
600,12,30.70618,19.201286,11.213701,12.511766,29.341948,21
601,1,256.65814,88.304596,157.06842,199.0338,255.1374,21
601,2,241.50621,59.43794,171.82529,191.97302,245.97969,21
601,3,246.69324,69.67746,158.22777,189.63475,245.25241,21
601,4,164.76562,66.0258,106.280815,111.87597,146.21564,21
601,5,57.390125,38.819187,19.432322,27.5295,44.83602,21
601,6,1.5974599,2.8109415,0.0,0.0,0.24609567,21
601,7,1.1039604,1.5845925,0.0,0.0,0.3164462,21
601,8,2.4912257,4.0712347,0.0,0.044362064,0.67198396,21
601,9,50.79938,31.706581,11.709516,23.084074,43.271404,21
601,10,127.91489,44.79022,75.07198,75.80411,122.07276,21
601,11,218.39426,58.984344,154.09077,170.32918,211.7401,21
601,12,237.08217,57.759785,163.18236,183.63283,240.91064,21
602,1,255.87375,84.348175,154.01645,190.68387,246.84058,21
602,2,280.21857,58.893654,208.58777,229.44876,283.9135,21
602,3,260.41122,72.34172,187.31207,204.01566,259.97485,21
602,4,168.51974,61.738052,107.55066,114.32677,151.22598,21
602,5,51.197166,45.054363,15.227641,22.940788,33.390717,21
602,6,1.5126201,3.0879138,0.0,0.0,0.14016645,21
602,7,0.5940424,0.7968808,0.0,0.0,0.0318287,21
602,8,4.4426947,6.2198043,0.46949854,0.9592515,1.8209611,21
602,9,42.215694,26.040775,11.469649,23.147535,34.787323,21
602,10,119.566536,43.8265,71.7635,78.15825,109.91292,21
602,11,200.60156,51.527596,151.67249,158.11423,192.05902,21
602,12,244.98389,54.9273,189.56493,196.9904,239.25584,21
603,1,108.44982,86.171165,22.489119,26.28009,94.67182,21
603,2,92.30984,47.357582,48.07017,57.098454,83.37642,21
603,3,97.73646,59.501072,20.840864,26.9632,105.19582,21
603,4,52.554398,37.41823,11.084061,27.950714,44.297348,21
603,5,10.722153,8.974424,3.2685094,4.3833895,6.333632,21
603,6,1.2254418,0.43096104,0.7197418,0.87361103,1.1027877,21
603,7,1.2390398,0.30541334,0.91842794,0.9451438,1.2979789,21
603,8,1.212897,0.39367583,0.72577685,0.7535888,1.303091,21
603,9,0.64120847,0.7336096,0.09259133,0.12306848,0.32582247,21
603,10,17.66606,21.805197,0.89108634,1.6056979,9.931678,21
603,11,63.13777,42.376926,17.358803,25.814589,61.946014,21
603,12,65.14138,32.115124,31.58127,39.011185,60.04271,21
604,1,86.058304,81.8217,16.107176,23.270332,71.08468,21
604,2,74.29301,44.41004,34.98551,42.37223,58.21332,21
604,3,74.95212,52.945602,25.850739,27.708485,67.82718,21
604,4,44.93056,31.904608,11.665438,20.386381,44.63222,21
604,5,20.744354,10.870243,10.908774,12.000129,16.628387,21
604,6,17.65089,5.756912,13.112535,13.536492,16.124647,21
604,7,14.635984,3.5846725,11.670202,11.928226,13.519351,21
604,8,11.2266,2.6026375,8.506006,8.848832,11.485071,21
604,9,7.7946877,3.0672927,4.5875726,4.91575,6.9084854,21
604,10,23.177044,28.775602,3.6786933,4.08393,9.860148,21
604,11,67.73529,44.708515,6.8726892,26.461992,60.605145,21
604,12,69.964516,38.82267,23.054188,35.11535,70.145256,21
605,1,209.10954,108.55251,92.33887,115.73653,192.21991,21
605,2,182.69576,67.650276,108.9576,112.83538,163.82,21
605,3,205.67064,92.575134,113.67028,134.33371,201.03218,21
605,4,93.10502,45.060093,49.502693,54.945515,92.21184,21
605,5,24.680193,25.769688,4.7586207,9.811789,16.36171,21
605,6,1.0053886,1.9342473,0.0,0.0,0.064316675,21
605,7,0.28199407,0.5436155,0.0,0.0,0.0,21
605,8,0.4599549,1.7269874,0.0,0.0,0.021235695,21
605,9,13.56529,9.659148,2.430967,3.1810706,11.576818,21
605,10,73.29701,44.642162,37.362,38.383293,66.10994,21
605,11,159.37854,53.400543,81.97781,125.78589,155.10654,21
605,12,180.71887,47.56069,120.516685,138.25258,186.72069,21
606,1,206.03148,117.884125,93.28436,106.67795,182.21353,21
606,2,167.1847,58.195175,100.22907,100.92365,159.68535,21
606,3,185.4189,88.09096,95.12852,120.07543,182.34431,21
606,4,75.64791,35.728104,37.817448,52.018806,73.385254,21
606,5,22.798346,25.657291,4.1753483,8.29886,14.652304,21
606,6,0.58805895,0.9503212,0.0,0.0,0.0,21
606,7,0.2875381,0.56665814,0.0,0.0,0.0,21
606,8,0.54069287,1.935013,0.0,0.0,0.0,21
606,9,13.812292,9.517348,4.2709785,5.5619802,11.361826,21
606,10,67.3193,39.545696,31.142706,34.985966,60.696167,21
606,11,155.62888,55.54559,82.880394,110.61727,151.65396,21
606,12,170.04636,45.79571,113.76716,119.88925,181.613,21
607,1,178.71716,103.722,71.83135,89.188995,157.94153,21
607,2,151.14041,47.156044,91.17361,98.69327,164.43541,21
607,3,164.15012,73.417274,82.92534,103.67845,160.75743,21
607,4,73.62779,35.97558,35.776787,54.487274,70.72162,21
607,5,19.083208,23.484179,4.45829,6.2556076,11.006079,21
607,6,0.64243996,1.0473177,0.0,0.0,0.06746686,21
607,7,0.2450601,0.5361055,0.0,0.0,0.0,21
607,8,0.22745444,0.43616542,0.0,0.0,0.0,21
607,9,12.566012,9.51451,2.2154973,3.9399765,11.110798,21
607,10,60.30596,41.891785,24.395048,24.97351,49.219494,21
607,11,137.9193,53.78713,81.99569,101.72206,129.70226,21
607,12,159.9647,46.76041,101.96371,108.77805,162.89201,21
608,1,160.84631,92.25697,55.669918,79.21476,140.62282,21
608,2,139.53107,43.31084,91.618454,96.089874,137.04999,21
608,3,153.20535,70.08023,79.28645,96.223465,155.5975,21
608,4,77.94213,39.687595,31.28306,43.816193,73.25129,21
608,5,19.019985,23.677084,0.94817036,6.7497034,10.336319,21
608,6,0.44995785,0.8241109,0.0,0.0,0.0,21
608,7,0.35492283,0.8723231,0.0,0.0,0.0,21
608,8,0.1147045,0.21684586,0.0,0.0,0.0,21
608,9,8.6614275,7.52372,0.39420918,0.4041416,8.680948,21
608,10,56.494896,41.34671,16.27439,19.890858,50.12313,21
608,11,128.58794,47.664562,82.373,98.80319,123.63763,21
608,12,151.21507,45.787594,96.41773,114.93097,144.57684,21
609,1,271.5897,46.021515,210.70549,238.19356,269.72717,21
609,2,234.6488,45.667484,178.78502,189.25815,230.52478,21
609,3,276.85007,54.177616,215.38977,221.56425,277.5099,21
609,4,186.79861,49.207157,143.91037,150.00098,185.16507,21
609,5,86.7698,26.456032,57.6581,59.32667,81.51364,21
609,6,32.864994,17.982347,15.3418255,18.63873,26.026438,21
609,7,23.004519,16.596216,9.753418,10.609625,16.50975,21
609,8,43.4539,19.371883,24.022459,26.716675,36.404472,21
609,9,83.881615,25.490927,56.125134,60.99264,77.41871,21
609,10,145.70149,30.150438,107.76394,125.63578,148.66348,21
609,11,194.24454,41.25376,139.83124,158.14206,200.80252,21
609,12,231.02522,52.31122,171.1996,192.94687,216.3398,21
610,1,266.51666,43.30809,208.20082,239.99422,258.65024,21
610,2,237.97961,40.84942,184.43292,204.05534,228.01654,21
610,3,266.03336,48.20324,199.25777,232.63583,271.02872,21
610,4,179.8243,49.25147,103.46833,158.98997,168.18619,21
610,5,78.51797,25.698555,47.169918,56.829796,78.82622,21
610,6,29.367619,17.042576,13.910225,15.781238,23.015057,21
610,7,18.22385,14.086185,8.303478,9.42515,13.307282,21
610,8,47.39814,24.857365,22.019352,25.477978,45.237423,21
610,9,84.81266,28.961697,57.8943,64.06678,79.09209,21
610,10,141.07729,25.509665,111.18144,115.34644,140.08418,21
610,11,199.49823,40.5137,146.53781,174.88077,195.90442,21
610,12,231.46413,58.526142,163.41898,179.07489,224.55536,21
611,1,344.0146,48.199184,305.0011,311.25803,339.64758,21
611,2,308.3978,47.361874,246.87259,274.5348,302.5877,21
611,3,320.4816,52.84455,263.75717,283.58398,318.76462,21
611,4,150.54158,34.395912,111.517746,131.3638,141.40314,21
611,5,61.779793,21.51479,41.46224,45.91986,61.092537,21
611,6,17.569544,11.796871,6.855525,8.270833,13.07563,21
611,7,9.0245285,6.5018706,1.7930368,4.290094,7.5992928,21
611,8,23.551771,11.456483,10.446802,13.720406,21.094435,21
611,9,75.80175,29.278627,36.959457,55.24217,68.931244,21
611,10,149.07166,19.468962,128.50992,134.5246,152.0206,21
611,11,208.19322,41.89246,152.66476,165.99356,206.70296,21
611,12,288.46655,53.773712,229.259,240.81252,294.98282,21
612,1,347.75424,44.412678,300.18814,331.40015,340.49905,21
612,2,299.12976,47.001095,238.85663,265.71854,297.40314,21
612,3,326.01382,57.604416,270.607,280.52777,314.73752,21
612,4,156.28087,34.682167,104.94549,132.50757,159.22806,21
612,5,64.388756,21.170765,47.041267,48.93415,57.937294,21
612,6,18.1106,10.64071,7.097569,8.739079,16.202703,21
612,7,10.326698,7.076297,3.3848784,5.1937966,7.1896186,21
612,8,30.672274,17.0738,12.292286,14.413605,26.623735,21
612,9,87.35876,41.106304,39.22758,56.195427,76.551575,21
612,10,157.87357,26.678255,131.56612,137.22365,154.48871,21
612,11,216.21803,41.644352,168.6337,183.82939,209.95355,21
612,12,297.22046,58.874157,212.29495,230.33432,327.09375,21
613,1,298.34946,43.598236,261.76508,264.3004,296.08664,21
613,2,335.99637,95.79645,234.44763,252.26689,321.15707,21
613,3,308.03363,61.653778,218.9997,273.37994,306.236,21
613,4,159.02483,44.93201,109.679276,120.11032,150.39594,21
613,5,63.71098,37.7302,29.934845,36.516243,54.100597,21
613,6,1.6950833,2.3385224,0.0,0.0,0.38016522,21
613,7,1.6467507,2.137449,0.0,0.04910419,0.31612137,21
613,8,12.126631,11.876895,1.6517787,2.2976909,7.4648223,21
613,9,78.602135,29.510695,46.610992,52.411423,74.60244,21
613,10,175.48218,43.21773,138.12439,148.49225,166.84563,21
613,11,212.33047,46.28635,152.88626,183.25455,214.97751,21
613,12,316.927,46.900383,257.73068,273.87823,312.8485,21
614,1,309.23022,45.944115,245.63147,274.927,307.15836,21
614,2,289.8405,78.914375,217.7378,227.42763,281.16348,21
614,3,289.54303,64.672516,221.79602,239.57416,278.97287,21
614,4,146.81848,58.516037,96.771935,100.78312,137.4204,21
614,5,45.8088,29.595478,12.346198,19.481358,39.806717,21
614,6,1.4019015,1.9042652,0.0,0.0,0.57479715,21
614,7,1.3162867,1.579468,0.0,0.0,0.22889653,21
614,8,8.074511,9.300641,0.04901675,0.22200277,2.7140641,21
614,9,81.49166,33.866222,33.558495,57.24908,74.61103,21
614,10,181.8503,51.894966,123.832344,146.74065,171.96642,21
614,11,225.34756,60.429142,156.70761,166.17935,221.42741,21
614,12,309.2556,49.467983,244.4846,269.75226,317.51526,21
615,1,261.21957,40.75552,200.04622,215.5064,272.33746,21
615,2,270.35553,39.21355,219.88855,237.2414,266.40967,21
615,3,262.1769,34.92474,227.2419,230.56926,252.35312,21
615,4,181.09122,39.521603,139.77345,151.06091,180.0664,21
615,5,82.08933,28.41858,51.99892,57.44935,76.06951,21
615,6,29.40266,14.396532,15.5815935,18.62178,25.965832,21
615,7,21.506367,10.806772,11.663351,13.099718,18.65091,21
615,8,37.441093,17.97085,17.910362,20.102259,37.061337,21
615,9,80.83818,23.411213,56.34881,62.34639,85.09241,21
615,10,138.15512,24.375742,108.82562,117.12311,131.4442,21
615,11,200.95859,34.2386,155.60634,177.34077,206.1793,21
615,12,240.53102,45.91252,183.6936,206.9307,241.92278,21
616,1,256.24393,47.86304,204.15302,212.01274,249.51822,21
616,2,235.52698,44.22957,186.20448,194.72809,224.3229,21
616,3,251.87633,44.523327,196.66617,222.1188,244.37442,21
616,4,168.77916,44.856075,116.04247,140.55173,161.82884,21
616,5,80.987465,27.481747,47.28313,55.400364,81.12148,21
616,6,27.614292,16.506275,11.292661,13.054751,24.037275,21
616,7,17.725,15.565991,7.9296684,8.764292,12.320154,21
616,8,43.529877,25.146957,18.210934,19.768139,37.36053,21
616,9,77.11813,24.028667,53.443634,56.321903,78.016594,21
616,10,134.72375,24.956068,105.653564,113.81913,139.41324,21
616,11,196.9498,42.366627,140.22629,166.32181,198.35936,21
616,12,236.2769,63.326603,175.86197,177.46587,229.56006,21
617,1,52.941708,57.414165,12.650798,13.010118,35.67653,21
617,2,47.73648,32.653645,18.1569,20.659798,39.05103,21
617,3,70.53939,50.398006,23.742937,25.703445,63.96355,21
617,4,62.035408,49.502453,14.802302,17.94192,53.82043,21
617,5,69.18133,53.43488,18.098782,31.953547,60.815624,21
617,6,72.56054,24.943316,37.41106,54.293232,70.98367,21
617,7,52.063652,14.345127,33.83359,38.899307,53.196465,21
617,8,32.104122,10.074982,21.980925,25.975107,29.422174,21
617,9,17.424051,7.256361,10.922878,12.419558,13.728433,21
617,10,14.148576,12.515692,4.724331,5.2776,8.483138,21
617,11,18.124685,15.324329,3.5216322,4.57623,14.113326,21
617,12,35.183372,26.481102,10.313163,13.054107,25.70124,21
618,1,47.260117,46.839344,10.47531,15.593929,27.404345,21
618,2,52.658436,38.50156,20.464146,20.938948,38.225517,21
618,3,64.39408,41.523067,18.745441,28.526896,63.666157,21
618,4,47.65639,38.25616,14.129033,17.16749,35.31146,21
618,5,78.85903,54.932323,24.602524,42.029312,62.551853,21
618,6,65.118576,26.235813,39.566547,48.278984,63.06662,21
618,7,75.27388,19.331038,49.961456,55.84797,75.05159,21
618,8,43.929157,15.735751,25.205448,28.444868,39.429607,21
618,9,20.615341,9.251275,12.060692,12.184803,18.699013,21
618,10,11.033344,7.910828,4.2121625,5.182208,7.52259,21
618,11,14.470317,11.801527,3.224094,3.6403904,13.914564,21
618,12,29.199509,19.387014,10.077145,10.773539,22.793377,21
619,1,266.01886,65.84172,185.71404,218.20343,255.33504,21
619,2,254.623,61.53916,169.3199,213.11949,252.11465,21
619,3,249.56654,71.80715,175.2582,181.93098,245.82945,21
619,4,177.94275,60.701492,105.359055,124.816475,186.17406,21
619,5,58.67709,35.70272,29.584024,36.857716,50.1107,21
619,6,1.4230143,2.2058008,0.0,0.0,0.2667863,21
619,7,0.7365999,1.4496453,0.0,0.0,0.0,21
619,8,5.1118097,6.2382193,0.0,0.0,2.7121475,21
619,9,45.859947,21.00774,17.577961,29.229267,41.647354,21
619,10,160.8737,53.25116,110.57758,115.38303,142.11491,21
619,11,220.52776,48.366245,165.28468,189.94183,216.0234,21
619,12,267.17957,55.207825,187.52188,230.09251,274.0229,21
620,1,259.5212,72.04499,184.50017,214.73814,245.18988,21
620,2,265.25677,67.25095,164.61774,214.10484,247.34428,21
620,3,240.77007,74.010735,165.86935,177.69365,223.62744,21
620,4,171.17177,64.035484,100.44284,115.00901,168.0268,21
620,5,56.708138,31.30967,30.971228,32.664795,50.91445,21
620,6,1.5547972,2.2539997,0.0,0.0,0.20137551,21
620,7,0.8449036,1.3073225,0.0,0.0,0.0,21
620,8,5.22005,6.678019,0.0,0.0,0.7859696,21
620,9,43.63919,20.07569,16.153217,26.812792,43.132957,21
620,10,158.7184,56.78158,102.82591,106.67504,135.60997,21
620,11,222.61263,50.37325,174.8892,185.2793,224.87465,21
620,12,258.57016,55.978245,180.83115,211.7441,262.04623,21
621,1,142.32176,87.4228,53.02453,69.39039,129.18707,21
621,2,138.91855,42.42903,78.57839,117.94954,135.53065,21
621,3,138.56418,68.798935,62.721878,77.007416,134.53828,21
621,4,82.849205,51.836212,19.787594,45.079716,76.11527,21
621,5,15.671145,17.266287,0.9601625,3.5844142,8.694856,21
621,6,0.24716976,0.45344833,0.0,0.0,0.0094077615,21
621,7,0.1666465,0.34943634,0.0,0.0,0.0,21
621,8,0.08123653,0.16925417,0.0,0.0,0.0,21
621,9,6.1643457,5.674449,0.3987224,1.0644342,5.6745343,21
621,10,46.76717,36.703278,9.793924,12.400479,41.612755,21
621,11,118.93568,46.93995,62.958828,87.61142,116.5715,21
621,12,142.403,46.571796,93.254,106.69245,131.03061,21
622,1,166.49138,97.48173,55.9793,82.30592,164.65344,21
622,2,168.20396,58.712852,99.47064,99.89414,162.97395,21
622,3,156.05771,87.933044,60.30162,76.8944,158.41586,21
622,4,81.59138,47.751957,24.961405,46.21777,79.766235,21
622,5,18.32258,20.65857,5.069838,6.261971,10.535528,21
622,6,0.5694556,0.94303715,0.0,0.0,0.11728989,21
622,7,0.17455769,0.39581892,0.0,0.0,0.0,21
622,8,0.040988334,0.13686106,0.0,0.0,0.0,21
622,9,11.925993,9.723037,4.1407433,4.308434,9.965641,21
622,10,59.331356,45.13133,18.56793,22.474642,49.77808,21
622,11,143.29938,55.996925,77.696686,96.664566,134.23851,21
622,12,172.83821,57.819447,117.59914,118.23247,148.67264,21
623,1,267.73297,85.11701,171.98965,200.0606,250.8563,21
623,2,243.84752,60.20957,183.00891,188.68776,237.96,21
623,3,267.95053,88.77645,153.40166,205.97186,256.68298,21
623,4,161.55885,68.556015,86.7632,114.02649,145.34947,21
623,5,47.26618,35.003826,15.488775,17.821112,44.7015,21
623,6,1.0711881,1.7878342,0.0,0.0,0.21267892,21
623,7,0.80617315,1.1988431,0.0,0.0,0.18010822,21
623,8,1.6683884,3.6677759,0.0,0.0,0.22086528,21
623,9,31.103806,20.227793,8.968437,16.858313,26.138023,21
623,10,113.275505,46.27191,63.38497,70.27613,106.95004,21
623,11,208.01753,63.55549,137.21074,157.07861,186.71025,21
623,12,267.86353,62.512856,202.20778,213.3171,254.05559,21
624,1,36.711567,38.80671,7.8616757,14.793071,21.543222,21
624,2,42.329597,30.326134,11.360274,15.62381,34.948532,21
624,3,51.76497,35.780178,17.293678,19.511936,49.970024,21
624,4,48.382977,30.73259,18.883621,23.833427,44.627163,21
624,5,74.783226,44.432167,25.923326,42.90752,63.12695,21
624,6,80.94336,22.377077,58.21812,61.933907,83.86076,21
624,7,72.99957,20.939667,45.242588,55.783226,72.73334,21
624,8,44.899906,13.7313175,27.893559,34.809937,41.88445,21
624,9,25.667057,11.1814375,16.239424,16.791933,21.946535,21
624,10,15.072196,9.199964,7.3616595,7.5727844,10.231377,21
624,11,15.898046,15.349598,0.8456295,4.6881,10.173293,21
624,12,25.328476,21.675882,6.801871,8.327834,19.132975,21
625,1,51.53377,55.184895,15.599091,19.691336,29.244112,21
625,2,62.27144,38.533077,22.476261,26.913763,57.530804,21
625,3,82.55084,47.34469,26.654564,45.362015,78.783226,21
625,4,70.03406,48.24792,21.514565,29.262627,61.151077,21
625,5,84.30282,54.213554,33.448715,42.327713,82.10355,21
625,6,80.75721,45.54331,40.995632,48.51313,64.93347,21
625,7,81.473694,18.162218,55.99103,66.534035,83.3645,21
625,8,53.0185,17.949738,31.280647,32.650734,57.67781,21
625,9,23.934895,9.578753,13.855651,15.069789,19.716291,21
625,10,15.825664,11.579144,7.493749,7.8413596,11.518915,21
625,11,15.729184,9.843582,6.746494,7.5401,11.04926,21
625,12,27.317104,20.066896,9.237838,10.846499,22.227163,21
626,1,257.2274,69.58406,157.69539,185.27045,262.90823,21
626,2,244.4538,53.766773,183.80687,196.26828,236.95433,21
626,3,259.02243,70.99312,145.96695,198.78632,272.64594,21
626,4,158.38686,67.036095,98.7387,104.713646,132.74654,21
626,5,51.363358,38.99068,17.694471,18.407969,56.416294,21
626,6,1.2133585,1.8202001,0.0,0.031052744,0.21226771,21
626,7,0.6169364,0.988897,0.0,0.0,0.10544064,21
626,8,1.994547,3.720702,0.073874876,0.19407968,0.37317032,21
626,9,33.178867,22.25713,11.893011,13.520936,25.815409,21
626,10,116.03797,49.498272,52.05282,71.75687,117.173294,21
626,11,210.05276,64.54269,132.35194,146.94908,189.86604,21
626,12,272.62857,68.70201,198.03075,213.39388,256.71143,21
627,1,281.359,72.850876,185.98724,214.01428,288.96036,21
627,2,245.8814,53.051365,196.52782,204.74152,227.18958,21
627,3,257.49823,94.513695,171.83157,184.80711,229.91818,21
627,4,144.1897,59.164932,89.664116,93.45037,124.81781,21
627,5,40.335014,26.530985,16.844217,20.20017,34.02685,21
627,6,0.843695,1.0811849,0.0,0.0,0.38188022,21
627,7,0.5531353,0.8160052,0.0,0.0,0.23852798,21
627,8,4.7168193,5.9716673,0.034825377,0.122420445,1.876187,21
627,9,42.382797,21.627298,13.99761,21.634651,39.139206,21
627,10,151.22192,59.93046,95.34966,105.1295,144.11882,21
627,11,211.22368,50.338253,150.10532,163.78586,218.18199,21
627,12,270.1469,49.445858,205.83719,228.12294,263.82727,21
628,1,274.48068,78.63488,181.38026,210.4827,263.9798,21
628,2,273.0223,70.82032,178.60393,221.91948,255.38786,21
628,3,240.15714,70.6349,177.5862,189.29495,210.77739,21
628,4,160.2149,61.455883,99.59482,109.74083,141.93814,21
628,5,56.270905,33.240074,25.668058,36.081917,42.88553,21
628,6,1.0531676,1.7659904,0.0,0.0,0.0,21
628,7,0.9875008,1.6227255,0.0,0.0,0.0,21
628,8,5.744448,8.171646,0.0,0.0,0.9179324,21
628,9,47.417015,23.21597,15.365252,26.143074,47.041817,21
628,10,154.8842,60.659054,92.319595,100.77203,135.19235,21
628,11,230.3343,51.411705,169.94305,194.57857,233.44125,21
628,12,250.74335,55.908115,182.77577,190.34584,256.20154,21
629,1,36.750954,42.887585,8.476593,11.347267,18.196068,21
629,2,45.60509,33.056515,12.0795355,18.586033,38.306206,21
629,3,55.94071,37.42272,16.47277,20.709145,54.325867,21
629,4,63.09848,37.42643,24.891506,30.142668,61.62291,21
629,5,115.81059,59.15704,45.834846,70.7525,115.32566,21
629,6,88.01753,39.411907,48.598183,54.703316,75.340416,21
629,7,110.46544,22.94941,81.59041,88.61464,107.45879,21
629,8,58.583305,18.512629,37.086754,43.946255,56.111122,21
629,9,38.332687,16.11027,22.26062,23.45738,36.271347,21
629,10,19.764648,14.821703,8.388412,9.566432,12.442311,21
629,11,14.419908,11.629015,2.660164,6.4549704,9.743274,21
629,12,23.473864,17.858253,7.3692966,10.268792,17.28421,21
630,1,36.47016,42.837494,9.151135,10.262543,21.372787,21
630,2,41.1853,25.58014,11.578035,18.830425,39.974083,21
630,3,49.581234,34.925346,16.701653,19.18485,49.176006,21
630,4,60.090473,35.87917,26.17478,30.0453,47.37435,21
630,5,93.123604,50.62297,46.702763,64.422424,78.1795,21
630,6,109.152916,26.846292,77.68015,81.16963,105.28561,21
630,7,101.718704,22.477404,72.98676,78.05305,104.266884,21
630,8,48.757233,14.32819,31.08237,35.97879,49.38799,21
630,9,34.556454,13.456819,22.948193,24.671564,30.154139,21
630,10,22.863718,14.122799,10.344792,10.689625,16.862606,21
630,11,17.622515,14.535671,5.482458,7.111345,12.140743,21
630,12,22.133963,18.939995,6.1727095,9.223131,15.891314,21
631,1,281.9769,64.38331,217.0152,228.19061,278.92105,21
631,2,264.15915,61.82849,185.0353,219.14252,260.5147,21
631,3,275.6774,82.45737,185.67503,208.72961,257.34344,21
631,4,186.7492,65.717514,122.69142,124.071465,176.67613,21
631,5,46.756622,32.26007,19.883762,27.721289,39.375614,21
631,6,2.350097,2.1921513,0.44330525,0.46219993,1.937705,21
631,7,0.5915646,0.9263555,0.0,0.0,0.0,21
631,8,7.3210797,8.749679,0.0,0.0,1.909035,21
631,9,58.02537,28.816574,18.720896,35.63813,52.57907,21
631,10,161.18169,47.74806,111.293015,121.54911,156.24838,21
631,11,219.38144,49.78468,166.40794,179.16196,204.07933,21
631,12,264.30182,51.552517,203.30609,222.84221,249.31023,21
632,1,125.66905,88.79677,22.605776,40.91172,103.41391,21
632,2,110.04514,57.25924,51.43673,66.15634,86.15209,21
632,3,103.609726,66.07263,17.987446,38.3221,111.43012,21
632,4,54.747147,34.16962,15.5205145,28.76345,47.684803,21
632,5,9.670878,8.960326,0.19520932,0.6338019,10.219953,21
632,6,0.12211786,0.20943213,0.0,0.0,0.0,21
632,7,0.07444818,0.18540774,0.0,0.0,0.0,21
632,8,0.008516418,0.027969984,0.0,0.0,0.0,21
632,9,0.871333,2.2410045,0.0,0.0,0.024575341,21
632,10,26.169956,31.749401,1.3638502,4.137256,17.09737,21
632,11,83.751915,60.039772,26.616667,38.390865,62.30381,21
632,12,63.61824,33.25154,28.017647,33.651325,57.96622,21
633,1,98.28505,76.466995,27.408455,32.875343,78.85237,21
633,2,82.30447,44.555157,39.30923,42.291462,76.916306,21
633,3,86.531166,60.756954,20.355406,28.838081,84.53542,21
633,4,45.302734,29.823214,8.609788,19.697828,35.810947,21
633,5,12.843391,6.6493187,6.7661514,7.849123,9.399088,21
633,6,8.898055,1.8829511,7.014208,7.346423,8.865143,21
633,7,6.628686,1.0686281,5.4117045,5.631608,6.209208,21
633,8,4.1096597,1.120961,3.0782356,3.3194568,3.8167129,21
633,9,4.4232416,3.0338585,2.223061,2.3244083,3.899412,21
633,10,26.422012,31.313858,2.077995,3.3824596,20.127445,21
633,11,85.26093,47.154255,36.30129,39.73215,79.375336,21
633,12,90.81195,48.566414,36.722015,42.124542,90.728065,21
634,1,276.2264,64.22728,210.15887,226.12242,273.71783,21
634,2,255.92982,61.71166,166.06519,207.32886,255.26193,21
634,3,262.1608,89.72759,176.93318,180.02748,230.03618,21
634,4,172.93217,57.607395,119.16723,122.456665,159.17383,21
634,5,52.92524,35.092785,26.007055,31.821514,43.00756,21
634,6,1.0534316,1.3816422,0.0,0.0,0.2963171,21
634,7,0.6074673,0.8273169,0.0,0.0,0.18942274,21
634,8,6.6446395,8.066268,0.0,0.0,2.2885804,21
634,9,53.675385,28.702148,16.528,33.691597,49.59062,21
634,10,156.40283,49.973534,109.59138,113.02138,138.84937,21
634,11,218.92752,49.512474,151.45703,189.77652,222.95845,21
634,12,260.90552,51.946587,201.50491,213.21947,257.61273,21
635,1,349.68753,68.13201,262.99896,293.15244,334.3637,21
635,2,321.43805,74.52325,251.63593,270.63724,311.54636,21
635,3,334.45682,63.355793,278.8743,285.95377,319.8036,21
635,4,171.46858,70.25929,93.99187,107.70481,153.93523,21
635,5,52.19593,21.179005,35.653778,36.339855,42.49586,21
635,6,6.031343,5.747171,0.39442182,0.7746766,5.470958,21
635,7,3.663486,3.2471583,0.0,1.3960637,2.0859208,21
635,8,14.963776,14.433111,0.0,0.409251,11.644564,21
635,9,108.702545,34.441837,61.090652,80.5868,108.65488,21
635,10,200.55348,43.48658,155.75005,166.4061,198.22742,21
635,11,225.64603,44.72604,173.18048,183.56877,223.65428,21
635,12,334.0442,60.9542,260.5035,291.52875,348.19003,21
636,1,348.0215,52.720646,289.9383,299.05566,348.82428,21
636,2,323.39105,69.4795,243.58794,278.20456,319.7168,21
636,3,333.64542,64.99054,266.14532,282.43213,321.03516,21
636,4,181.88962,66.46855,104.45911,124.56694,178.1751,21
636,5,51.438564,26.60483,22.311453,30.435555,41.897865,21
636,6,4.819579,5.3160405,0.21033086,1.8604684,2.9578514,21
636,7,2.3588803,2.5788212,0.039185494,0.40435743,1.0986532,21
636,8,12.802021,12.762348,0.8313267,1.9954165,7.197258,21
636,9,93.36297,31.023792,64.56438,70.6516,97.78956,21
636,10,182.75247,33.22127,142.85324,147.54262,183.21408,21
636,11,236.70187,43.11921,191.19464,200.62285,227.28853,21
636,12,344.12637,58.62931,257.78586,295.25317,353.74265,21
637,1,302.03833,43.828323,261.69443,263.80798,296.90384,21
637,2,283.11334,52.786907,226.07718,249.83252,274.80594,21
637,3,289.59933,50.460567,221.47191,234.86624,287.35583,21
637,4,168.43977,37.932587,115.706726,136.7232,171.62784,21
637,5,85.95577,26.710583,42.397125,74.06653,85.7168,21
637,6,20.659904,11.670472,9.449714,10.141384,17.05191,21
637,7,14.41361,8.935914,7.0415006,7.427262,10.862804,21
637,8,42.2559,21.831602,19.536213,21.77987,37.369434,21
637,9,89.73311,33.00353,50.487415,58.029896,88.355576,21
637,10,154.89615,28.52731,119.979675,133.04819,147.04057,21
637,11,216.81468,39.145424,153.42177,186.07477,215.53148,21
637,12,259.77124,46.55515,204.55522,215.31569,270.24527,21
638,1,323.83694,35.27948,287.48148,308.34756,323.72498,21
638,2,286.14243,48.740322,233.52682,243.9564,284.37332,21
638,3,302.84045,50.69737,240.1835,253.96272,303.07025,21
638,4,152.20651,35.50259,106.39182,132.65274,156.1846,21
638,5,71.588875,22.409899,47.780598,57.629333,68.56115,21
638,6,18.528214,11.296286,7.3318577,8.104937,14.650646,21
638,7,14.464925,9.020985,6.566051,6.9927917,11.387673,21
638,8,31.117727,17.568502,12.00192,15.215494,29.052654,21
638,9,92.45616,34.498566,52.634674,62.483505,80.57803,21
638,10,157.45615,31.932032,120.76242,128.63101,153.93723,21
638,11,215.18918,36.069275,173.86137,183.45811,218.28253,21
638,12,259.03946,48.82619,189.20222,214.21527,254.80664,21
639,1,316.50055,40.032524,259.7231,277.9399,313.8521,21
639,2,337.7355,114.80655,235.4577,252.68787,301.48688,21
639,3,304.1,56.69174,247.6587,267.14966,295.0326,21
639,4,158.68636,54.89673,98.04361,119.92974,144.64307,21
639,5,38.123634,23.853327,15.512802,18.649054,32.352066,21
639,6,2.4923892,3.3116918,0.0,0.0,1.2084948,21
639,7,1.7355717,1.7931719,0.10701474,0.40359217,0.6790726,21
639,8,8.714458,9.78027,0.0371329,0.29407996,4.2105746,21
639,9,87.28759,35.02772,59.39322,60.00443,86.080925,21
639,10,157.9106,31.990263,127.90201,139.59686,156.02202,21
639,11,232.09969,45.567585,180.56673,185.52785,227.68443,21
639,12,318.28375,49.491432,251.2735,279.7047,321.86118,21
640,1,313.69742,42.155777,261.14902,268.33545,306.2734,21
640,2,323.46927,102.532646,243.3987,252.43242,300.49258,21
640,3,296.57886,65.351524,222.26225,249.83987,286.94693,21
640,4,155.53773,54.9121,98.6464,111.5029,136.1656,21
640,5,44.387325,29.774487,15.459127,19.324064,41.37036,21
640,6,2.175875,2.845678,0.0,0.051351376,0.9103569,21
640,7,2.272201,2.8785384,0.0,0.13133377,0.39274818,21
640,8,10.778151,12.479339,0.0,0.30566847,4.860102,21
640,9,95.67213,39.054317,48.719433,67.435234,85.991325,21
640,10,180.23337,43.565647,134.50217,142.91599,170.78358,21
640,11,224.53458,53.84419,172.6391,180.75574,216.35014,21
640,12,316.3276,57.31138,251.78796,261.39023,316.49707,21
641,1,123.09088,78.992775,39.99428,51.156185,122.08761,21
641,2,113.13316,46.45134,59.723446,73.671326,96.10181,21
641,3,117.15517,67.92406,39.29592,50.028755,112.656105,21
641,4,66.5848,39.40407,21.97189,37.567993,59.69345,21
641,5,10.072269,9.670533,0.17578578,1.035151,8.145007,21
641,6,0.18958223,0.31321374,0.0,0.0,0.0,21
641,7,0.07678987,0.18078879,0.0,0.0,0.0,21
641,8,0.031603582,0.06858424,0.0,0.0,0.0,21
641,9,2.735824,4.0267086,0.0,0.15634218,1.2288506,21
641,10,36.883595,31.102505,6.0287094,8.20205,30.106586,21
641,11,96.704956,42.474514,47.54197,64.041084,94.202675,21
641,12,101.06239,40.814907,63.231915,66.21288,97.39048,21
642,1,109.16637,77.36568,27.288437,41.08502,99.65702,21
642,2,98.185814,52.73512,37.97501,64.464745,77.72746,21
642,3,107.681435,65.77343,21.453331,34.789307,111.14813,21
642,4,54.733997,38.36232,14.643097,23.89445,43.35043,21
642,5,10.4307375,10.110057,1.9225308,2.757201,6.7504025,21
642,6,0.03828464,0.15659498,0.0,0.0,0.0,21
642,7,0.0010887578,0.0049893153,0.0,0.0,0.0,21
642,8,0.0,0.0,0.0,0.0,0.0,21
642,9,0.73559856,1.9929345,0.0,0.0,0.0,21
642,10,21.163757,24.238487,0.0,2.9460297,15.661394,21
642,11,73.193985,47.765625,27.657515,34.34571,68.2723,21
642,12,73.126305,39.83496,25.418114,38.72596,68.3747,21
643,1,264.65134,105.0781,156.61284,168.529,244.52661,21
643,2,228.05241,65.314064,155.24428,167.34103,236.21046,21
643,3,246.82236,85.386795,123.944885,166.89679,243.26239,21
643,4,153.10526,69.00384,77.185036,103.45026,139.17097,21
643,5,40.124283,32.879036,10.885242,15.218638,34.85987,21
643,6,1.2015734,2.6762826,0.0,0.0,0.035259847,21
643,7,0.25584382,0.5827958,0.0,0.0,0.0,21
643,8,0.6440599,1.8760976,0.0,0.0,0.0,21
643,9,17.320208,13.046271,3.6068747,6.187918,17.16519,21
643,10,99.920654,54.748814,50.375774,54.09039,91.86859,21
643,11,185.35883,51.051365,104.44284,149.08685,181.10762,21
643,12,253.1844,69.23362,185.59398,193.9837,229.93321,21
644,1,280.99362,90.86019,166.71619,188.80339,277.52347,21
644,2,226.15958,63.95061,158.03897,176.34251,219.55377,21
644,3,280.23383,90.79896,137.77052,210.57811,278.85678,21
644,4,145.08746,62.50864,78.81522,94.97981,131.5277,21
644,5,44.423565,33.05822,10.617943,15.198535,44.23313,21
644,6,1.0187414,1.5081292,0.0,0.0,0.17594041,21
644,7,0.5494863,1.0678996,0.0,0.0,0.0,21
644,8,0.84260875,2.3356535,0.0,0.0,0.0,21
644,9,23.317509,15.111378,5.794218,10.48786,21.50195,21
644,10,112.04334,57.938652,52.67197,65.59659,102.84141,21
644,11,199.2457,62.171978,111.77238,149.29901,194.96721,21
644,12,280.69748,79.17969,206.48552,214.13777,249.29242,21
645,1,294.5846,87.91305,191.1498,235.90889,281.3101,21
645,2,269.96866,65.40804,186.6314,215.28047,271.5738,21
645,3,256.48062,76.312836,189.35828,199.06216,217.78491,21
645,4,147.72311,55.927536,85.69808,97.08031,139.97797,21
645,5,57.968636,34.61856,23.694485,33.092484,49.32914,21
645,6,1.1801409,1.4960132,0.0,0.0,0.12257946,21
645,7,0.8968442,1.5479507,0.0,0.0,0.0,21
645,8,7.095913,10.229296,0.0,0.0,0.45064926,21
645,9,48.16634,23.53208,14.175384,31.09063,46.48557,21
645,10,149.78975,60.694595,88.039825,95.959305,138.0418,21
645,11,227.52739,55.85363,161.91803,172.33261,224.45107,21
645,12,267.34912,57.50333,194.94427,208.35718,264.2418,21
646,1,311.79166,103.01015,194.33926,219.44849,304.65973,21
646,2,282.2201,72.11981,199.3013,215.93051,287.9613,21
646,3,281.39734,69.618866,212.62802,226.19029,257.73895,21
646,4,179.0469,64.6294,117.95556,121.80311,163.60724,21
646,5,56.408104,35.485374,26.705236,28.194103,49.857002,21
646,6,1.4002005,2.0832636,0.0,0.0,0.15588321,21
646,7,0.8478797,1.5675255,0.0,0.0,0.022810802,21
646,8,5.522373,7.3436375,0.10083039,0.42479908,1.6111243,21
646,9,45.572735,24.63899,16.151848,20.164482,47.145123,21
646,10,150.79553,60.256134,74.94705,92.32255,142.1151,21
646,11,231.37576,62.45208,155.45485,174.28023,225.20871,21
646,12,288.90933,68.7438,219.77155,224.82703,274.09717,21
647,1,333.327,63.16947,251.3314,301.25592,324.9069,21
647,2,323.70047,72.15783,252.09633,263.54858,313.64154,21
647,3,350.86383,63.325356,296.1431,298.59317,332.21613,21
647,4,163.25677,61.0788,92.75468,110.61367,159.42426,21
647,5,57.794014,25.926636,32.81361,37.404404,47.641277,21
647,6,6.8122005,6.417497,0.34142238,1.0156994,6.008324,21
647,7,4.5305505,4.561482,0.42266238,0.94456214,2.6242857,21
647,8,15.572078,15.644966,0.0,0.18488373,11.385621,21
647,9,123.075,41.274857,79.5791,93.44551,115.83351,21
647,10,182.05136,33.30984,138.37886,167.37105,181.48312,21
647,11,244.7127,53.3355,184.87543,194.22424,228.64236,21
647,12,323.62848,63.014076,267.03094,284.16815,329.22842,21
648,1,348.55334,59.04592,271.61838,310.57108,342.38107,21
648,2,315.50366,63.377964,251.98337,272.15598,311.95264,21
648,3,330.65152,66.56262,259.01797,270.28766,316.90576,21
648,4,169.13086,67.27745,77.99276,88.53766,180.85384,21
648,5,48.8273,25.462624,26.113136,28.91985,38.031017,21
648,6,6.300131,5.5306225,1.0589318,1.915913,5.1158338,21
648,7,3.9707906,4.176448,0.055082705,0.2419218,3.6792784,21
648,8,14.449779,15.3039465,0.059854873,0.55437416,6.74442,21
648,9,111.07486,42.360455,61.584785,85.565155,109.3421,21
648,10,176.7671,31.563951,135.98967,156.7527,167.72581,21
648,11,237.33319,57.481586,164.45328,179.82405,237.26051,21
648,12,330.3142,63.282658,265.13577,275.87354,323.19287,21
649,1,117.461975,82.63487,28.350584,33.924564,110.18365,21
649,2,105.55446,54.509544,49.060047,60.99024,92.643715,21
649,3,115.09161,75.27799,20.279736,33.5683,107.126884,21
649,4,63.08696,42.603886,13.854667,25.459747,43.996586,21
649,5,6.6990595,7.3964195,0.44978955,0.9759138,4.2013555,21
649,6,0.05987626,0.13388224,0.0,0.0,0.0,21
649,7,0.0039785113,0.009777102,0.0,0.0,0.0,21
649,8,0.0011360168,0.0038867872,0.0,0.0,0.0,21
649,9,1.5633084,3.490833,0.0,0.0,0.012876562,21
649,10,31.609776,29.154722,5.9149323,8.099709,23.29786,21
649,11,89.60136,49.63007,39.65302,45.69039,79.629166,21
649,12,90.40951,50.385902,39.443665,50.636772,94.341225,21
650,1,108.78554,83.99322,23.060326,39.74451,95.703,21
650,2,89.91942,41.378742,37.05493,57.479637,87.51336,21
650,3,97.60793,66.70453,20.239368,22.381403,100.03526,21
650,4,50.02701,32.708378,12.762319,18.191708,46.29573,21
650,5,7.3499246,5.9347587,2.6216333,2.7160206,4.0791206,21
650,6,3.7089462,0.7016772,2.9882188,3.2795336,3.5087593,21
650,7,1.9648489,0.31733063,1.7302206,1.7366672,1.8545542,21
650,8,0.74161863,0.3158027,0.5007271,0.52748126,0.63670594,21
650,9,3.7534251,3.934868,1.4348394,1.5613635,1.952163,21
650,10,31.676325,35.832508,3.3706822,5.379069,23.599787,21
650,11,94.58415,49.022213,43.23353,51.304813,83.84494,21
650,12,101.827415,54.926136,46.15599,49.74943,100.94786,21
651,1,298.12494,55.665943,229.7367,243.54926,303.4211,21
651,2,263.5865,56.168736,196.52237,217.47299,263.5188,21
651,3,290.80923,92.13173,195.90614,207.34073,288.07504,21
651,4,170.30013,66.62185,119.38959,121.039925,149.81516,21
651,5,51.783722,37.9161,16.761568,23.441332,41.52924,21
651,6,1.0305678,1.4490061,0.0,0.0,0.19784486,21
651,7,0.6103028,0.83323395,0.0,0.0,0.14903958,21
651,8,6.7613525,8.427705,0.0,0.0,1.5529101,21
651,9,62.219513,29.761242,23.668228,36.48601,60.210316,21
651,10,162.66176,52.12598,116.47658,121.91525,148.92627,21
651,11,222.7654,52.152397,158.52823,176.59328,226.09703,21
651,12,275.3005,52.224583,215.26888,231.51767,277.6032,21
652,1,289.56488,64.10906,194.93936,234.3551,302.1903,21
652,2,243.11946,45.954338,186.75766,210.51924,234.86676,21
652,3,265.24545,94.17384,178.16747,198.77771,231.5532,21
652,4,149.33601,56.79527,91.7207,114.69839,137.78311,21
652,5,50.85019,35.37961,21.906292,23.61781,37.849056,21
652,6,1.1150155,1.3181468,0.0,0.0,0.4300169,21
652,7,0.67603713,0.8593317,0.0,0.0,0.060721707,21
652,8,5.9256186,7.9595904,0.0,0.0,1.9021991,21
652,9,47.63199,27.337206,14.625404,25.371832,41.761894,21
652,10,155.79007,58.14742,111.49638,116.61733,144.27513,21
652,11,213.96643,53.021187,159.29958,164.37991,217.44077,21
652,12,263.06137,50.6556,201.58882,225.84293,251.50728,21
653,1,255.3869,59.107765,172.23062,211.7005,248.15123,21
653,2,238.05109,53.13924,170.51295,205.87715,229.266,21
653,3,238.24188,48.3078,189.15881,203.44696,227.16472,21
653,4,155.38126,42.925316,127.53418,131.45923,145.22603,21
653,5,78.93491,28.020468,40.11287,48.081646,77.128586,21
653,6,23.89446,16.194576,6.758759,13.240901,17.648815,21
653,7,12.97416,11.778955,5.8564224,6.1957045,8.890333,21
653,8,36.785442,24.36992,11.748703,14.781292,31.00777,21
653,9,58.259754,16.860512,38.85228,41.168396,60.015812,21
653,10,129.92784,26.389458,89.40201,110.13729,130.59508,21
653,11,189.58818,47.15523,124.07445,157.86526,192.70303,21
653,12,230.14969,68.97093,168.17834,176.53728,222.686,21
654,1,328.74533,54.226265,262.77197,274.72153,324.97766,21
654,2,289.50815,48.2999,227.09224,241.92505,297.79205,21
654,3,308.37167,59.86663,226.09927,259.68176,304.484,21
654,4,137.51065,34.592136,97.46886,105.582924,142.26271,21
654,5,48.20553,18.14968,32.599785,32.73162,47.594353,21
654,6,13.48003,8.742314,7.0616064,7.4223304,9.623744,21
654,7,8.019956,5.5342927,2.0196483,4.003418,6.511966,21
654,8,21.634941,11.026534,11.235712,12.774529,18.837547,21
654,9,68.88967,24.090311,43.21575,53.62077,64.77581,21
654,10,148.13307,27.68701,127.61974,129.8785,139.23978,21
654,11,207.94095,43.03641,163.03566,174.42043,216.73181,21
654,12,294.35864,45.445114,234.76881,253.08739,305.82474,21
655,1,327.8867,54.39529,270.0261,296.06497,317.40515,21
655,2,325.77612,49.797337,259.76727,288.26596,334.65344,21
655,3,334.40796,67.58328,260.71158,267.24612,327.63275,21
655,4,171.67033,52.40227,107.99692,129.87035,162.27652,21
655,5,56.9211,20.532694,36.398674,42.875786,56.363018,21
655,6,14.162154,9.541795,7.2086205,7.873826,10.167505,21
655,7,4.6182346,6.8043885,0.0,0.0,1.4082345,21
655,8,18.130262,11.546486,6.128258,6.7795115,18.311386,21
655,9,86.01164,25.96859,48.29394,68.098236,86.967606,21
655,10,174.51682,38.3426,133.71326,148.24104,169.85379,21
655,11,231.96703,47.257458,176.99382,203.51474,220.174,21
655,12,287.5565,55.82781,206.43355,243.22179,296.1669,21
656,1,255.27783,56.792095,187.15172,211.7743,247.28363,21
656,2,241.15446,48.57755,194.92001,205.65121,233.22763,21
656,3,245.36633,46.81205,180.99078,213.91826,237.4354,21
656,4,156.37018,43.57245,102.527405,129.8397,155.48326,21
656,5,75.38168,21.997639,46.02319,55.139343,76.22538,21
656,6,23.575499,16.01759,8.786763,11.336993,17.59704,21
656,7,10.671556,8.74246,4.5395927,5.6538463,8.062956,21
656,8,37.205025,23.391447,15.554427,18.002703,29.580223,21
656,9,74.709015,23.62232,49.81775,51.909798,77.33983,21
656,10,140.04646,25.778294,109.43083,115.64664,139.98468,21
656,11,193.17657,45.887413,138.60938,146.4432,185.5178,21
656,12,236.38762,66.520424,180.82597,183.44128,219.76889,21
657,1,257.1816,58.71317,180.8488,222.59009,264.25742,21
657,2,231.81073,58.80262,167.37042,181.80602,220.37544,21
657,3,239.36594,42.662754,198.48384,209.90344,231.97975,21
657,4,151.7305,43.50166,109.67795,123.18339,141.39926,21
657,5,78.29998,25.32756,45.765564,51.373737,76.08679,21
657,6,22.841997,15.262585,8.940487,10.509323,17.571442,21
657,7,11.35519,10.23965,5.717999,6.177981,8.274059,21
657,8,33.45378,22.043194,10.706123,13.193327,26.455626,21
657,9,59.46671,20.060593,37.87185,41.002758,61.884216,21
657,10,129.52106,27.04401,97.87087,113.60433,132.55754,21
657,11,186.52434,50.989285,119.63149,143.65121,188.43782,21
657,12,230.23035,66.40977,174.99951,180.79108,207.09125,21
658,1,245.53494,61.338375,178.66527,194.11983,258.48315,21
658,2,233.99632,48.5482,185.35916,194.45915,220.13168,21
658,3,233.48184,43.056618,186.47356,207.97638,222.966,21
658,4,148.5546,45.18245,87.65807,120.54907,152.45564,21
658,5,75.38444,20.87051,49.4057,57.201725,76.98098,21
658,6,22.260464,15.799455,7.049312,10.137657,16.719898,21
658,7,12.355278,8.93555,6.2618585,6.402323,9.531569,21
658,8,23.9035,16.374931,9.348888,10.6593485,17.998127,21
658,9,56.73637,17.928343,35.762707,36.701233,58.266518,21
658,10,136.97083,26.393932,106.93175,114.146645,136.04198,21
658,11,181.91588,48.20962,111.33038,137.51027,172.6965,21
658,12,251.85126,73.07095,184.77094,192.81177,231.91704,21
659,1,299.20154,87.35295,184.36043,242.87524,279.22385,21
659,2,270.80246,68.423935,200.50085,202.35965,260.6433,21
659,3,269.069,93.30946,194.77225,200.96402,236.58095,21
659,4,147.38817,54.742245,88.66266,102.46474,137.00479,21
659,5,51.03723,33.97533,20.975506,25.765722,41.32804,21
659,6,0.8537547,1.2438437,0.0,0.0,0.0,21
659,7,0.6995627,1.2785275,0.0,0.0,0.0,21
659,8,4.8372073,8.486384,0.0,0.0,0.0,21
659,9,57.78429,30.15121,13.440017,29.270634,56.35057,21
659,10,146.90381,61.11882,74.33777,95.50877,136.22505,21
659,11,222.53778,55.275177,158.11673,167.15353,242.00824,21
659,12,261.3845,48.396755,202.01303,224.07545,249.90314,21
660,1,279.7828,99.134445,190.05847,211.21681,265.0969,21
660,2,245.8525,60.696693,173.42647,187.38823,241.03429,21
660,3,242.578,77.00389,163.36607,185.34285,227.98666,21
660,4,135.62321,48.54865,87.558876,93.03139,126.72598,21
660,5,28.165867,20.033936,9.554126,11.127435,19.52054,21
660,6,1.1256936,1.5963693,0.0,0.0035579016,0.14330524,21
660,7,0.5868329,1.0301657,0.0,0.0,0.07303246,21
660,8,2.3310347,3.3813446,0.0,0.0,0.5603111,21
660,9,41.294437,23.281738,14.059473,18.724821,40.15788,21
660,10,131.21461,53.056076,69.28595,85.98883,126.82215,21
660,11,214.64142,48.599,156.31616,177.96448,211.90616,21
660,12,280.54736,64.67858,194.88283,228.59975,274.37836,21
661,1,221.4881,100.33887,98.75947,130.25906,216.46053,21
661,2,214.82626,64.236885,143.63829,152.91179,213.29303,21
661,3,206.87602,78.31648,114.917244,135.75896,216.35164,21
661,4,116.4092,57.807877,58.115562,72.815865,104.38971,21
661,5,32.62519,28.95266,9.076522,11.397825,27.035828,21
661,6,1.192374,2.3255067,0.0,0.0,0.18870337,21
661,7,0.23930648,0.50264466,0.0,0.0,0.0,21
661,8,0.47810346,1.4018788,0.0,0.0,0.0,21
661,9,16.966122,12.581879,3.8744662,6.6558447,16.787561,21
661,10,95.265656,71.38103,39.87776,45.60359,81.0579,21
661,11,163.61438,47.65822,96.21868,134.2496,170.0991,21
661,12,232.03741,70.34842,166.25256,169.60995,204.12462,21
662,1,239.49107,91.52915,114.40497,137.36082,249.36446,21
662,2,223.69861,65.59112,139.1881,165.12854,224.45743,21
662,3,252.75993,79.92829,146.36118,189.20508,262.82425,21
662,4,129.06375,55.336113,70.66055,85.980385,116.02436,21
662,5,39.82973,29.485401,7.748287,13.346109,38.99155,21
662,6,1.1281717,1.7278783,0.0,0.0,0.08448847,21
662,7,0.51643586,0.929995,0.0,0.0,0.0,21
662,8,0.9839265,2.7679324,0.0,0.0,0.0028371261,21
662,9,27.805227,18.201504,10.794384,12.971474,23.90732,21
662,10,106.3734,75.77748,44.535057,55.13024,78.02603,21
662,11,189.9677,52.498043,115.93732,139.48923,215.22449,21
662,12,267.96957,91.3926,188.10559,203.63544,234.62082,21
663,1,297.20328,61.441772,212.047,236.60236,300.8959,21
663,2,231.88458,59.99433,175.69833,185.23189,216.38403,21
663,3,255.86937,64.10794,190.09915,201.12354,240.58107,21
663,4,135.48357,62.17309,84.034874,89.91568,121.01027,21
663,5,30.197824,20.837156,7.3569527,12.554644,22.718313,21
663,6,1.0474336,1.4223936,0.0,0.034112006,0.1571738,21
663,7,0.6500814,0.8975319,0.0,0.0,0.1657721,21
663,8,4.9312644,5.8259306,0.007024672,0.035743807,1.363849,21
663,9,57.079292,26.756996,22.48413,30.321041,57.675045,21
663,10,159.53835,51.930344,102.64131,121.492195,144.24765,21
663,11,219.92564,57.358894,152.44003,166.46503,222.00992,21
663,12,297.0931,51.619827,235.87737,250.27617,295.4578,21
664,1,281.09106,72.718605,192.31117,230.58786,287.23352,21
664,2,235.50507,56.786724,183.58318,189.06874,213.03944,21
664,3,257.32382,89.215195,172.54028,197.59209,225.4778,21
664,4,134.15396,59.77464,78.13214,92.0475,117.311455,21
664,5,32.324055,23.720661,10.206864,11.547149,23.992699,21
664,6,0.7894958,1.0464828,0.0,0.0,0.13686027,21
664,7,0.34928918,0.6291459,0.0,0.0,0.0,21
664,8,3.0748782,4.221995,0.0,0.0,0.77108693,21
664,9,43.00469,22.246536,16.80917,20.931587,38.530327,21
664,10,154.7863,63.540253,100.51625,107.7708,145.72142,21
664,11,205.67395,54.06748,148.5744,150.13164,199.56508,21
664,12,271.3255,54.501923,200.62598,208.6537,276.16095,21
665,1,279.10553,96.22764,182.35129,222.1281,242.2067,21
665,2,245.14986,69.09729,163.48294,176.97456,248.98087,21
665,3,236.73845,83.941284,163.52061,185.77287,227.34584,21
665,4,130.10896,51.98246,88.65053,93.60605,117.53169,21
665,5,23.439611,18.819168,6.1764193,8.450984,18.55525,21
665,6,2.0066795,1.7601632,0.42018163,0.5145338,1.2898312,21
665,7,0.51339656,0.9327308,0.0,0.0,0.088879615,21
665,8,2.240694,2.8391395,0.0,0.0033525724,0.32942328,21
665,9,39.98288,23.258682,13.885894,16.358788,43.81912,21
665,10,134.05048,52.983242,69.5572,96.94915,135.71301,21
665,11,203.38783,50.809273,153.82303,168.97377,191.75946,21
665,12,284.61115,62.16642,186.89763,245.0548,282.56982,21
666,1,277.48578,86.85281,190.66272,228.36296,255.58244,21
666,2,242.01115,66.98373,169.74155,177.8159,235.33293,21
666,3,231.80276,96.73717,147.85675,170.70753,207.82585,21
666,4,127.198265,55.37095,83.05049,88.52702,111.09186,21
666,5,28.636784,24.153734,6.4017415,9.443937,21.441586,21
666,6,1.0292152,1.4275804,0.0,0.018982638,0.17914799,21
666,7,0.3981754,0.8308167,0.0,0.0,0.028824482,21
666,8,2.189073,2.7102466,0.0,0.0,0.26365784,21
666,9,36.93809,21.142504,12.068028,15.355297,37.16433,21
666,10,137.76549,56.6105,67.28018,97.58679,136.57869,21
666,11,203.26953,51.990852,148.53879,153.50215,197.60915,21
666,12,270.0734,58.580143,195.47626,221.72594,247.44933,21
667,1,341.9497,69.52509,264.55627,289.96902,316.51413,21
667,2,309.17813,65.4028,228.56125,244.23715,321.97513,21
667,3,352.6634,74.104774,275.34943,295.81924,366.0863,21
667,4,147.24156,51.070557,82.55064,86.00012,135.71799,21
667,5,52.93144,26.497906,26.694183,36.31926,46.575287,21
667,6,7.817146,6.3273673,2.3147995,2.9285283,6.4770756,21
667,7,3.6952624,4.313784,0.14900964,0.62784773,1.6975201,21
667,8,13.58037,11.299829,2.2069461,2.9963117,10.852068,21
667,9,111.02513,40.64438,72.01129,80.25301,110.46017,21
667,10,174.04361,32.626312,136.36499,144.74355,174.4948,21
667,11,249.83224,54.064365,179.46596,193.41772,227.93263,21
667,12,300.55658,58.161507,222.62975,256.12408,304.6458,21
668,1,308.27686,55.837967,223.15741,264.7726,309.22852,21
668,2,309.40686,66.19994,231.21524,250.14076,323.09647,21
668,3,307.2164,67.601685,230.6062,260.92194,296.77356,21
668,4,156.93645,63.79218,74.73919,97.28628,152.2658,21
668,5,33.453743,19.55444,17.683247,20.136047,25.40932,21
668,6,6.5836334,5.694892,2.0404928,2.0886526,4.9017043,21
668,7,4.133438,3.969721,0.2932944,1.0278859,2.651927,21
668,8,11.543129,12.061609,0.21405119,1.1225928,8.559835,21
668,9,96.92196,41.766838,58.347126,68.89327,102.79064,21
668,10,170.95535,31.116379,130.62479,144.8071,165.65317,21
668,11,244.68932,49.119076,179.37796,207.38513,228.64772,21
668,12,333.1381,63.20743,244.41528,282.72314,333.39154,21
669,1,338.08975,69.14138,237.8129,280.46692,332.7304,21
669,2,309.9767,61.911358,234.92651,243.80225,310.96512,21
669,3,305.57193,59.734726,230.30568,253.09715,296.5815,21
669,4,127.19327,38.806095,92.15445,93.74864,132.41623,21
669,5,37.79937,16.321198,17.241367,24.606394,34.883175,21
669,6,12.23501,8.966063,5.325423,5.671942,9.543423,21
669,7,4.3253565,4.343221,0.5179799,0.83890766,3.1373277,21
669,8,13.780973,9.230817,5.155761,5.883932,10.201272,21
669,9,76.4755,33.089333,49.351242,54.70563,72.08733,21
669,10,155.45251,34.95891,115.37309,140.01936,150.78288,21
669,11,224.93971,38.164806,172.11507,197.64894,225.97987,21
669,12,288.24496,38.358593,239.51797,248.25035,290.59396,21
670,1,328.2303,62.416397,267.78894,274.63324,333.39075,21
670,2,310.62457,54.444622,241.04187,260.03378,310.79465,21
670,3,330.17838,70.41683,245.66833,285.10303,309.81067,21
670,4,145.7105,41.93972,95.15741,108.02571,145.34073,21
670,5,40.11265,20.926628,23.627216,27.216805,34.035885,21
670,6,9.717706,5.9940796,5.244331,6.2248216,7.5659637,21
670,7,2.3927374,3.4890306,0.02128352,0.07029985,0.78803337,21
670,8,14.478624,11.12374,3.7635803,4.295782,10.714303,21
670,9,98.597084,39.97185,52.063557,62.233578,107.28789,21
670,10,170.52051,36.313,132.05302,139.98686,165.81328,21
670,11,254.57315,49.553516,201.1509,202.90106,253.46379,21
670,12,317.68024,52.61008,241.44025,272.75378,308.84036,21
671,1,116.34854,92.78529,22.352657,29.720497,108.895294,21
671,2,99.572464,46.5609,41.677994,50.40141,99.8793,21
671,3,113.35648,76.44068,19.042631,27.373425,111.909706,21
671,4,57.679844,44.76471,6.41941,26.432749,41.09473,21
671,5,3.353121,5.5916758,0.0,0.0,1.1755388,21
671,6,0.0044006566,0.020166345,0.0,0.0,0.0,21
671,7,0.013025262,0.03501123,0.0,0.0,0.0,21
671,8,0.0,0.0,0.0,0.0,0.0,21
671,9,1.403573,3.4940376,0.0,0.0,0.0,21
671,10,31.649374,33.20993,5.517738,5.806353,21.530407,21
671,11,90.9713,52.06978,36.379322,47.714195,80.16165,21
671,12,94.29987,52.645767,35.862244,55.781334,83.67827,21
672,1,130.14476,103.63933,25.625057,52.84364,104.05542,21
672,2,110.66215,47.58969,45.281162,72.19474,109.46451,21
672,3,108.37247,67.879524,21.657124,27.906218,111.02292,21
672,4,61.390858,46.918682,17.003475,20.030573,45.885994,21
672,5,8.26378,7.425171,2.6252136,2.81897,4.5600815,21
672,6,0.37101582,0.29108202,0.059377085,0.08995392,0.3914112,21
672,7,0.098177455,0.21701236,0.0,0.0,0.0,21
672,8,0.0871529,0.189632,0.0,0.0,0.0,21
672,9,2.9909732,5.5108795,0.029212236,0.08942474,1.0543901,21
672,10,36.616962,35.82996,6.176742,8.391991,30.018253,21
672,11,109.3101,53.593143,56.909176,63.336388,99.20517,21
672,12,114.685905,56.699596,54.482655,73.013214,108.23629,21
673,1,118.943825,82.22235,32.270107,53.54695,111.17185,21
673,2,115.687515,55.998875,56.523575,64.06965,108.14615,21
673,3,114.436806,71.64047,24.249918,34.544575,107.481346,21
673,4,64.927086,48.23149,16.516275,30.357101,48.57776,21
673,5,6.718875,8.544535,0.0,1.0882788,3.8313377,21
673,6,0.07258221,0.14895141,0.0,0.0,0.0,21
673,7,0.0013408723,0.004421835,0.0,0.0,0.0,21
673,8,0.0057765148,0.011870536,0.0,0.0,0.0,21
673,9,2.8216193,5.570198,0.0,0.0,0.0,21
673,10,36.276688,30.727077,5.7609,7.287649,32.262966,21
673,11,103.08217,51.227814,39.724056,56.973152,101.02469,21
673,12,108.53187,56.129025,52.536095,63.473545,97.43048,21
674,1,122.88009,90.966576,31.644958,60.464825,109.125496,21
674,2,110.97484,52.682785,56.02528,62.60322,102.535095,21
674,3,109.53407,70.11783,23.33443,29.41401,118.60685,21
674,4,64.448944,53.486446,15.419299,25.882044,54.814907,21
674,5,5.758138,8.20183,0.39751363,0.5025885,2.7967818,21
674,6,0.03070044,0.06690126,0.0,0.0,0.0,21
674,7,0.0061501656,0.024664752,0.0,0.0,0.0,21
674,8,0.0114795705,0.03618525,0.0,0.0,0.0,21
674,9,2.8395815,5.844454,0.0,0.0,0.0,21
674,10,38.235676,34.35052,6.1762476,6.3490047,37.17716,21
674,11,102.30345,50.461308,48.53035,55.718613,101.173416,21
674,12,111.25868,55.342068,54.133915,69.03593,100.55213,21
675,1,324.2142,45.8198,263.50272,282.40936,335.95743,21
675,2,321.2613,88.04637,234.85713,257.87097,299.80557,21
675,3,275.98996,49.6978,221.07446,244.37714,281.05524,21
675,4,157.63306,62.006702,85.99193,112.81625,138.23029,21
675,5,45.112904,29.030596,12.871072,20.338219,41.649925,21
675,6,1.8315291,2.590745,0.0,0.02816588,0.62999725,21
675,7,2.4093108,2.9507344,0.0,0.021942906,1.1254827,21
675,8,9.558267,11.410417,0.0,0.102914535,5.1474113,21
675,9,83.03189,38.39658,24.241402,57.35513,85.189514,21
675,10,183.15833,47.20238,125.283455,138.1866,182.09282,21
675,11,237.94832,61.891796,162.02866,195.50626,230.63174,21
675,12,309.54813,51.10172,245.72163,263.9113,310.34906,21
676,1,304.0299,41.08733,247.67839,258.05743,312.86063,21
676,2,328.1161,118.84987,232.58716,259.1532,292.8862,21
676,3,306.44724,69.099045,247.7091,251.77863,306.467,21
676,4,156.31158,60.6554,93.511765,119.1196,139.21342,21
676,5,41.313065,26.866531,14.608749,20.064976,32.228397,21
676,6,2.8295376,4.007986,0.0,0.13255315,1.2789298,21
676,7,1.3094063,1.8602114,0.0,0.0,0.042213634,21
676,8,8.6470175,11.158434,0.066162035,0.22095305,1.8719379,21
676,9,77.595406,33.61853,50.28714,53.430153,77.72457,21
676,10,164.62209,33.770443,117.259315,134.63675,175.87569,21
676,11,238.83434,54.564964,176.52437,194.89429,231.10008,21
676,12,301.70084,46.139687,234.5166,267.66034,300.9929,21
677,1,249.65039,66.210655,190.28044,201.07036,237.12244,21
677,2,262.031,50.139328,210.35126,213.95636,251.04395,21
677,3,239.2279,49.31099,185.72426,201.53882,238.19345,21
677,4,145.90755,46.443512,87.298325,113.20371,151.41862,21
677,5,65.10094,20.694866,37.68393,46.241543,65.68166,21
677,6,23.549213,16.29548,9.956699,11.519124,17.323347,21
677,7,14.578544,8.781722,7.6480637,8.63997,11.379744,21
677,8,26.57675,20.149612,7.5190296,12.529697,20.17919,21
677,9,54.11596,19.015959,34.378693,39.251335,54.001724,21
677,10,133.31233,30.28771,98.467674,108.44983,126.71669,21
677,11,177.04861,43.566723,116.479195,148.18826,176.25684,21
677,12,231.99051,66.214584,171.15247,177.32285,225.8224,21
678,1,283.2644,53.554073,219.49677,229.65215,273.8341,21
678,2,276.68442,42.032547,221.52165,234.9082,275.26154,21
678,3,270.19556,46.20384,207.93321,235.25494,265.03082,21
678,4,153.52576,41.982708,84.70819,129.25922,152.99847,21
678,5,74.98442,21.821392,45.385197,52.00829,81.537796,21
678,6,25.497686,18.637785,9.457486,12.157061,17.218521,21
678,7,14.623113,7.904267,7.3741403,8.379731,12.62559,21
678,8,39.44359,25.44846,16.067482,20.114925,33.630608,21
678,9,77.85411,20.639301,54.306,62.451283,76.3109,21
678,10,141.64507,24.617521,115.15135,118.53528,134.31963,21
678,11,188.47379,36.390167,141.04843,163.30205,186.6718,21
678,12,242.15013,54.31682,177.01903,211.38046,241.86691,21
679,1,66.54528,61.380066,11.389575,22.047789,48.70043,21
679,2,57.87955,42.40413,24.341244,29.349327,45.517555,21
679,3,63.433064,45.432346,17.170979,20.07838,53.58045,21
679,4,48.189415,32.557335,17.631613,20.214937,33.20259,21
679,5,34.620567,21.389303,17.846298,20.078289,27.306755,21
679,6,36.453064,11.444479,23.189837,25.632313,35.34295,21
679,7,25.671736,9.257435,17.600327,19.888697,24.28498,21
679,8,19.856771,6.3856297,14.084811,14.209968,20.581038,21
679,9,11.826301,4.0584126,6.7176776,7.722621,11.023993,21
679,10,16.25426,19.053839,1.9174044,4.824134,8.275104,21
679,11,43.85367,32.24377,6.219434,10.549436,47.31308,21
679,12,50.78123,34.10995,12.105509,21.82347,45.8313,21
680,1,83.49482,86.00911,11.936166,29.26926,43.80582,21
680,2,66.19059,57.284782,27.148355,33.51697,43.86633,21
680,3,71.405045,65.180664,15.28903,28.148933,52.297943,21
680,4,42.070015,30.227364,12.70142,16.445902,32.61205,21
680,5,30.845686,12.985539,18.254082,21.665169,25.461283,21
680,6,42.046627,10.0796175,33.486233,35.304153,39.737164,21
680,7,30.590641,9.938164,20.857756,24.319487,28.23625,21
680,8,20.747746,6.404669,14.295471,16.085602,19.403996,21
680,9,13.297951,4.766943,7.166148,10.215077,12.784829,21
680,10,27.47183,30.960974,2.639952,7.4793806,12.689581,21
680,11,62.11037,46.841698,8.522818,13.766133,57.513813,21
680,12,67.58267,45.641117,15.663274,23.932732,57.26523,21
681,1,324.3261,62.39754,260.5656,269.42917,321.37863,21
681,2,319.95648,72.20763,247.838,261.8595,307.46024,21
681,3,285.16528,64.26384,205.98946,216.41618,278.8103,21
681,4,161.14857,63.319027,83.670364,108.48789,154.02948,21
681,5,30.762012,18.46591,13.408075,15.447558,27.270813,21
681,6,5.141256,4.6239133,1.1022799,1.7711959,3.5164614,21
681,7,3.2240543,2.856203,0.10881833,0.69264644,2.4001746,21
681,8,8.634606,8.588588,0.7617674,2.2666314,4.3031845,21
681,9,73.33087,37.120823,37.62437,47.351284,69.54429,21
681,10,162.85254,37.675133,125.92447,129.70529,155.07355,21
681,11,241.48619,52.98009,163.94913,200.57973,239.83612,21
681,12,323.78326,49.694176,267.75998,294.39648,316.8655,21
682,1,316.11636,65.19473,240.73427,269.02414,323.2031,21
682,2,300.20157,75.484375,224.08531,249.90382,292.56528,21
682,3,261.7447,57.439682,199.96017,223.79524,250.5685,21
682,4,150.99188,59.038273,76.45617,97.79554,143.64922,21
682,5,31.045815,19.284458,13.743914,18.0561,25.486347,21
682,6,2.6595993,3.4885972,0.0925842,0.34734356,0.82100993,21
682,7,3.251145,2.3530362,0.5744856,1.2366772,2.1463087,21
682,8,7.285582,7.809842,0.72631955,1.115239,4.8134775,21
682,9,68.28976,38.011353,21.742569,24.460747,61.66165,21
682,10,159.47238,35.44025,122.71427,127.63035,158.70815,21
682,11,230.23366,50.350872,152.22395,201.22469,237.33372,21
682,12,291.2391,47.68946,232.48227,253.99408,288.00143,21
683,1,82.70614,78.47479,13.055047,26.641754,55.82112,21
683,2,79.08076,57.778374,29.093235,40.730057,65.36208,21
683,3,83.24401,60.405117,20.266539,24.920298,78.61382,21
683,4,59.812366,41.0887,20.105972,25.45408,56.161057,21
683,5,47.90098,24.008482,27.382452,30.541819,43.139023,21
683,6,50.015705,15.546007,31.514366,36.079052,46.445473,21
683,7,37.79816,12.943279,26.984905,28.634573,33.261444,21
683,8,28.220089,9.773805,19.134447,19.735275,26.989124,21
683,9,17.73326,6.60416,9.659036,12.192308,17.672277,21
683,10,25.828407,27.672754,5.6060596,7.3262415,14.651398,21
683,11,62.74371,44.703514,8.008875,12.725763,66.03527,21
683,12,70.88898,46.139202,18.413242,34.548878,56.326096,21
684,1,94.6555,94.16689,12.748624,27.734127,61.385475,21
684,2,77.447624,63.53487,31.448196,36.978245,55.238895,21
684,3,89.37456,74.30671,18.877504,24.646715,69.184105,21
684,4,59.770576,44.038486,17.827961,21.371435,53.132725,21
684,5,40.127556,14.893171,21.227686,29.719383,40.399174,21
684,6,45.141285,13.043709,34.36883,35.516254,43.941433,21
684,7,35.949707,11.396428,25.463942,28.695639,32.43031,21
684,8,25.396334,8.275045,16.417816,19.282742,24.707191,21
684,9,15.026408,5.061476,8.56726,12.1262455,13.72077,21
684,10,30.195063,29.508833,4.4813747,7.3303146,12.801944,21
684,11,69.873955,51.27012,7.0921974,20.248173,68.163956,21
684,12,74.95796,52.62623,17.979452,32.155464,55.68947,21
685,1,296.19138,101.968796,175.5894,204.64252,304.1222,21
685,2,254.82307,60.47913,187.24991,198.65768,250.14644,21
685,3,266.98236,71.172676,184.29399,195.69415,258.6742,21
685,4,156.93965,54.59424,103.128654,107.50666,151.24347,21
685,5,41.47065,30.391977,14.406916,16.16727,37.402386,21
685,6,1.3191031,2.1525495,0.0,0.0,0.025074126,21
685,7,0.64433014,0.97402716,0.0,0.0,0.12414464,21
685,8,1.9818784,3.3067799,0.0,0.0,0.20793885,21
685,9,45.355156,28.023516,13.456731,19.162678,47.286873,21
685,10,143.11551,58.695614,75.22819,86.76364,132.12859,21
685,11,231.98215,61.999218,157.87029,171.60973,240.23534,21
685,12,308.25375,81.92908,222.54573,234.10751,286.65295,21
686,1,269.86877,84.20196,171.00081,184.10701,271.81363,21
686,2,245.94392,52.945408,187.22023,199.65002,228.0782,21
686,3,260.08456,80.1452,146.66212,196.9024,250.8177,21
686,4,151.5224,61.535465,89.382675,91.166115,144.79659,21
686,5,43.93803,39.537075,10.492232,11.95406,44.32716,21
686,6,1.3269228,2.1537616,0.0,0.0,0.0,21
686,7,0.5156788,0.86534303,0.0,0.0,0.0,21
686,8,2.1279597,4.702285,0.0,0.0,0.0,21
686,9,43.68622,26.8496,13.634125,19.406384,36.241077,21
686,10,121.214615,48.1965,56.749542,71.99918,128.13333,21
686,11,213.87033,58.010265,144.20514,155.01872,216.38554,21
686,12,268.53534,60.712193,196.71442,210.85011,276.1058,21
687,1,53.501385,53.948967,9.270304,12.484573,31.267046,21
687,2,54.512398,44.85298,17.927937,24.334492,35.184326,21
687,3,55.914436,48.567722,11.286177,20.64992,40.97901,21
687,4,44.33502,25.96504,18.308035,20.045153,34.41041,21
687,5,41.0606,16.985765,22.197592,29.057999,37.634712,21
687,6,51.94384,15.125554,36.10677,38.27609,47.494247,21
687,7,30.061424,10.429792,22.09454,23.905407,27.72725,21
687,8,25.21997,7.8122253,17.596859,19.777924,24.148893,21
687,9,12.513849,4.3223896,6.705912,8.572241,13.002093,21
687,10,17.673141,19.296726,2.374478,5.4841294,8.772805,21
687,11,42.62821,33.477287,6.5758696,11.596941,43.602165,21
687,12,47.169456,30.377611,13.276216,21.978207,40.894417,21
688,1,59.22594,64.630554,10.21262,15.114088,35.50757,21
688,2,64.64425,49.442436,26.097124,32.149845,44.517284,21
688,3,55.82254,49.82731,15.509021,19.748947,40.60914,21
688,4,38.631737,20.393705,18.603987,19.79969,32.139114,21
688,5,37.740334,12.642548,25.949162,27.562513,33.611763,21
688,6,54.277996,14.156505,38.640984,44.00661,48.77285,21
688,7,35.93979,12.715626,25.097803,27.723389,35.250046,21
688,8,26.233652,7.3667817,18.43799,22.012465,25.399462,21
688,9,15.602239,5.4902954,9.150757,10.608257,14.306302,21
688,10,22.952646,25.12763,5.1958733,6.6802254,11.243778,21
688,11,51.84625,39.958393,11.397173,21.454239,45.006668,21
688,12,53.13764,34.457523,15.020371,25.662523,41.064987,21
689,1,43.573746,41.44809,8.304665,11.397458,27.470627,21
689,2,54.582623,39.526886,20.06789,24.05284,42.783943,21
689,3,55.099377,37.64496,17.127388,23.185484,45.37444,21
689,4,54.602707,28.896376,21.088898,27.318005,50.80308,21
689,5,65.021515,26.959015,41.606934,43.622047,56.370228,21
689,6,71.408356,17.450624,52.09359,52.69472,71.437225,21
689,7,52.539726,16.490322,37.505596,43.331726,52.511524,21
689,8,39.78802,12.27542,29.539562,31.346449,36.636414,21
689,9,20.866919,8.164441,10.358619,13.439394,19.929453,21
689,10,16.218555,15.548282,3.4099193,5.414962,8.517365,21
689,11,35.09157,29.736189,6.437027,11.746309,27.26395,21
689,12,41.040546,24.300741,14.291432,21.177635,36.344086,21
690,1,45.500015,46.453964,8.60698,11.093569,28.266752,21
690,2,54.69784,42.16496,18.449293,23.167238,41.388107,21
690,3,54.130295,42.37129,14.5321865,19.50659,40.867603,21
690,4,48.2892,25.101395,23.656439,24.057386,42.123146,21
690,5,51.310104,18.226297,35.94768,38.63574,46.860634,21
690,6,56.96893,13.884616,41.761322,44.635204,56.129845,21
690,7,40.454346,13.325627,26.997234,32.171696,40.81832,21
690,8,33.187843,10.600998,24.11884,26.105457,30.543043,21
690,9,18.209915,7.182501,9.602177,11.14626,18.858381,21
690,10,17.092813,15.230173,3.9101846,6.94293,9.65389,21
690,11,39.536095,31.72487,7.670458,14.556238,36.04415,21
690,12,42.88007,25.246338,15.977071,25.97966,33.152477,21
691,1,142.52802,103.52312,42.04851,69.422554,119.975235,21
691,2,128.60776,51.555244,69.40853,84.44203,127.4243,21
691,3,125.26749,73.661995,26.178638,40.873604,129.03345,21
691,4,77.1482,59.534485,12.752796,29.882475,70.881485,21
691,5,10.449411,11.627121,0.9841632,1.4833235,7.025055,21
691,6,0.12985738,0.25461525,0.0,0.0,0.0029365984,21
691,7,0.10169774,0.2658264,0.0,0.0,0.0,21
691,8,0.068265855,0.13011536,0.0,0.0,0.0,21
691,9,5.085896,8.010664,0.0015925938,0.47036648,1.4176012,21
691,10,44.65615,37.717373,4.543274,8.710512,38.363583,21
691,11,125.000465,57.107044,57.933834,74.34126,120.70725,21
691,12,132.45277,53.127995,80.59896,89.00922,120.236176,21
692,1,136.3154,103.26535,50.49041,57.92989,107.887726,21
692,2,119.8046,49.765774,68.74613,81.48793,112.755104,21
692,3,120.2051,76.00393,23.747522,34.209644,123.57121,21
692,4,72.81748,54.347256,17.81612,28.130608,66.42821,21
692,5,9.780287,8.571726,3.104155,3.8268094,7.1819344,21
692,6,0.16956331,0.33380035,0.0,0.0,0.0,21
692,7,0.14377187,0.3268224,0.0,0.0,0.0,21
692,8,0.0891858,0.18054785,0.0,0.0,0.0,21
692,9,4.9625163,8.354781,0.0,0.08735994,2.367609,21
692,10,42.603382,35.89085,6.6171036,9.891657,29.447657,21
692,11,122.03542,52.661873,66.790344,77.49871,115.40767,21
692,12,126.1472,48.479378,75.67446,84.30629,123.53082,21
693,1,270.5235,97.501816,163.23247,177.117,252.1309,21
693,2,230.0821,56.10121,163.60458,175.12929,220.31682,21
693,3,230.45987,79.71135,121.36853,166.27576,247.6569,21
693,4,123.10784,49.411175,65.69891,70.68422,118.99463,21
693,5,26.247187,25.394997,4.879707,5.5593905,21.200405,21
693,6,0.67340267,1.0455002,0.0,0.0,0.15557574,21
693,7,0.39213407,0.7646865,0.0,0.0,0.0,21
693,8,1.8194691,3.8590505,0.0,0.0,0.35390434,21
693,9,45.515766,28.212362,18.436161,19.34875,39.654034,21
693,10,110.015274,46.312763,63.033813,67.99376,102.1891,21
693,11,211.16354,56.8023,134.7262,158.37585,217.03319,21
693,12,276.89566,73.13468,192.34755,216.75604,258.02325,21
694,1,254.46263,88.28251,134.3047,159.97035,255.21373,21
694,2,226.78653,54.807423,159.93344,173.30597,231.24455,21
694,3,240.68506,80.36093,120.69627,161.4179,248.9879,21
694,4,131.80235,61.04394,69.952065,81.78454,121.534615,21
694,5,36.790043,30.370136,8.757542,11.057144,28.615288,21
694,6,0.9024124,1.350456,0.0,0.0049503804,0.05850011,21
694,7,0.38894904,0.6628007,0.0,0.0,0.039881498,21
694,8,2.1833935,4.417438,0.08107109,0.1506936,0.34205922,21
694,9,34.67493,20.794153,12.454142,14.205353,36.120327,21
694,10,98.08285,46.8639,41.13816,58.562805,101.84481,21
694,11,214.29572,60.969673,133.17982,150.07053,213.51814,21
694,12,262.75336,69.3301,189.64462,209.51973,234.43054,21
695,1,174.41156,94.22423,62.3334,76.02069,182.06943,21
695,2,169.2456,51.928223,100.45648,111.29729,161.59561,21
695,3,163.41821,81.04177,59.69721,82.18038,168.90189,21
695,4,80.07434,43.075886,43.03498,49.233437,70.028725,21
695,5,25.486605,23.931091,5.635958,7.314842,20.949675,21
695,6,0.93904877,1.5805364,0.0,0.0021436794,0.18022789,21
695,7,0.24033915,0.46182558,0.0,0.0,0.0,21
695,8,0.3742389,0.9518794,0.0,0.01457795,0.032855287,21
695,9,14.768996,10.211978,5.3784895,6.566103,12.578613,21
695,10,72.2272,51.352516,25.194475,31.306437,62.30593,21
695,11,154.38016,50.945328,87.09144,95.645294,154.29858,21
695,12,193.19916,57.907547,132.4193,141.94469,171.80165,21
696,1,155.90384,96.72155,41.527943,75.29726,163.59686,21
696,2,143.81702,53.734783,84.30174,91.48867,142.51068,21
696,3,139.68985,80.80441,41.619415,69.00901,139.05556,21
696,4,67.62258,44.522575,22.056036,39.403397,53.306633,21
696,5,10.073198,8.737541,1.5466,2.0300188,7.1106873,21
696,6,0.62555707,0.9864264,0.0,0.0033473673,0.04304719,21
696,7,0.16979688,0.33726114,0.0,0.0,0.017260496,21
696,8,0.14261898,0.3020904,0.0,0.0,0.008590616,21
696,9,9.370276,7.8945107,2.9454136,3.1171901,7.856298,21
696,10,64.93935,40.762924,23.496788,26.725647,62.25858,21
696,11,154.89285,63.357845,76.31795,101.60837,143.4983,21
696,12,170.98605,55.0883,110.55659,122.91723,158.86946,21
697,1,262.19916,70.296005,157.44487,214.64696,258.17523,21
697,2,217.45654,68.27383,151.1213,160.58208,194.87349,21
697,3,228.78236,78.44609,151.58183,171.28894,219.0584,21
697,4,111.86006,56.927452,56.113113,73.185974,101.12118,21
697,5,18.197172,14.445906,3.1950831,5.5868773,11.099306,21
697,6,0.96023667,1.3482122,0.0,0.0,0.1001383,21
697,7,0.33129534,0.7200807,0.0,0.0,0.0,21
697,8,1.4298884,2.3126519,0.0,0.0,0.09995539,21
697,9,28.27357,15.565546,8.965826,13.346207,27.33776,21
697,10,128.64127,54.250206,74.42175,90.223145,120.77866,21
697,11,202.5823,54.232655,146.0613,151.16925,208.65396,21
697,12,285.38293,64.34152,205.79239,211.19945,295.66977,21
698,1,254.14085,73.12655,156.56264,205.35252,242.83282,21
698,2,230.35551,73.23728,152.57071,162.93356,223.48657,21
698,3,230.84274,85.04548,147.35184,164.13641,210.4351,21
698,4,123.52504,64.081726,57.734936,82.32312,113.0748,21
698,5,21.646597,17.323313,6.02166,7.026858,15.075445,21
698,6,1.0810858,1.4678559,0.0,0.0,0.08644674,21
698,7,0.52084744,1.0055199,0.0,0.0,0.0,21
698,8,1.714301,2.3125856,0.0,0.0,0.5113998,21
698,9,27.38801,15.505904,8.02146,12.720889,25.475737,21
698,10,132.79407,60.026035,77.987144,86.97646,119.02956,21
698,11,198.24983,50.820007,142.79596,151.3599,194.64131,21
698,12,283.76794,63.18102,212.44751,216.44394,280.43228,21
699,1,268.80273,89.3993,171.95082,205.63626,244.55325,21
699,2,230.27898,62.534546,166.31375,168.47523,234.23828,21
699,3,231.18571,80.24659,141.82188,165.03462,235.11902,21
699,4,136.5497,55.558594,74.67853,87.802155,132.95877,21
699,5,26.383472,22.228277,6.039529,7.8905354,25.36102,21
699,6,1.0268046,1.6723415,0.0,0.0,0.029001672,21
699,7,0.46282524,0.8348071,0.0,0.0,0.077624686,21
699,8,2.16692,3.4766705,0.0,0.0,0.33896926,21
699,9,39.54191,26.488817,12.9298525,16.649832,32.33999,21
699,10,119.68492,48.465435,65.84354,88.29712,105.774475,21
699,11,216.11612,54.393303,145.1388,165.04573,216.03116,21
699,12,272.56235,75.139404,169.19391,191.95412,271.08044,21
700,1,289.623,104.18997,183.91995,216.75565,255.2244,21
700,2,234.75887,67.10248,171.10818,180.04842,200.76855,21
700,3,238.38272,80.54759,135.9802,163.18315,254.81079,21
700,4,124.36679,50.85213,61.722633,79.58316,120.0019,21
700,5,27.828674,26.92171,4.302441,6.983612,27.286833,21
700,6,0.8025567,1.3147293,0.0,0.0,0.06503628,21
700,7,0.55268455,1.0865359,0.0,0.0,0.0,21
700,8,2.1496801,3.9018142,0.0,0.0,0.6256354,21
700,9,49.361137,34.403976,19.105022,20.829058,41.15725,21
700,10,117.179726,46.681545,67.70049,74.64928,103.75963,21
700,11,212.3754,59.837414,141.82854,155.34912,209.30254,21
700,12,305.85727,78.4481,225.90897,241.94704,284.95798,21
701,1,146.0354,106.2525,42.518574,66.60926,124.98992,21
701,2,126.661995,50.77062,74.27109,97.20393,118.248276,21
701,3,123.71603,73.75281,30.353172,33.212784,128.49908,21
701,4,69.98304,51.86087,15.618642,30.059969,59.3154,21
701,5,7.119439,5.91093,1.5967209,2.0969493,4.5279694,21
701,6,0.31660628,0.5083849,0.0,0.0,0.0,21
701,7,0.23030072,0.50671524,0.0,0.0,0.0,21
701,8,0.07466622,0.16372927,0.0,0.0,0.0,21
701,9,5.74901,9.399521,0.0,0.06211303,3.153988,21
701,10,53.750313,42.560993,9.612406,15.238844,45.38046,21
701,11,136.39429,56.82842,75.22521,104.87741,133.75786,21
701,12,131.91406,47.530556,73.60451,95.44454,120.91765,21
702,1,124.90512,86.30445,33.547768,57.2764,123.73113,21
702,2,101.76687,51.939423,40.90174,68.042145,90.85702,21
702,3,102.933,61.616272,29.212936,35.308388,99.25044,21
702,4,56.07314,39.115406,18.903898,26.126974,45.609528,21
702,5,11.818796,6.3304515,4.688883,7.046024,10.964304,21
702,6,2.2231433,0.6325209,1.6513574,1.6834387,2.0593514,21
702,7,2.2944684,0.5199321,1.8034842,1.9174566,2.242137,21
702,8,1.8127605,1.3874345,0.9877773,1.0154991,1.3515117,21
702,9,4.8229346,5.4408107,0.68836063,1.6445554,3.0197594,21
702,10,46.44762,40.59176,11.317842,15.321124,41.074223,21
702,11,126.08818,54.553402,56.95275,87.39971,117.521866,21
702,12,123.092026,48.736824,64.66619,74.37777,120.57059,21
703,1,266.0334,74.13167,189.26523,205.10666,251.30394,21
703,2,268.62375,42.42634,219.8832,226.592,274.24805,21
703,3,250.73286,63.19363,172.46228,210.6367,247.90428,21
703,4,145.01077,55.20602,84.37424,102.911674,138.26947,21
703,5,55.847576,15.475615,34.609016,43.449215,56.722458,21
703,6,27.656055,19.271006,12.417736,12.655888,19.463968,21
703,7,13.314501,8.817129,5.821915,7.542228,10.364759,21
703,8,34.911453,24.070553,10.57957,16.58054,32.06773,21
703,9,49.470516,17.042875,32.68273,34.643307,47.110123,21
703,10,130.10995,29.372694,99.54897,107.913345,118.43728,21
703,11,167.46486,39.447807,130.87312,140.80916,162.75888,21
703,12,217.5365,58.06774,147.3955,178.83128,211.1138,21
704,1,243.25156,67.77313,179.28665,198.03491,222.72267,21
704,2,279.2,41.93495,217.85472,244.0115,285.49475,21
704,3,233.45677,57.759422,164.19148,184.10721,233.94394,21
704,4,146.98247,53.856266,78.75587,106.78783,147.74933,21
704,5,54.719902,17.138493,32.988445,41.122,55.042465,21
704,6,24.445658,16.242651,11.415157,12.97467,17.21759,21
704,7,13.265636,8.290314,6.3138947,7.5932374,9.79979,21
704,8,29.0238,20.251295,9.700497,15.57569,22.446268,21
704,9,56.62155,20.86642,35.94756,41.18851,52.84867,21
704,10,126.64374,28.425352,96.580185,104.39665,126.37367,21
704,11,178.28732,44.057446,132.46155,149.5677,178.17375,21
704,12,213.86595,61.1007,152.95018,178.85362,207.75854,21
705,1,330.49728,50.467987,275.27136,291.62152,332.71613,21
705,2,294.9768,50.823948,228.68074,249.79773,291.11716,21
705,3,287.8092,60.803997,214.5902,236.36098,287.7809,21
705,4,138.63127,32.61405,106.86535,117.97375,135.0831,21
705,5,70.12071,27.65538,38.62206,46.51287,73.95384,21
705,6,16.663004,12.572047,6.089344,7.291122,11.644312,21
705,7,12.40245,6.6100492,6.401558,6.777528,10.209581,21
705,8,31.224037,16.202967,11.641278,17.03882,28.76733,21
705,9,86.62353,26.004997,61.29074,64.002235,80.548134,21
705,10,151.89417,31.818007,114.80477,124.353294,153.499,21
705,11,203.60272,43.147102,153.578,172.59036,207.83096,21
705,12,260.58298,47.40403,197.145,212.03221,275.15445,21
706,1,333.19382,54.284122,263.32,294.19785,340.04816,21
706,2,300.3346,55.550426,243.97794,261.11578,296.53894,21
706,3,311.86536,67.15024,228.46341,250.58348,316.57715,21
706,4,139.90723,32.4377,107.05994,113.18667,133.2184,21
706,5,69.44729,26.95664,42.5445,46.7996,68.35868,21
706,6,19.30779,15.91435,6.903604,8.404934,14.380638,21
706,7,11.743784,7.388253,6.0160093,6.267308,10.119153,21
706,8,27.578403,14.717817,9.570061,14.591312,24.978632,21
706,9,82.53869,30.9758,52.819218,54.138115,78.86188,21
706,10,150.10974,27.22941,110.40106,128.21786,154.7554,21
706,11,206.25565,47.668583,142.05098,157.73409,217.71931,21
706,12,266.7139,47.452976,193.79291,228.07716,265.69626,21
707,1,304.75903,74.324356,215.16731,268.92944,294.13058,21
707,2,310.4838,61.597527,239.1245,251.95515,324.73798,21
707,3,278.96848,64.86818,205.94897,232.63167,260.58008,21
707,4,124.07738,39.183044,75.143585,88.23165,132.89122,21
707,5,33.078857,19.545458,13.943527,14.798749,25.294601,21
707,6,10.722778,9.138249,5.1266084,5.471845,7.8825073,21
707,7,2.1449466,2.6458545,0.011248443,0.022570675,1.3695844,21
707,8,13.291362,9.435336,5.709851,6.3868375,11.763645,21
707,9,70.77315,31.75512,42.33971,50.419563,64.67404,21
707,10,164.51997,40.906483,120.22615,138.33408,159.52818,21
707,11,230.77762,39.97297,188.3446,193.90181,240.80681,21
707,12,286.32712,46.732887,231.49953,244.45596,287.1461,21
708,1,299.13977,65.29233,240.37251,248.69171,291.16415,21
708,2,306.5323,72.23603,228.6562,232.40817,305.3918,21
708,3,272.21512,72.62668,187.36081,230.12204,253.94424,21
708,4,126.884964,46.27394,72.513145,86.99233,126.90383,21
708,5,30.259892,16.772875,15.564146,18.257156,24.329855,21
708,6,6.6685247,5.2815557,2.8237853,2.9662497,5.837151,21
708,7,1.6179911,2.1346836,0.0,0.0,0.29021066,21
708,8,10.823109,10.028769,1.6981504,3.0316887,7.7023764,21
708,9,78.30382,40.555275,39.39112,50.35928,70.46112,21
708,10,168.37508,41.40768,122.46467,137.04124,158.07607,21
708,11,240.9208,54.26362,178.287,191.22021,244.93497,21
708,12,350.57608,63.364017,272.12436,292.59186,351.42487,21
709,1,273.00955,85.783966,175.13097,200.67319,262.05548,21
709,2,214.8328,73.91042,131.67465,158.87045,198.48999,21
709,3,211.7305,76.42752,139.95544,151.70816,199.9584,21
709,4,107.33208,52.523434,52.776817,72.66417,91.72663,21
709,5,25.97077,20.383867,4.875762,7.583041,22.924593,21
709,6,1.6228621,2.5795739,0.0,0.0,0.0,21
709,7,0.5822585,1.0551211,0.0,0.0,0.0,21
709,8,2.5231082,3.149222,0.0,0.0,0.32383344,21
709,9,44.95095,24.172888,12.06654,18.369432,41.770863,21
709,10,141.31062,45.552605,66.19617,111.51343,147.69739,21
709,11,198.8232,54.629887,129.45862,151.07178,197.15814,21
709,12,268.72342,50.480343,214.18166,220.75273,258.8838,21
710,1,269.15952,95.56412,159.76471,197.13591,251.07379,21
710,2,216.2663,73.131096,136.20178,145.16397,207.25691,21
710,3,202.43997,81.999275,132.0717,146.5664,184.04787,21
710,4,107.37434,45.902504,52.594982,76.582016,89.82143,21
710,5,24.542841,20.25196,2.9867885,7.8522663,22.273783,21
710,6,2.778197,3.0242078,0.5923322,0.65696836,1.1529309,21
710,7,0.54538757,1.0594836,0.0,0.0,0.0,21
710,8,2.0507748,2.4946983,0.0,0.0,0.32210493,21
710,9,39.708305,23.407259,10.63816,16.784698,43.325684,21
710,10,130.9156,52.743103,56.408382,90.52658,135.7328,21
710,11,197.89876,52.849144,134.12614,159.46654,186.48183,21
710,12,262.78424,55.436718,196.74356,211.47385,250.82674,21
711,1,294.78784,121.80132,160.6723,188.68175,276.07175,21
711,2,237.84486,69.28078,160.9399,174.12729,230.25374,21
711,3,228.9511,91.529396,123.88816,136.81975,241.48264,21
711,4,123.98415,55.615055,60.401592,76.26019,111.35519,21
711,5,23.456646,19.406078,6.5815716,7.97009,19.489344,21
711,6,1.4630932,1.9742278,0.07221491,0.090039015,0.3034231,21
711,7,0.67847353,1.296189,0.0,0.0,0.039897274,21
711,8,1.9703497,3.2324255,0.0,0.0065332744,0.40401092,21
711,9,37.005756,22.93431,12.7706585,13.726369,38.354786,21
711,10,122.743515,56.68603,61.448593,88.17455,112.16549,21
711,11,224.8627,48.1516,181.58012,189.61365,228.02629,21
711,12,283.59436,80.38596,183.19649,220.00975,276.3039,21
712,1,259.8293,98.71541,146.79129,159.80292,235.24881,21
712,2,217.9244,59.612465,151.54681,161.75134,213.98831,21
712,3,213.11705,72.751175,114.40741,148.76979,220.07454,21
712,4,116.6307,59.196716,49.92716,64.833015,106.692245,21
712,5,27.47582,24.861906,6.936189,7.1369348,18.785542,21
712,6,0.8207026,1.1761545,0.0,0.0,0.22403763,21
712,7,0.5441758,0.9188368,0.0,0.0,0.03613792,21
712,8,1.5716743,3.4951463,0.0,0.0,0.2023164,21
712,9,35.753704,20.289984,14.132583,14.447647,33.887283,21
712,10,110.60787,56.55725,67.824684,78.810425,88.85438,21
712,11,211.30652,56.35697,136.97598,175.9268,210.34566,21
712,12,274.93243,81.59798,184.45564,201.78151,252.29565,21
713,1,281.35693,69.27835,204.43791,218.46864,262.52853,21
713,2,269.65836,38.16086,235.1996,241.31447,264.79016,21
713,3,269.4619,47.158768,203.07736,240.20204,268.25433,21
713,4,139.18727,38.133526,101.39496,117.76852,135.14377,21
713,5,64.81484,17.076746,47.302948,54.11552,61.59426,21
713,6,23.574415,15.2486925,11.206702,11.881816,19.875736,21
713,7,16.722486,8.844717,8.564655,9.778645,12.4848795,21
713,8,34.90042,17.807272,14.578677,14.96741,36.661945,21
713,9,73.079796,20.034317,52.74921,60.55582,68.30719,21
713,10,142.94543,30.395018,112.166405,114.99261,132.17201,21
713,11,184.59514,37.390533,136.83463,153.88391,188.41408,21
713,12,229.89543,47.847744,170.36255,193.29225,232.041,21
714,1,353.87778,108.39395,258.02533,259.69327,353.9853,21
714,2,337.52234,89.45452,237.40443,257.36868,309.15637,21
714,3,273.46417,79.77008,196.60191,204.34767,251.85083,21
714,4,163.84518,66.816154,79.267235,105.517494,163.1392,21
714,5,26.112654,15.9392805,11.650675,15.602391,22.241009,21
714,6,3.8025236,4.9564695,0.0,0.0414299,1.5353475,21
714,7,5.002551,2.395035,2.8044202,2.9968405,3.5995657,21
714,8,10.205244,8.801881,3.3847225,4.214284,4.693606,21
714,9,71.022385,41.143284,20.432259,29.328182,67.61635,21
714,10,160.88487,37.080246,109.30505,133.16287,160.82494,21
714,11,250.10312,43.189228,185.77571,226.12247,248.49832,21
714,12,293.5856,52.21537,229.72652,254.56169,288.4709,21
715,1,393.89035,110.5655,272.35867,311.9714,360.07837,21
715,2,339.56168,94.92095,230.93106,269.70554,310.2402,21
715,3,265.7766,78.85601,186.93268,194.19684,238.29247,21
715,4,187.81793,83.84477,86.859245,107.08413,189.23096,21
715,5,24.852535,17.856968,9.026018,13.440884,21.065432,21
715,6,3.4160144,4.550584,0.0,0.0,1.8979731,21
715,7,6.19361,2.2892303,3.349936,4.162821,5.6106844,21
715,8,10.952499,6.582585,5.728139,5.8670735,7.7795253,21
715,9,71.33025,48.32598,21.320036,37.183643,66.28784,21
715,10,177.039,51.78812,132.06102,143.1115,163.40268,21
715,11,260.96948,61.28139,189.51305,224.20723,247.1612,21
715,12,281.46045,47.78632,217.73578,236.81895,276.07544,21
716,1,327.87082,100.79455,218.57382,263.01273,324.3901,21
716,2,303.0356,78.10843,205.42992,220.22008,296.15405,21
716,3,261.51105,78.71165,183.5694,200.27124,246.92761,21
716,4,131.1792,52.366474,62.6987,92.537575,137.4648,21
716,5,26.830688,16.73554,11.393695,15.173244,23.395807,21
716,6,5.501188,7.5749874,0.24559867,0.5077745,2.6999586,21
716,7,3.324185,3.242282,0.5672012,0.6144391,1.3049706,21
716,8,7.4498763,8.298433,0.9737437,1.5360475,3.4615946,21
716,9,59.897102,38.149925,24.138645,28.6612,54.739895,21
716,10,143.44589,37.471725,106.7729,112.58033,145.02345,21
716,11,231.51634,40.13628,181.57982,194.79747,223.65303,21
716,12,284.52393,55.346657,219.55872,233.41714,278.72284,21
717,1,178.22235,85.17787,82.3693,99.01516,182.88293,21
717,2,169.7726,54.345173,109.17807,114.848785,166.38678,21
717,3,170.29337,81.002,55.64388,85.54705,169.55847,21
717,4,84.61937,45.341686,46.489613,49.425648,77.68896,21
717,5,29.426401,25.190823,6.629303,9.919636,22.88764,21
717,6,1.4317307,2.2415924,0.0,0.013665882,0.13046837,21
717,7,0.38114008,0.64048946,0.0,0.0,0.027302625,21
717,8,0.7338603,1.7462021,0.0,0.039951064,0.048763763,21
717,9,18.46365,13.364505,6.330604,7.8925943,17.050415,21
717,10,85.37152,53.79387,24.665451,36.32613,79.904564,21
717,11,187.28714,64.68389,110.595146,133.3407,177.58827,21
717,12,201.4288,60.10172,132.11203,149.63174,188.4331,21
718,1,172.50363,103.584404,58.04924,92.91266,164.49974,21
718,2,147.09372,63.717506,76.266815,86.24049,149.09958,21
718,3,152.65305,91.18841,58.41128,67.412766,136.16566,21
718,4,74.694374,46.293995,26.740808,42.257065,60.02044,21
718,5,20.82197,16.730406,6.9456167,9.510632,13.624272,21
718,6,4.646779,4.9028773,0.0,0.5646419,2.5555305,21
718,7,0.22590242,0.43842572,0.0,0.0,0.0,21
718,8,0.7099449,1.7918535,0.0,0.0,0.0,21
718,9,13.552656,7.6348248,5.6593075,6.125493,10.918314,21
718,10,80.99324,45.688877,34.69242,40.40648,76.64986,21
718,11,166.60591,70.61719,93.95977,113.8112,158.34247,21
718,12,193.26775,55.032547,131.139,148.47882,198.40509,21
719,1,148.02429,105.979164,36.27323,56.82324,128.26978,21
719,2,131.691,50.268787,79.13632,90.23404,116.66493,21
719,3,125.90146,77.601,31.652006,41.13591,124.375534,21
719,4,70.52622,55.469967,20.533907,28.519146,56.60179,21
719,5,6.522289,4.8206816,1.423792,2.294161,5.5068483,21
719,6,0.4663503,0.7182436,0.0,0.0,0.038155228,21
719,7,0.15216924,0.35035658,0.0,0.0,0.0,21
719,8,0.032523435,0.08377883,0.0,0.0,0.0,21
719,9,6.993426,8.854583,0.33072412,1.5045406,6.520515,21
719,10,56.528217,43.14837,12.62039,16.744192,41.34907,21
719,11,145.48819,67.55791,63.507217,95.331535,132.56442,21
719,12,147.63454,61.393654,69.62794,88.755905,132.54338,21
720,1,147.18855,99.28801,42.137424,59.883728,128.037,21
720,2,127.42705,58.165367,67.15607,88.6223,112.726456,21
720,3,130.23973,80.05263,25.354042,50.307262,150.54259,21
720,4,75.8912,58.224533,19.078571,27.277412,52.705288,21
720,5,15.461917,7.7876425,6.9556565,8.882383,15.057352,21
720,6,0.49383137,0.77685493,0.0,0.0,0.02278637,21
720,7,0.45713687,0.6934816,0.0,0.0,0.14260198,21
720,8,0.17882621,0.3112111,0.0,0.0,0.005258796,21
720,9,6.22363,8.279776,0.0,0.24287698,3.7139788,21
720,10,52.041046,42.114258,12.137959,13.447427,38.65596,21
720,11,135.47723,60.368073,65.931915,79.67823,132.4153,21
720,12,145.22893,55.107613,82.53082,105.134415,137.35648,21
721,1,326.5019,84.420616,256.57925,263.80133,307.47668,21
721,2,311.16736,75.18347,221.8824,245.65964,300.0632,21
721,3,237.55482,69.15688,149.9654,185.70633,239.86983,21
721,4,130.60316,48.31084,68.78406,92.62907,142.50122,21
721,5,27.821194,19.119627,11.157722,13.292868,23.948366,21
721,6,6.961352,7.029394,1.7973936,2.6029272,5.036034,21
721,7,2.769326,3.4263325,0.0,0.11174205,0.7642981,21
721,8,6.39239,7.4599285,0.29020268,0.47331136,2.9270089,21
721,9,58.708008,36.43826,26.293499,28.361248,50.17098,21
721,10,136.2927,34.804432,100.712006,106.063774,135.62003,21
721,11,221.57112,44.391693,171.12936,188.09238,218.75018,21
721,12,292.06137,51.506332,227.77443,250.82913,281.34924,21
722,1,337.91754,103.14099,217.90305,250.429,316.7133,21
722,2,314.74136,79.301346,207.70944,240.62642,306.5187,21
722,3,282.15405,85.40676,172.83635,213.67235,273.81055,21
722,4,148.44743,67.66785,71.49302,96.00306,144.07768,21
722,5,28.12753,19.160835,10.861103,13.494682,23.3439,21
722,6,4.088619,5.42795,0.0,0.0,2.217455,21
722,7,3.6406116,3.82541,0.0,0.0,2.4998357,21
722,8,7.406967,7.5157475,1.3681226,1.5963701,3.3473096,21
722,9,64.41026,46.235443,16.239225,29.426453,52.88417,21
722,10,152.52335,45.373352,99.32079,108.94113,139.99504,21
722,11,236.49733,54.73396,183.90498,194.21521,232.50151,21
722,12,265.9328,51.335022,206.76654,223.42548,255.7596,21
723,1,201.36595,88.256874,97.67639,125.96359,190.31146,21
723,2,181.15047,63.12109,109.32736,124.68818,179.83102,21
723,3,181.7843,81.952995,76.47606,108.00489,177.16333,21
723,4,98.45799,52.95403,45.853313,53.574245,96.36888,21
723,5,30.450907,28.76673,7.461317,9.923848,20.689083,21
723,6,1.6776212,2.370276,0.05893935,0.061405607,0.24520628,21
723,7,0.31462806,0.60248905,0.0,0.0,0.014097617,21
723,8,1.0912955,2.470546,0.0,0.0,0.07798058,21
723,9,22.270275,14.014255,8.150405,9.573151,19.750341,21
723,10,88.29019,52.132973,31.17796,36.646908,81.54529,21
723,11,193.6003,59.717716,125.85107,128.32248,197.83917,21
723,12,212.32394,55.98071,156.07933,158.4253,202.4095,21
724,1,152.5421,87.468315,64.686584,71.18527,162.72823,21
724,2,153.67183,63.73797,79.56294,94.09933,146.38031,21
724,3,143.25354,79.34698,44.236916,83.85445,133.87857,21
724,4,76.079216,51.08707,26.603592,41.447666,60.380424,21
724,5,12.309071,10.009042,2.6575751,5.4658465,8.773601,21
724,6,1.3106501,1.8327041,0.0,0.06486294,0.18454419,21
724,7,0.1777582,0.29049835,0.0,0.0,0.007025571,21
724,8,0.5995996,1.3076226,0.0,0.0,0.0,21
724,9,14.048898,8.037399,5.5493064,6.1053348,13.196251,21
724,10,75.28768,44.568626,31.895882,34.649982,68.77293,21
724,11,159.49318,58.403873,85.80887,107.44255,152.58224,21
724,12,195.26544,68.87345,115.56692,124.51615,178.85555,21
725,1,326.09702,94.59213,238.71573,257.64133,310.37167,21
725,2,331.19528,87.58194,239.4556,255.59196,327.05087,21
725,3,259.83868,76.74011,177.41908,201.75424,258.0538,21
725,4,152.78674,54.786938,84.48427,90.20467,151.08043,21
725,5,25.880741,15.933797,13.419083,14.784891,23.563896,21
725,6,3.5025082,5.033222,0.0,0.059074476,0.9420315,21
725,7,3.3445446,2.689027,0.66741693,0.890349,2.0318544,21
725,8,9.347021,9.6888,1.4023284,2.3504124,5.4086533,21
725,9,66.84288,37.539448,16.217781,22.870005,68.32222,21
725,10,147.22879,32.333546,112.56512,121.36315,142.32657,21
725,11,228.67308,44.874702,155.31244,200.4773,229.10419,21
725,12,289.25696,58.071083,223.71599,240.49931,285.564,21
726,1,325.0122,102.26695,228.89713,253.01743,339.57498,21
726,2,294.45685,89.91176,202.52985,226.71165,267.11798,21
726,3,240.995,74.464294,162.96005,177.99434,218.65102,21
726,4,116.44205,44.37014,65.41347,75.09781,110.11579,21
726,5,27.346935,17.890015,12.307629,14.9978285,21.094217,21
726,6,5.616863,8.025846,0.0130065335,0.33291274,2.1699831,21
726,7,2.18066,2.5216672,0.09311263,0.10515541,0.79469454,21
726,8,6.564711,8.349164,0.07603906,0.4337834,1.3633773,21
726,9,58.08853,33.52511,24.326817,27.498428,55.7271,21
726,10,149.25279,33.022205,106.14302,127.17888,146.16692,21
726,11,222.52135,39.002796,172.73935,176.66428,215.60751,21
726,12,284.03915,70.91154,218.20085,222.41937,267.6545,21
727,1,319.46225,82.08328,235.84581,257.45062,321.59088,21
727,2,287.69653,68.96527,201.8051,224.63765,289.24518,21
727,3,254.67255,58.24312,179.27216,193.53398,263.0284,21
727,4,125.947205,36.0983,74.66725,92.356,131.55186,21
727,5,33.49181,21.548595,14.379643,16.550089,29.667824,21
727,6,9.755357,11.096829,2.1606226,2.6680927,6.9752994,21
727,7,2.7204986,3.4705472,0.0,0.0,0.8194004,21
727,8,9.4936075,9.176251,1.5739183,2.256661,6.392331,21
727,9,66.19829,36.1516,32.754463,44.89184,60.431004,21
727,10,142.94528,33.866257,108.77197,113.075676,139.22449,21
727,11,226.87552,35.02315,184.08447,193.5561,226.81326,21
727,12,304.12918,57.422592,223.65224,245.35315,325.67044,21
728,1,279.15875,65.71011,219.98918,234.56714,264.90466,21
728,2,309.22894,78.80581,218.12733,225.77136,314.98624,21
728,3,258.9915,75.23344,195.57469,207.2363,239.09369,21
728,4,122.76436,42.01035,67.27843,76.75993,124.70862,21
728,5,31.661356,20.935968,11.340375,17.351532,24.389574,21
728,6,9.232685,7.798627,4.490734,5.103865,7.260827,21
728,7,1.963278,2.6972766,0.0,0.0,0.80445635,21
728,8,10.106583,8.77056,2.5861924,3.2825577,7.250719,21
728,9,71.88265,36.700737,41.57943,44.74237,61.9097,21
728,10,156.48856,38.097916,120.69165,129.97853,150.04514,21
728,11,235.35188,48.735268,184.6673,198.89594,247.17178,21
728,12,305.77798,56.639576,248.70058,259.11316,297.64542,21
729,1,174.86485,78.74369,85.42414,115.06242,167.19992,21
729,2,176.5867,60.832146,120.80148,122.91179,164.95291,21
729,3,173.39737,84.43712,68.00067,97.848045,170.95268,21
729,4,104.915215,62.99837,33.13944,56.038345,101.676216,21
729,5,33.034893,31.092672,9.2362175,11.901553,23.372768,21
729,6,1.2673424,1.8783594,0.0,0.0,0.12631321,21
729,7,0.3075825,0.60211515,0.0,0.0,0.02083815,21
729,8,1.6708881,3.4091177,0.0,0.0,0.08007412,21
729,9,18.251139,13.688125,3.538313,7.036132,18.336237,21
729,10,92.65182,53.54962,35.70159,46.294727,72.51263,21
729,11,191.17723,55.965054,119.96483,132.75053,206.00348,21
729,12,206.75272,58.57767,155.70601,162.28755,180.8827,21
730,1,156.76102,79.79906,70.8918,90.51131,152.33417,21
730,2,172.09871,68.5242,103.02322,111.2034,164.11691,21
730,3,162.10118,86.02567,52.033325,92.5965,168.54166,21
730,4,91.32515,60.161575,29.115316,44.59294,74.3353,21
730,5,25.033726,22.205292,6.269567,9.244152,16.727436,21
730,6,1.2541425,1.8953178,0.0,0.0,0.1769434,21
730,7,0.31805775,0.59029007,0.0,0.0,0.008165549,21
730,8,1.4964526,3.0053647,0.0,0.0,0.08552875,21
730,9,14.099296,12.612452,0.7897824,3.8781614,13.189559,21
730,10,91.54816,52.672775,37.005627,42.713093,88.903656,21
730,11,186.03938,59.514744,124.69341,128.89088,203.43846,21
730,12,207.38556,64.78713,148.33891,153.68404,189.0283,21
731,1,318.1065,90.14052,219.58626,272.25577,297.62662,21
731,2,299.45892,73.46255,208.09653,216.74547,291.996,21
731,3,236.75003,74.58527,164.81133,173.81787,218.98242,21
731,4,124.595726,51.281998,59.440212,88.46688,129.69533,21
731,5,25.556135,17.47321,9.84107,12.493811,22.999128,21
731,6,6.3105583,8.356508,1.1743636,1.6301093,3.4374268,21
731,7,2.8519695,3.506034,0.0131750675,0.033679802,0.8424294,21
731,8,5.3224373,7.5497947,0.0,0.0,0.7942537,21
731,9,53.80384,34.76453,21.350483,23.721985,46.81389,21
731,10,133.37946,38.50559,91.899025,102.31273,125.14481,21
731,11,218.00203,42.184372,169.98042,177.38301,216.76863,21
731,12,282.21283,55.987396,215.08862,236.16852,266.25034,21
732,1,323.58655,95.23261,218.02982,274.60947,309.9196,21
732,2,292.47867,71.498955,203.44432,211.18399,304.02548,21
732,3,247.1,75.25706,180.67093,187.79436,227.40544,21
732,4,122.23118,49.43317,53.25498,94.31646,124.62969,21
732,5,26.05503,16.551184,10.953017,13.929789,23.497643,21
732,6,6.6147366,8.847376,0.7347985,1.6164505,3.4698913,21
732,7,2.9166095,3.524754,0.0,0.0,0.8812245,21
732,8,6.1524754,8.186183,0.0,0.0,1.4325596,21
732,9,55.81704,35.046894,24.752174,26.951195,50.8534,21
732,10,134.60065,37.709373,97.92029,106.21789,124.10396,21
732,11,226.80171,39.87139,183.98705,189.09393,228.31934,21
732,12,296.62466,59.771194,227.18959,243.50652,276.11496,21
733,1,274.77954,80.56234,184.02615,200.00977,270.3332,21
733,2,246.81888,75.4742,180.69904,188.35779,230.44072,21
733,3,229.1772,67.67682,171.78836,177.93707,218.93477,21
733,4,108.58827,49.122696,53.064507,62.15818,95.29512,21
733,5,23.955423,18.61945,7.4678545,10.231064,21.368483,21
733,6,2.1950905,3.6614976,0.0,0.0,0.19302776,21
733,7,1.1873131,1.8725742,0.0,0.0,0.04661813,21
733,8,3.4899793,4.4986677,0.0,0.018844027,0.86866724,21
733,9,47.73302,27.904385,10.342779,20.868956,41.168587,21
733,10,149.90547,43.31074,114.03436,117.95027,155.72437,21
733,11,210.50179,54.010838,148.09248,158.44943,210.79243,21
733,12,280.55176,45.493374,224.29562,232.03766,272.5641,21
734,1,282.56735,90.049904,205.13907,216.10356,268.95764,21
734,2,259.07446,77.252754,164.69708,200.07841,250.06557,21
734,3,214.66711,79.96059,119.837234,143.53291,215.80627,21
734,4,102.63612,42.461998,52.760185,68.17925,104.12775,21
734,5,18.642462,12.710183,8.287744,11.868826,14.984265,21
734,6,4.24912,7.143845,0.02894337,0.11598484,1.2359571,21
734,7,2.0844345,2.4770486,0.0,0.0,0.6269413,21
734,8,3.0852726,4.032463,0.0,0.035860028,1.1098967,21
734,9,48.370033,35.127193,15.116888,18.38108,40.407078,21
734,10,130.07462,38.967445,87.6434,97.356544,118.79102,21
734,11,210.60945,46.793552,147.10768,175.5901,209.94044,21
734,12,284.77905,52.012066,221.24664,234.83139,279.88617,21
735,1,254.7421,47.20215,197.89673,214.93399,253.6799,21
735,2,224.53941,33.066845,190.96983,196.39037,224.72668,21
735,3,198.83235,39.834846,152.91672,161.69643,190.98764,21
735,4,106.523254,28.828241,75.67411,86.56165,106.96833,21
735,5,57.739445,15.975072,42.096737,47.03335,52.48573,21
735,6,21.849447,11.807918,8.84371,11.151679,20.5039,21
735,7,17.708023,10.586539,9.841474,10.306913,12.732178,21
735,8,27.11899,15.913373,8.510092,12.263298,27.146225,21
735,9,58.377872,19.924616,33.55746,39.070644,60.8005,21
735,10,122.629944,31.169683,81.88737,98.84763,122.986786,21
735,11,164.88313,31.894655,122.59277,127.41154,169.5175,21
735,12,221.68118,36.25645,181.51717,185.62741,222.79707,21
736,1,271.477,91.511955,180.50087,203.07863,242.13686,21
736,2,245.41199,48.58124,199.48492,209.97328,239.81285,21
736,3,238.66876,55.504963,186.1348,194.50323,234.84813,21
736,4,119.860016,44.42044,77.65195,90.075775,112.8589,21
736,5,50.99595,18.090101,24.933352,41.954556,52.152363,21
736,6,18.946299,13.651303,6.497782,8.431284,18.866055,21
736,7,25.31155,14.057154,11.40535,12.248449,21.537893,21
736,8,27.294296,15.312419,10.929237,11.727455,26.383654,21
736,9,61.580322,23.70227,30.25938,36.24052,60.74644,21
736,10,131.79463,35.529713,99.433975,102.02541,125.307236,21
736,11,173.04875,50.14885,110.62352,116.26795,180.98514,21
736,12,215.78796,64.039665,138.4812,164.03513,213.62274,21
737,1,258.0109,112.69141,133.88536,152.24965,248.12312,21
737,2,218.51195,65.121025,147.68198,158.97186,218.39496,21
737,3,201.82869,75.14536,102.79129,123.32422,194.81801,21
737,4,115.1244,69.19534,50.540615,64.090706,102.02042,21
737,5,21.574715,20.339413,2.9491017,5.7788444,14.405661,21
737,6,0.95205146,1.4600712,0.0,0.0,0.11453896,21
737,7,0.53848606,0.9425191,0.0,0.0,0.014220824,21
737,8,1.6080846,3.320392,0.0,0.0,0.34967715,21
737,9,30.277803,17.244173,12.142206,12.821525,29.358816,21
737,10,125.49148,75.35678,53.80626,68.38071,112.34253,21
737,11,227.28499,55.09236,145.54431,196.11523,231.1346,21
737,12,278.86972,99.02811,185.3319,187.15579,268.52356,21
738,1,73.7943,70.96521,15.223833,28.654457,54.064,21
738,2,70.5183,56.663624,27.416435,32.073948,48.09875,21
738,3,69.420654,55.214363,22.060795,30.364466,57.90135,21
738,4,49.18134,28.735243,22.195133,26.264698,37.846336,21
738,5,45.992584,13.778546,29.489061,32.342873,45.994125,21
738,6,54.47515,11.005923,41.977844,44.472073,52.326717,21
738,7,37.161583,10.5059395,27.551943,29.065966,35.539703,21
738,8,30.270714,7.931729,23.029276,24.082766,29.606188,21
738,9,20.607738,5.979025,13.267198,15.155392,21.52157,21
738,10,31.549889,32.94654,7.6134176,9.621781,16.048138,21
738,11,64.749435,41.9534,11.741597,30.371346,53.920574,21
738,12,69.90295,46.60947,18.165852,27.273893,52.419144,21
739,1,232.34578,101.30673,118.795944,147.94966,223.15999,21
739,2,205.49329,62.438976,129.40671,148.28577,211.47815,21
739,3,187.39455,73.17964,93.7143,116.719444,194.74869,21
739,4,95.40882,51.33544,40.47976,52.479378,78.755936,21
739,5,19.895578,18.963385,2.7770524,4.0288544,14.668737,21
739,6,0.4777436,0.8123495,0.0,0.0,0.019286124,21
739,7,0.52189064,1.0231853,0.0,0.0,0.0,21
739,8,1.2842643,2.9186947,0.0,0.0,0.28304505,21
739,9,27.150906,15.852965,10.34212,12.448456,22.053726,21
739,10,101.18321,55.804653,50.756733,60.53511,90.91443,21
739,11,199.3967,44.6275,130.62724,162.79593,197.79568,21
739,12,245.6642,82.97878,150.25185,178.67906,219.18677,21
740,1,60.605904,59.92416,13.477525,14.688043,36.659767,21
740,2,72.77482,53.132416,29.11161,33.771954,57.11143,21
740,3,67.83026,53.138157,24.945509,33.03907,46.558716,21
740,4,57.810715,28.312239,30.915524,33.541656,45.54279,21
740,5,54.03553,20.883965,33.02985,40.26995,47.489826,21
740,6,59.9664,16.927668,39.862846,44.91658,58.62742,21
740,7,40.36522,12.130152,27.212715,30.291807,38.391426,21
740,8,40.70954,8.695097,29.271444,32.522377,40.45877,21
740,9,29.7453,8.410657,17.466393,23.214172,29.914045,21
740,10,29.412903,23.958689,10.154766,12.551941,23.408207,21
740,11,58.624737,37.300533,13.677312,28.755468,50.833336,21
740,12,64.32697,41.334377,22.10168,26.051811,49.9926,21
741,1,82.15135,79.87797,18.480312,34.709034,60.400608,21
741,2,84.56424,69.24179,31.138988,33.780525,62.330456,21
741,3,87.0923,62.418507,22.217297,44.456944,70.67167,21
741,4,58.256306,42.194874,20.451572,25.987156,36.756306,21
741,5,42.87196,18.421967,19.88232,27.384586,39.34045,21
741,6,43.840675,10.209972,32.59048,37.198612,42.559128,21
741,7,34.849426,8.544486,25.266016,25.639294,34.99745,21
741,8,25.338633,8.126413,16.937513,18.127281,23.26919,21
741,9,19.077408,7.143459,10.586088,13.13302,19.072563,21
741,10,38.661167,45.846817,7.865955,8.6034355,17.747555,21
741,11,79.2812,50.810055,15.224522,26.678902,76.24815,21
741,12,85.82831,56.192074,18.865248,28.74897,69.35899,21
742,1,97.74516,98.90009,24.460627,40.202793,63.275368,21
742,2,90.777695,71.120834,28.215576,42.532387,59.955322,21
742,3,94.9439,80.23279,26.963905,32.9512,78.13927,21
742,4,65.3247,43.057034,26.248087,29.156633,47.253826,21
742,5,32.751045,13.3953905,18.744959,22.1795,30.162964,21
742,6,31.86191,8.57721,23.496437,27.42777,30.939093,21
742,7,25.096462,6.4211626,18.081455,20.437532,23.800926,21
742,8,16.385593,5.737204,11.376413,11.928429,14.17741,21
742,9,15.470961,9.615574,9.258955,10.034571,12.9815445,21
742,10,37.042583,37.24926,7.302169,9.450521,22.949287,21
742,11,98.60569,56.393017,33.679314,51.774467,83.46437,21
742,12,101.57626,62.91086,33.132538,40.114998,77.698555,21
743,1,112.596085,89.60739,29.771894,45.06164,85.804375,21
743,2,86.74022,69.026,28.411442,35.176697,59.923035,21
743,3,86.14984,63.749306,17.890299,27.654827,83.57317,21
743,4,62.19132,42.58794,21.90122,26.825668,49.92295,21
743,5,22.201334,10.506888,13.336854,15.132552,19.729004,21
743,6,28.966759,6.475268,20.828146,24.708973,28.42992,21
743,7,21.771297,4.704579,16.417185,17.023335,21.472782,21
743,8,15.960655,6.153922,11.211744,11.769896,13.110545,21
743,9,14.739204,8.781792,8.258324,8.998815,12.841411,21
743,10,38.171947,38.65144,5.9351535,8.092949,22.243748,21
743,11,106.3702,53.49502,38.25381,65.69856,102.71576,21
743,12,103.44689,58.82011,41.44537,51.88875,98.55399,21
744,1,86.81716,71.688545,18.445099,46.952118,70.943375,21
744,2,84.186295,67.004,34.727642,35.96594,60.91888,21
744,3,97.146774,81.14468,16.069206,36.51975,87.35796,21
744,4,65.699295,47.22421,27.310764,28.065327,47.640522,21
744,5,40.871613,16.578524,20.517351,25.856756,38.75454,21
744,6,47.963833,12.370385,32.05192,40.05867,47.34986,21
744,7,34.912773,9.31368,22.26692,29.188757,36.14848,21
744,8,25.026926,8.0278845,18.498928,19.345284,22.317772,21
744,9,19.453663,8.776188,12.673438,13.633039,17.37334,21
744,10,40.96054,44.429836,8.608843,9.51076,21.86297,21
744,11,94.45115,59.652637,31.968046,43.405315,75.107086,21
744,12,97.347046,60.792088,34.301228,39.859737,86.300545,21
745,1,131.84189,90.04043,36.25463,53.452934,123.3183,21
745,2,118.80227,52.904545,49.956306,79.25751,113.138214,21
745,3,113.48607,73.91667,21.96309,38.039936,107.5204,21
745,4,56.032047,39.80635,15.795367,24.689304,43.389038,21
745,5,11.477623,6.0059566,4.345607,6.5050964,9.663841,21
745,6,2.633886,0.9063762,1.7629035,2.002292,2.154582,21
745,7,2.7183099,0.8304423,1.9642913,2.1887753,2.5849466,21
745,8,1.0631793,1.5790037,0.065758705,0.10093403,0.241718,21
745,9,7.6780252,6.8625426,0.4061654,1.2086648,5.599165,21
745,10,57.679596,47.084587,16.717466,20.23755,49.79776,21
745,11,142.95805,61.961384,63.59095,99.31665,141.57864,21
745,12,153.4119,59.597412,92.54118,111.72755,134.02911,21
746,1,118.60192,85.17275,25.355728,38.403076,104.018074,21
746,2,145.52951,66.68412,68.13205,94.90514,134.18143,21
746,3,111.80656,75.018715,17.422436,39.59695,102.159485,21
746,4,53.88258,35.59536,14.380716,21.408869,45.111202,21
746,5,10.495623,6.060612,3.8422694,5.0563135,8.880907,21
746,6,1.0725673,0.8063715,0.43916517,0.44108033,0.69279844,21
746,7,2.6001205,0.6858138,1.973805,1.9811175,2.4630232,21
746,8,0.14034742,0.2626065,0.0,0.0,0.0,21
746,9,6.4714994,7.842856,0.0,0.0,2.2212183,21
746,10,47.227142,38.478912,12.518635,14.709244,41.669518,21
746,11,125.01051,57.51704,54.660957,75.576126,101.87962,21
746,12,138.25674,57.989,85.279945,92.01729,129.11792,21
747,1,75.31891,74.983475,14.049684,22.769396,45.06871,21
747,2,74.58944,60.327812,22.80336,31.092363,57.06152,21
747,3,77.47092,61.31502,20.136839,39.17392,70.06457,21
747,4,55.059895,33.60201,25.664822,29.033981,34.947464,21
747,5,49.815853,22.02613,25.722523,34.152737,46.262917,21
747,6,48.26947,11.316198,36.04013,37.813614,47.42752,21
747,7,39.93766,10.844256,27.137856,31.59669,39.55914,21
747,8,32.033665,8.960195,22.231953,25.448734,30.72244,21
747,9,22.721052,6.356756,13.109389,18.111296,23.527575,21
747,10,35.383087,42.220875,7.7729588,8.861344,16.269985,21
747,11,64.10345,40.723637,10.742016,28.793535,56.217426,21
747,12,74.014,47.600193,20.901287,26.854864,58.306797,21
748,1,66.4232,64.84907,15.447929,29.78003,37.739307,21
748,2,69.89867,54.720512,22.719357,30.711666,48.55606,21
748,3,69.53278,57.92756,19.246342,28.841064,49.835976,21
748,4,58.65412,29.789722,26.647781,31.648851,49.346638,21
748,5,44.323704,19.154585,23.359514,26.574501,41.58816,21
748,6,63.955803,22.524906,40.320156,43.301163,61.25843,21
748,7,48.650578,15.554714,33.334877,36.748783,43.897923,21
748,8,33.78077,10.745362,21.77364,25.969088,32.406868,21
748,9,25.360752,9.555875,16.975239,18.7095,23.288404,21
748,10,27.916763,27.96855,8.364728,10.120157,17.67149,21
748,11,63.940777,39.822033,14.916622,31.486094,51.632942,21
748,12,77.29418,46.496357,25.521553,29.467968,75.49734,21
749,1,308.30856,99.15995,211.95856,260.10913,296.93283,21
749,2,302.15878,82.044365,226.46562,231.74283,297.6956,21
749,3,232.06657,75.431694,163.45496,181.24828,228.49751,21
749,4,124.20309,43.617332,74.91273,86.087814,116.513145,21
749,5,21.085054,14.088832,9.9734335,11.939875,16.85343,21
749,6,3.2418442,6.0711465,0.0,0.0,0.22269413,21
749,7,2.494022,2.7771406,0.0,0.0,0.69508284,21
749,8,5.1509776,6.9415793,0.0,0.0,1.0186908,21
749,9,48.152836,30.48562,12.2535095,17.565443,44.487434,21
749,10,141.36145,36.94005,102.971245,108.31795,133.1946,21
749,11,206.69759,45.573544,156.19586,162.16626,202.0998,21
749,12,283.8607,56.08523,231.12257,237.7952,271.33163,21
750,1,307.68842,104.28598,233.02649,245.6635,303.66956,21
750,2,304.1496,79.05694,221.67543,247.85205,285.45038,21
750,3,253.7033,77.389885,180.82373,183.34879,232.53548,21
750,4,129.94691,48.378544,69.68562,80.24264,112.57517,21
750,5,25.267567,18.774351,7.8454227,15.119039,22.021917,21
750,6,3.6421216,6.618081,0.0,0.0,0.7441367,21
750,7,2.273547,2.6630275,0.0,0.0,0.0,21
750,8,6.0672894,8.221111,0.0,0.0,0.48755294,21
750,9,47.370533,28.226387,13.549991,16.694906,44.927956,21
750,10,146.4132,31.977694,106.869095,114.19784,152.9499,21
750,11,215.18059,43.202198,152.4022,180.21559,219.89844,21
750,12,288.21872,67.701744,220.0066,225.13896,282.38815,21
751,1,245.12985,93.9588,131.63124,160.90825,229.54485,21
751,2,228.55202,68.34935,151.7523,171.90405,214.08604,21
751,3,219.94159,84.70956,122.226746,151.83769,230.20752,21
751,4,122.077324,58.776028,53.51955,67.02154,109.89775,21
751,5,29.234413,26.592173,5.68305,7.264909,26.226732,21
751,6,0.862231,1.2562312,0.0,0.0017093113,0.1599848,21
751,7,0.39836752,0.6999387,0.0,0.0,0.009491466,21
751,8,1.1867108,2.583134,0.0,0.0,0.13552172,21
751,9,26.87616,16.320547,7.5133877,10.286091,23.986317,21
751,10,100.87049,57.74328,39.66266,53.601414,84.6119,21
751,11,217.20926,53.8044,141.84894,165.17184,220.48695,21
751,12,244.37772,62.066128,188.92824,190.32901,229.00203,21
752,1,224.53728,89.009155,122.43407,130.398,215.20947,21
752,2,192.80125,64.40614,123.51417,140.23314,189.6216,21
752,3,193.64485,83.71845,105.12647,141.97813,193.0748,21
752,4,92.7031,47.83432,43.33843,48.21199,84.7632,21
752,5,17.98594,17.947155,1.3524356,6.1332707,9.92368,21
752,6,0.86278605,1.440489,0.0,0.0,0.053396616,21
752,7,0.4972119,0.9234821,0.0,0.0,0.06280253,21
752,8,1.7684809,2.9051797,0.0096846,0.081395596,0.6421985,21
752,9,23.445591,14.229181,8.411005,10.3620825,18.313847,21
752,10,111.71275,62.536896,46.57758,57.985966,95.60349,21
752,11,202.98163,45.160297,142.53926,164.27199,198.21713,21
752,12,238.04785,71.04579,163.66782,186.60707,231.78134,21
753,1,297.53967,117.01125,191.0934,204.86722,273.61447,21
753,2,233.5312,89.95459,142.19061,148.40318,228.08365,21
753,3,224.22742,75.08491,159.89793,167.83585,216.80147,21
753,4,113.10993,44.652363,58.403812,69.800476,110.00394,21
753,5,17.416294,13.926889,1.574449,6.736137,14.921898,21
753,6,6.517961,3.788035,3.0336444,3.6797755,5.945623,21
753,7,1.0019,1.7746574,0.0,0.0,0.0,21
753,8,2.873463,3.785903,0.0,0.0,0.7973865,21
753,9,38.220676,25.184788,11.59951,18.336315,30.68987,21
753,10,122.48879,48.58052,77.98223,85.537926,117.52844,21
753,11,208.47919,45.809105,166.3416,179.29745,209.07263,21
753,12,286.467,56.900253,232.10199,245.30173,279.47656,21
754,1,290.6152,95.98929,202.11465,215.26166,261.56094,21
754,2,234.64374,72.21388,139.37198,192.95125,223.71535,21
754,3,210.36058,72.3272,115.55916,156.77875,216.73004,21
754,4,96.26708,39.30626,52.202934,57.714405,87.00134,21
754,5,18.338614,12.548067,7.6339126,10.103898,13.076318,21
754,6,4.853313,6.175006,0.61391276,0.908795,2.3524601,21
754,7,2.2035985,2.5470295,0.0,0.02120043,0.42716026,21
754,8,2.8984761,4.0192175,0.0,0.0,0.83108306,21
754,9,41.15005,27.195543,13.950016,17.984035,37.379948,21
754,10,123.180756,41.960842,77.069435,85.754364,105.72594,21
754,11,210.21115,47.09267,153.9018,165.17961,202.87491,21
754,12,278.06558,47.323906,225.02989,234.86539,279.05048,21
755,1,139.60957,93.89444,38.280956,65.03572,146.7897,21
755,2,125.84916,53.88371,76.11877,86.04794,112.5405,21
755,3,126.683365,88.60214,27.995218,61.82212,111.81644,21
755,4,67.33243,48.987072,24.078419,27.845943,53.103172,21
755,5,6.3407207,4.4226055,1.7197926,3.1835933,5.0374823,21
755,6,0.5490807,0.8383938,0.0,0.0,0.07767716,21
755,7,0.2752625,0.2912602,0.12159008,0.12202532,0.13027331,21
755,8,0.08968849,0.19926207,0.0,0.0,0.0,21
755,9,9.554077,6.954482,1.412151,2.8012147,9.313469,21
755,10,53.981277,40.878017,17.396807,17.931084,43.496548,21
755,11,141.87737,67.08764,60.064922,79.884224,151.17781,21
755,12,166.8027,76.991905,86.91482,107.39105,147.0839,21
756,1,133.29506,95.239265,40.084496,48.17475,126.61625,21
756,2,131.70978,61.926483,57.776516,80.97208,114.88073,21
756,3,116.46402,80.22163,20.686798,46.255417,95.06712,21
756,4,60.684113,40.473953,21.263186,26.339888,54.931557,21
756,5,6.30476,4.642058,1.0448829,2.9902167,5.141676,21
756,6,0.37220043,0.5037366,0.0,0.0,0.129449,21
756,7,0.11354779,0.2361411,0.0,0.0,0.015899416,21
756,8,0.123626664,0.23365258,0.0,0.0,0.0,21
756,9,8.800222,7.167202,0.8142628,1.8344877,7.6620207,21
756,10,53.049496,40.209835,15.961223,20.97797,45.5788,21
756,11,134.0723,59.02722,57.029533,82.52911,135.91852,21
756,12,177.44919,68.25753,110.65266,126.324905,157.79276,21
757,1,308.63818,116.41411,214.58057,231.06625,291.07065,21
757,2,278.4707,88.46659,185.36427,211.34312,260.48907,21
757,3,244.83324,82.81041,152.29327,187.9348,241.33067,21
757,4,109.75765,46.8188,55.55934,72.07257,96.5451,21
757,5,20.700209,15.407531,7.0625706,8.970955,18.260035,21
757,6,4.329103,6.9743824,0.0,0.0,1.5699369,21
757,7,1.9373267,2.4377456,0.0,0.0,0.2902762,21
757,8,3.6920629,4.7907553,0.0,0.008156609,0.8831562,21
757,9,46.918713,30.99661,14.672284,19.021307,42.019524,21
757,10,146.03142,36.600925,99.251495,124.36209,135.99731,21
757,11,214.94157,50.78359,171.46208,174.32484,202.67348,21
757,12,295.18726,65.27476,228.25076,235.803,303.51205,21
758,1,323.8515,119.675606,205.61469,255.32066,298.5107,21
758,2,290.2892,89.646645,206.67862,223.82458,258.66824,21
758,3,262.7063,83.85507,175.91406,187.39436,240.4788,21
758,4,119.188545,51.302376,57.544262,71.50004,105.67335,21
758,5,24.338243,17.953365,8.38389,9.796572,21.130608,21
758,6,4.478978,7.410298,0.0,0.0,0.59846574,21
758,7,1.6419498,2.334169,0.0,0.0,0.26103425,21
758,8,4.422065,5.9985237,0.0,0.0,0.54988897,21
758,9,48.750565,27.836737,15.23424,27.96077,45.797916,21
758,10,152.03177,34.084335,106.62041,131.00285,147.46373,21
758,11,219.02823,44.19611,151.891,185.5878,225.79346,21
758,12,288.8763,76.09446,211.0101,220.5024,277.28513,21
759,1,132.58713,98.530014,38.836315,56.429077,132.6586,21
759,2,121.02366,62.801796,64.731384,66.94105,95.64647,21
759,3,111.47563,78.388176,18.852127,39.860977,102.19115,21
759,4,53.712326,33.69987,20.970242,26.941383,49.501694,21
759,5,8.120814,4.716267,3.11958,4.802321,8.52506,21
759,6,0.2937003,0.39743772,0.0,0.0,0.07314568,21
759,7,0.081700124,0.15968035,0.0,0.0,0.0,21
759,8,0.39240855,0.9937191,0.0,0.0,0.0,21
759,9,9.202708,6.9399385,0.0,1.9533057,10.589274,21
759,10,50.19562,39.068226,16.584316,19.480522,40.412136,21
759,11,140.3938,66.29258,58.510296,87.91155,147.79024,21
759,12,180.87802,72.974075,111.30737,119.27578,168.00363,21
760,1,125.61497,94.50234,38.451904,54.510952,114.60866,21
760,2,118.10467,59.935562,56.065487,71.13706,100.97496,21
760,3,100.1513,66.21126,18.069462,33.718204,87.64276,21
760,4,48.24575,33.99352,18.105097,19.834686,39.117447,21
760,5,4.304531,3.1467874,0.6091821,1.599009,4.185776,21
760,6,0.078231744,0.13223642,0.0,0.0,0.0023915782,21
760,7,0.06281013,0.123552985,0.0,0.0,0.0,21
760,8,0.17138802,0.4303625,0.0,0.0,0.0013010543,21
760,9,6.926235,5.0319753,0.045713104,1.3209435,7.7956657,21
760,10,48.38118,37.59652,14.771623,18.740013,42.325283,21
760,11,138.19754,66.29254,58.936333,97.935844,124.09558,21
760,12,171.52776,63.5089,106.61921,123.236465,152.53745,21
761,1,139.64508,94.760544,40.435863,54.772713,152.5757,21
761,2,134.89221,67.39815,69.17806,73.64386,134.20647,21
761,3,139.63538,100.52937,29.499866,71.51009,125.151184,21
761,4,67.96768,44.851494,32.403385,36.08012,51.567642,21
761,5,8.233473,5.510657,2.723827,4.5949793,6.9042244,21
761,6,0.7742507,1.0370013,0.0,0.0,0.09557013,21
761,7,0.1264809,0.24959272,0.0,0.0,0.0,21
761,8,0.46488112,1.3582559,0.0,0.0,0.0,21
761,9,12.423689,6.5508103,4.3641357,5.470526,12.462909,21
761,10,69.78837,51.758892,24.352015,28.706902,62.275364,21
761,11,170.28215,75.94647,88.14128,101.22373,172.77869,21
761,12,195.94806,81.41698,111.95193,122.13739,176.0024,21
762,1,146.98485,102.212135,43.41968,54.51668,147.79094,21
762,2,127.024055,62.170048,59.243866,71.232635,122.43764,21
762,3,123.68051,80.53739,22.327885,53.444656,127.0253,21
762,4,55.986885,38.03936,23.61934,25.958294,43.848366,21
762,5,6.802241,5.054229,0.93149847,2.8775175,6.305759,21
762,6,0.5240096,0.667572,0.0,0.0,0.10394278,21
762,7,0.21188909,0.42477196,0.0,0.0,0.0,21
762,8,0.6732126,1.7365324,0.0,0.0,0.010649542,21
762,9,11.110701,6.813787,1.3360851,3.9216657,12.836458,21
762,10,60.21046,48.653694,20.698233,24.152811,54.34526,21
762,11,171.34286,70.15929,106.15463,109.19404,181.77199,21
762,12,195.50589,72.75108,110.87452,121.98222,184.50296,21
763,1,302.28073,127.03286,149.44731,179.38672,278.70978,21
763,2,253.95712,78.02238,177.78514,201.18842,253.2304,21
763,3,231.06476,96.19752,111.35156,143.60448,213.45009,21
763,4,128.29929,69.71535,59.635376,76.99037,112.83428,21
763,5,18.002417,17.366444,3.2744308,5.553763,11.673228,21
763,6,1.4959209,2.2305357,0.0,0.0,0.3502727,21
763,7,0.5570517,1.0404806,0.0,0.0,0.0,21
763,8,2.431241,4.6489477,0.0,0.0,0.106694415,21
763,9,35.00652,22.826096,10.08719,12.928756,35.311348,21
763,10,134.8965,72.255585,69.13734,75.91123,122.10338,21
763,11,244.56313,65.176704,145.6337,182.46628,245.12523,21
763,12,302.90314,105.988144,178.06927,214.97156,301.2077,21
764,1,273.7108,118.550446,145.62717,164.24954,273.55008,21
764,2,233.26273,72.34692,159.16176,188.2058,214.5549,21
764,3,210.49763,78.74889,121.92547,125.63478,204.37096,21
764,4,122.24252,74.43318,49.426037,80.17167,97.22505,21
764,5,18.270536,19.540365,0.90936697,4.668597,10.333019,21
764,6,1.3358694,2.3864417,0.0,0.0,0.0,21
764,7,0.63279635,1.0942987,0.0,0.0,0.0,21
764,8,2.0168643,3.9371998,0.0,0.0,0.020726845,21
764,9,31.152088,19.652199,8.601058,12.44827,27.58591,21
764,10,131.3582,78.04679,63.798393,67.42911,118.558556,21
764,11,235.86316,61.49427,140.0285,191.21675,233.61072,21
764,12,297.35956,111.224724,192.27821,205.45605,286.7506,21
765,1,290.6065,112.60352,194.9138,208.41551,266.28534,21
765,2,252.82121,89.35664,141.38371,179.8826,238.53398,21
765,3,217.14693,71.79643,137.12292,147.16246,215.35365,21
765,4,100.01607,42.06337,48.09949,58.934593,88.60978,21
765,5,18.253222,13.279463,6.6425076,9.487257,11.457745,21
765,6,3.149751,4.585968,0.0,0.11833395,1.3568642,21
765,7,1.6689718,2.1169086,0.0,0.0,0.3482735,21
765,8,3.0589004,4.696291,0.0,0.0,0.09503424,21
765,9,40.447357,26.593775,11.606851,17.51092,39.468616,21
765,10,114.15902,43.73882,69.51465,78.25972,99.85448,21
765,11,212.18932,52.05117,153.89667,168.5983,199.86519,21
765,12,283.25494,46.866028,233.5846,255.41507,282.89603,21
766,1,291.93832,121.50718,171.6256,190.03899,270.82986,21
766,2,232.56232,91.89573,126.722565,146.04411,205.32268,21
766,3,228.9927,85.328735,136.64679,151.4373,220.84276,21
766,4,105.06387,45.937317,52.797295,62.981117,94.21249,21
766,5,17.351694,11.852237,5.6179504,7.943384,14.232384,21
766,6,2.4595685,3.0580904,0.01812354,0.0475778,1.3363727,21
766,7,0.8660837,1.3686613,0.0,0.0,0.06403941,21
766,8,3.3028677,5.1752133,0.0,0.0,0.72866917,21
766,9,40.809216,24.246725,9.2563,18.316158,44.287838,21
766,10,121.59484,45.758312,77.283745,84.84543,110.42868,21
766,11,216.7261,38.410255,168.12701,190.26897,223.27814,21
766,12,293.3195,62.32691,217.02034,247.12564,275.0417,21
767,1,322.85687,89.14988,227.92148,263.0371,325.26135,21
767,2,287.4532,71.16996,205.90767,221.96902,275.8365,21
767,3,240.53738,67.71715,168.2482,181.22118,234.6833,21
767,4,124.76209,46.168377,61.69446,92.08513,126.903786,21
767,5,29.83014,21.174532,12.344907,15.605586,24.491049,21
767,6,9.000173,11.027093,1.3614055,1.53445,6.034145,21
767,7,2.331848,3.4115205,0.0,0.0,0.38326752,21
767,8,6.499221,8.200408,0.0,0.0,3.1871533,21
767,9,66.468155,37.675846,25.604296,42.941418,61.552666,21
767,10,135.98044,37.77023,104.12147,112.52435,126.67281,21
767,11,222.88347,39.82164,168.66766,189.83783,223.1835,21
767,12,313.66742,61.425323,234.78017,275.2485,308.6523,21
768,1,314.52844,89.48642,205.39531,256.68494,319.1889,21
768,2,288.32584,73.42383,198.62239,219.43347,295.9384,21
768,3,242.38928,71.238945,162.84132,189.0828,227.18423,21
768,4,123.13383,48.256817,49.66586,92.30924,128.23537,21
768,5,29.946617,20.976686,12.94836,15.395162,22.070385,21
768,6,9.199102,11.917487,1.1664072,1.911261,6.089595,21
768,7,2.5287547,3.5656743,0.0,0.0,0.35551304,21
768,8,6.231286,7.953239,0.0,0.0,1.5204918,21
768,9,67.544975,40.342762,29.633852,42.412964,59.843403,21
768,10,143.03047,43.240856,103.45073,117.5834,134.93153,21
768,11,213.50977,38.10164,159.25914,184.17319,210.55464,21
768,12,314.65717,61.94674,234.5381,267.2821,308.02423,21
769,1,160.95985,89.80397,65.1073,85.52866,149.19846,21
769,2,160.44534,63.741814,89.367226,98.69832,164.50456,21
769,3,151.23323,79.40174,45.645096,69.40622,161.58331,21
769,4,78.59669,50.352356,26.3146,33.992245,71.53934,21
769,5,16.229023,12.714012,3.9944854,5.8759565,13.059511,21
769,6,1.0863715,1.4564389,0.0,0.0118816,0.22212268,21
769,7,0.3321077,0.5981409,0.0,0.0,0.01700354,21
769,8,1.1995282,1.973617,0.0037060468,0.04007303,0.38620296,21
769,9,13.9939995,9.488197,1.7758424,5.456127,14.020956,21
769,10,88.210365,56.239162,32.501587,35.942974,73.16951,21
769,11,190.55943,72.10105,105.57796,108.64919,187.3059,21
769,12,214.21768,61.855858,145.24057,161.08301,209.0426,21
770,1,146.09161,101.10437,57.170124,73.91722,109.13829,21
770,2,137.66399,64.74763,71.23157,75.0342,131.9565,21
770,3,132.98422,83.54476,19.704767,41.464684,146.82164,21
770,4,52.601593,36.16122,19.697449,21.541271,49.436024,21
770,5,8.375361,6.423832,0.4635844,2.5715728,7.78963,21
770,6,0.44713026,0.6176447,0.0,0.0,0.037062418,21
770,7,0.2490125,0.48951393,0.0,0.0,0.0,21
770,8,0.55296654,1.1966839,0.0,0.0,0.084003195,21
770,9,10.912102,8.165426,0.8048414,3.482679,10.607791,21
770,10,69.39952,55.0583,18.148237,22.519817,56.226616,21
770,11,191.59274,76.92905,92.57837,120.04885,197.53786,21
770,12,213.78947,73.66765,120.692795,136.08496,216.21263,21
771,1,247.67326,95.69829,145.52429,159.1258,245.38649,21
771,2,223.00214,72.599976,169.82228,173.33817,204.01411,21
771,3,219.46222,77.1329,120.97878,159.03531,223.87991,21
771,4,107.55353,60.710377,44.231457,61.043877,90.84322,21
771,5,19.731583,19.638506,3.4683611,6.228086,9.935775,21
771,6,1.2438773,2.2668712,0.0,0.0,0.0,21
771,7,0.7116773,1.1357995,0.0,0.0,0.0,21
771,8,3.027533,4.564327,0.0,0.38636023,0.95634925,21
771,9,32.6685,21.239576,7.2506514,11.683224,28.450188,21
771,10,125.68985,71.44724,58.222916,63.617275,108.743744,21
771,11,223.78409,55.049347,143.53738,163.74512,229.79193,21
771,12,274.74768,90.35499,176.52573,191.74814,276.25443,21
772,1,271.80444,118.60418,151.28723,159.67365,270.9975,21
772,2,244.73654,78.12351,176.36461,199.74464,225.29178,21
772,3,210.36354,83.94215,125.43393,138.05309,204.07155,21
772,4,116.927155,70.03673,43.39964,78.98736,100.78331,21
772,5,17.628689,18.098244,0.0,5.478117,9.393354,21
772,6,1.1689835,2.3256807,0.0,0.0,0.0,21
772,7,0.73988736,1.2985101,0.0,0.0,0.0,21
772,8,1.6608787,4.121664,0.0,0.0,0.0,21
772,9,35.608707,23.005167,9.643655,13.37998,32.85559,21
772,10,131.76035,75.165985,66.67381,68.51311,115.05694,21
772,11,228.73776,65.3649,135.49051,161.61705,231.46826,21
772,12,296.16367,105.583435,181.9299,197.81891,300.18332,21
773,1,320.85553,107.52246,208.87082,239.38335,338.44022,21
773,2,257.65845,87.94875,161.32417,180.83737,240.27898,21
773,3,235.81703,69.66707,155.39384,170.91933,230.9873,21
773,4,100.88337,37.78855,46.511562,68.75894,104.809784,21
773,5,28.18245,18.969671,9.9748335,16.542934,21.545689,21
773,6,6.941609,10.250959,0.046707325,0.15555769,4.678022,21
773,7,2.0423017,2.6590235,0.0,0.0,0.62446046,21
773,8,7.0117145,10.119955,0.0,0.01807178,2.0585895,21
773,9,61.408382,40.391754,29.357708,37.20031,52.432877,21
773,10,141.81554,35.301517,99.90779,117.09857,140.02246,21
773,11,219.92459,45.853405,175.48946,183.01266,219.1931,21
773,12,287.08713,68.89105,211.45332,239.95377,268.6048,21
774,1,305.82935,101.89456,199.35104,228.60194,300.783,21
774,2,264.6485,92.16203,162.26239,180.55443,241.62373,21
774,3,244.19122,84.707924,152.54211,172.52203,243.3271,21
774,4,99.832726,47.501118,40.943325,58.428146,93.14071,21
774,5,25.190475,20.868137,8.138869,11.401463,19.32092,21
774,6,6.0059547,9.050406,0.0,0.028887419,1.6912988,21
774,7,1.7988486,2.5399787,0.0,0.0,0.059812382,21
774,8,5.1298776,7.0926533,0.0,0.0,0.8869803,21
774,9,58.16081,37.758415,21.196524,33.60518,50.015842,21
774,10,134.94554,38.75687,103.47325,104.27456,125.29273,21
774,11,213.58752,46.525646,158.95181,169.81364,207.94624,21
774,12,299.0137,73.21799,232.49132,240.58224,298.0103,21
775,1,188.3466,58.324703,109.382866,128.33514,190.65283,21
775,2,171.6263,58.534214,125.99803,130.85808,154.75964,21
775,3,188.87415,94.35487,98.10614,142.00668,182.13307,21
775,4,107.12786,52.763847,46.866993,63.679817,101.168945,21
775,5,22.170937,20.250288,6.3292193,7.308409,14.14778,21
775,6,1.0573944,1.594207,0.0,0.0,0.1485877,21
775,7,0.40000653,0.8700345,0.0,0.0,0.0,21
775,8,1.5260473,2.5355542,0.0,0.0,0.4897713,21
775,9,21.270327,13.889909,5.9600935,9.441854,17.365253,21
775,10,93.92084,52.198864,36.36242,45.625626,93.454636,21
775,11,187.91576,54.365093,129.88158,139.48965,186.73749,21
775,12,207.04192,49.251495,152.20601,164.89287,199.39877,21
776,1,196.18727,69.685486,105.99804,120.59041,188.41508,21
776,2,180.79733,64.26525,123.04166,131.33028,172.3839,21
776,3,194.05705,88.56184,93.11117,131.01584,199.65428,21
776,4,97.67347,51.74035,39.02823,50.383278,88.105,21
776,5,20.269062,18.701786,6.1570845,6.487872,12.651003,21
776,6,1.5787474,2.3553271,0.0,0.0,0.33294368,21
776,7,0.71816623,1.2297024,0.0,0.0,0.1308578,21
776,8,2.7799895,3.1539252,0.65796024,0.99735594,1.2502469,21
776,9,28.481552,17.04315,7.52281,11.702274,23.374332,21
776,10,108.418655,65.19617,45.274086,46.18721,95.3357,21
776,11,194.89476,54.76149,138.22214,147.05936,186.69916,21
776,12,224.57643,59.895885,168.05649,177.93286,204.58754,21
777,1,271.88214,113.65553,140.54889,160.57411,268.52206,21
777,2,231.50558,70.892105,168.61066,179.73119,220.66904,21
777,3,209.28288,83.78764,115.220215,155.13374,196.11911,21
777,4,104.83502,56.975895,38.815983,65.03874,97.097336,21
777,5,18.354427,16.603355,5.3867893,6.7563486,10.98658,21
777,6,1.470546,2.5266478,0.0,0.0,0.059334088,21
777,7,0.7524146,1.4174762,0.0,0.0,0.0,21
777,8,1.7834018,3.8534737,0.0,0.0,0.0,21
777,9,29.557312,20.360258,8.104163,10.796902,26.782166,21
777,10,125.390755,63.317154,67.341675,75.4695,114.78583,21
777,11,231.09924,63.60225,145.60815,159.84119,235.89432,21
777,12,289.25427,94.88996,177.19016,203.9553,316.7795,21
778,1,233.51904,83.448395,139.61226,158.7307,235.46426,21
778,2,225.67062,73.630585,150.68196,174.29596,228.43362,21
778,3,209.0794,80.074776,140.1211,145.58162,209.41751,21
778,4,103.383804,54.867268,49.070126,54.205128,88.53291,21
778,5,19.249088,17.644617,5.9712977,7.4056993,11.741925,21
778,6,1.3854634,2.383576,0.0,0.0,0.080156915,21
778,7,0.8302269,1.5897347,0.0,0.0,0.033117715,21
778,8,1.8795034,3.7362487,0.0,0.0,0.23927861,21
778,9,27.564241,19.859999,4.3282995,7.5752487,23.766258,21
778,10,114.124535,58.871742,61.219967,65.85565,91.3951,21
778,11,212.36536,49.10137,145.22205,148.7107,213.22687,21
778,12,266.3899,86.083565,156.9813,195.99466,284.83817,21
779,1,134.9999,101.679924,41.465218,49.50323,135.60295,21
779,2,114.7538,68.37881,50.789524,57.83517,92.20324,21
779,3,116.10345,70.65377,13.380903,49.21199,128.13512,21
779,4,47.49937,32.25465,14.783736,16.969412,38.72633,21
779,5,4.395063,4.026468,0.08929105,1.1812034,3.896712,21
779,6,0.33679765,0.4711909,0.0,0.0,0.0,21
779,7,0.16368419,0.29100397,0.0,0.0,0.00041831814,21
779,8,0.30753905,0.68471634,0.0,0.0,0.013120892,21
779,9,10.483476,6.8009744,1.0517063,3.0803885,11.74932,21
779,10,52.64312,44.698685,13.993549,18.672565,47.983696,21
779,11,163.69745,71.07117,82.69878,105.95524,176.73195,21
779,12,193.44348,79.19328,104.10853,116.70214,179.89015,21
780,1,109.9252,87.04586,28.45819,44.231064,102.85568,21
780,2,103.72667,58.68998,50.241722,54.01632,94.21117,21
780,3,84.406906,54.657227,9.47541,35.990154,81.55317,21
780,4,40.698887,28.883995,12.317389,16.097456,33.114376,21
780,5,4.8813787,4.063513,0.0,1.4139677,4.377409,21
780,6,0.06930048,0.145098,0.0,0.0,0.0,21
780,7,0.037334114,0.07213923,0.0,0.0,0.0,21
780,8,0.20255436,0.6286587,0.0,0.0,0.0,21
780,9,7.3885193,5.120942,0.0,1.7030948,8.174644,21
780,10,43.64461,35.63181,13.043656,16.714758,31.306953,21
780,11,139.63202,70.5787,51.678898,102.65526,128.5132,21
780,12,145.99423,59.258476,72.578705,93.59965,143.418,21
781,1,109.30973,83.811,29.188475,40.312576,94.00119,21
781,2,97.11424,61.411144,39.926067,52.08945,81.39384,21
781,3,77.56829,49.784786,8.158617,30.710054,81.76958,21
781,4,40.118828,29.604149,13.051636,16.689543,31.020966,21
781,5,4.4649606,4.5408545,0.0,0.0,4.657258,21
781,6,0.11420692,0.20042124,0.0,0.0,0.0,21
781,7,0.011963606,0.022625966,0.0,0.0,0.0,21
781,8,0.16863406,0.5740819,0.0,0.0,0.0,21
781,9,7.809325,5.488385,0.0,2.5215402,7.5638394,21
781,10,43.355354,36.060154,15.275957,16.378654,35.57819,21
781,11,140.08266,70.07464,45.652596,91.27562,125.87458,21
781,12,135.73508,59.825443,67.77466,82.3931,121.6728,21
782,1,118.06053,96.19519,38.80952,40.415306,102.69629,21
782,2,101.38599,51.469864,43.715485,59.60873,81.312065,21
782,3,92.71651,62.2319,16.001688,27.377762,92.66988,21
782,4,38.752544,29.415468,11.0956135,12.77347,32.346863,21
782,5,3.6526518,2.680885,0.71688086,1.264927,3.4801574,21
782,6,0.4893802,0.22947326,0.29990032,0.3268187,0.4237337,21
782,7,1.0171163,0.6106349,0.3935279,0.55052143,0.8697791,21
782,8,0.59013414,0.67432964,0.07280053,0.12741682,0.38191295,21
782,9,4.4117603,3.8879442,0.09403131,1.4625165,3.1812887,21
782,10,48.551544,41.29977,12.604729,17.83044,38.82698,21
782,11,147.76642,60.596928,67.97391,91.441795,146.2396,21
782,12,153.6895,66.94515,87.61523,99.75332,136.99374,21
783,1,83.12282,79.567566,27.813889,32.877205,55.12201,21
783,2,79.75864,63.405933,20.865286,26.544436,56.977287,21
783,3,83.04261,75.16441,20.360655,23.5701,55.834988,21
783,4,48.735226,35.309593,18.96842,22.031586,31.547033,21
783,5,18.725504,7.246074,10.861747,11.852208,16.498379,21
783,6,19.089706,6.1570992,11.546165,14.295692,17.898829,21
783,7,14.357483,4.0066495,10.934776,11.886075,13.592165,21
783,8,9.836381,4.299178,5.701008,7.2406964,9.049017,21
783,9,10.518967,8.055825,6.3046026,6.5498023,8.925602,21
783,10,37.97726,37.21065,6.0015078,8.257182,24.921375,21
783,11,97.770035,52.881763,30.61713,46.509666,87.713356,21
783,12,104.65898,64.068726,37.956726,51.392654,82.475334,21
784,1,77.20074,69.934326,20.131817,33.199665,51.681633,21
784,2,77.789,64.14628,21.692673,28.260883,58.59153,21
784,3,82.11765,70.6572,21.937126,22.386143,67.625786,21
784,4,45.335896,28.001818,18.666801,21.313925,36.298466,21
784,5,15.616821,6.7653303,8.580746,10.594701,14.862143,21
784,6,17.231188,5.0690684,11.8970785,13.936272,16.832092,21
784,7,14.420981,4.0354667,10.66107,11.497685,13.427093,21
784,8,6.401736,3.6686614,3.3550727,4.1374288,5.364061,21
784,9,10.26659,7.725997,4.955765,6.234142,8.643307,21
784,10,40.402924,35.622265,7.694826,8.55447,28.255793,21
784,11,107.05238,50.54982,38.63003,60.429646,105.83997,21
784,12,105.73407,62.740124,36.09185,44.979343,89.056206,21
785,1,265.17252,98.99152,137.0179,186.4736,269.58755,21
785,2,240.43755,75.26907,153.48845,185.51015,228.25897,21
785,3,219.29413,89.704384,126.62918,153.4344,193.20175,21
785,4,101.746025,50.32197,47.229263,57.452343,92.37638,21
785,5,17.686798,13.408538,4.6870737,9.639187,12.594371,21
785,6,1.6971575,2.4417243,0.0,0.0,0.3202155,21
785,7,0.8736971,1.7706887,0.0,0.0,0.027039068,21
785,8,3.5293932,5.3298593,0.0,0.0,0.49628618,21
785,9,37.246273,25.353106,8.210433,15.227585,38.592842,21
785,10,126.60895,58.300922,71.22179,87.9299,107.38743,21
785,11,231.5831,50.574265,164.43175,173.34637,241.84448,21
785,12,292.5213,75.70208,205.26788,230.90445,294.48715,21
786,1,232.80945,85.03074,122.56609,161.65318,222.96693,21
786,2,205.42706,72.66988,129.64903,140.19852,200.84396,21
786,3,201.09521,85.930595,119.75657,143.46683,188.79506,21
786,4,90.474266,50.900208,38.536774,45.536022,75.02127,21
786,5,16.293428,9.739026,6.06457,7.6870546,13.239282,21
786,6,1.6706076,2.504733,0.0,0.026695317,0.36824223,21
786,7,1.0523225,2.026268,0.0,0.0,0.033643052,21
786,8,3.310857,4.58868,0.0,0.22818102,1.255173,21
786,9,32.199013,23.528936,6.2709727,13.218711,30.169947,21
786,10,119.72093,60.211643,57.607494,67.07674,102.888,21
786,11,207.91452,48.996216,141.24792,156.76396,215.73248,21
786,12,267.12726,74.11663,179.66202,191.87823,278.2079,21
787,1,122.19313,100.05558,32.74061,37.206036,114.10888,21
787,2,103.31381,60.23639,41.154602,63.58923,71.100296,21
787,3,98.79157,64.588936,15.562757,30.062658,101.67956,21
787,4,41.15583,32.52681,11.502736,14.014214,31.005478,21
787,5,3.4824378,2.755709,0.468438,1.3135822,3.0642228,21
787,6,0.07396056,0.12906992,0.0,0.0,0.0,21
787,7,0.07829076,0.117414154,0.0,0.0,0.0,21
787,8,0.064559884,0.12087694,0.0,0.0,0.0,21
787,9,6.599791,5.602188,0.0,1.6156567,6.862996,21
787,10,47.69806,37.85505,17.26952,17.684095,40.365284,21
787,11,148.121,61.276775,77.73328,91.36683,147.15305,21
787,12,158.48637,71.355446,79.46754,92.05587,139.72198,21
788,1,164.29396,88.65812,65.41212,85.596825,153.79214,21
788,2,183.243,76.57386,103.669365,113.42724,181.08255,21
788,3,154.62732,74.567024,50.657604,74.38012,169.12538,21
788,4,73.46259,45.519142,26.22126,31.120365,68.48308,21
788,5,12.186793,11.903816,0.08478218,3.7945526,9.120625,21
788,6,0.96822065,1.4665612,0.0,0.0,0.20312618,21
788,7,0.4525884,0.85495347,0.0,0.0,0.037144013,21
788,8,1.0386336,1.8801425,0.0,0.0,0.09729023,21
788,9,16.749165,12.200944,2.4786248,5.7282696,13.501759,21
788,10,93.37974,60.750584,35.34511,35.931904,88.83923,21
788,11,197.37021,72.803345,105.93996,109.189964,207.56996,21
788,12,230.11028,64.637955,179.03372,181.56088,209.36317,21
789,1,127.911606,102.005775,29.020079,46.426716,108.5869,21
789,2,109.87897,72.93225,42.248703,63.076546,77.04298,21
789,3,101.48025,61.060272,13.315946,38.29897,105.86386,21
789,4,39.890465,29.324219,10.443886,13.070865,27.786135,21
789,5,2.736114,2.613994,0.0,0.41972533,1.7885702,21
789,6,0.18551072,0.32362676,0.0,0.0,0.0,21
789,7,0.120350994,0.19233389,0.0,0.0,0.0,21
789,8,0.11734158,0.25793612,0.0,0.0,0.0,21
789,9,9.272763,7.9598856,0.7208817,2.2711995,8.088657,21
789,10,46.91001,38.407055,14.778328,17.505844,40.33724,21
789,11,152.02113,63.78454,75.1944,93.472984,151.50081,21
789,12,171.52637,75.175514,84.00183,104.4587,154.53703,21
790,1,168.58069,112.218414,64.532646,94.07055,135.26625,21
790,2,169.80104,88.99187,77.26532,87.9666,150.23007,21
790,3,149.00114,96.97286,27.925482,39.697556,139.936,21
790,4,57.689743,36.55916,17.55736,24.673435,57.173386,21
790,5,7.6176505,6.804904,0.0,0.0,7.251647,21
790,6,0.5754105,0.8459783,0.0,0.0,0.0,21
790,7,0.31925058,0.59575945,0.0,0.0,0.0,21
790,8,0.43373966,0.9127222,0.0,0.0,0.0,21
790,9,10.937343,9.3066,0.0,2.293326,9.092242,21
790,10,91.85433,69.71379,21.952183,27.757607,75.44713,21
790,11,191.08417,74.0838,85.171844,121.52756,193.94191,21
790,12,246.3901,81.53683,153.14503,163.5021,245.12665,21
791,1,68.526115,61.41193,21.688726,23.854153,46.15802,21
791,2,76.10907,63.319263,23.862194,24.812086,49.834766,21
791,3,86.04006,73.352776,24.608576,27.60378,63.226482,21
791,4,53.80084,34.443027,24.535833,28.784996,38.99808,21
791,5,22.642962,7.828791,16.445002,17.058311,21.388985,21
791,6,31.734232,10.214284,22.935139,25.011112,30.407139,21
791,7,24.307507,8.492897,16.568462,17.767126,20.29871,21
791,8,14.970959,5.161826,9.934181,11.426815,13.437186,21
791,9,13.40051,6.677237,8.512745,9.215613,12.261761,21
791,10,38.420612,31.656778,10.0134,11.7395,33.76812,21
791,11,95.657,48.945465,48.274315,49.863087,92.7607,21
791,12,94.53146,49.67601,39.153473,42.797546,89.11104,21
792,1,66.61359,59.782482,17.921051,21.391542,50.087437,21
792,2,73.39617,63.697594,22.963837,24.25465,48.58251,21
792,3,75.990585,59.964706,23.184172,26.60895,61.376495,21
792,4,42.227047,23.766249,20.110092,24.094475,34.141846,21
792,5,17.58466,6.2740984,11.82419,12.755427,15.798383,21
792,6,21.37521,7.636989,12.468143,17.233149,20.51463,21
792,7,20.325596,6.066139,15.294954,15.613929,18.23572,21
792,8,10.44039,4.3528795,7.4058323,7.817601,9.138101,21
792,9,12.333049,6.168693,7.3770037,8.30261,10.862804,21
792,10,39.634983,29.170082,9.196665,14.486501,36.07714,21
792,11,98.86688,50.336655,40.32619,59.87947,103.01628,21
792,12,103.35283,54.437107,37.5929,53.03789,100.69589,21
793,1,176.01234,86.31159,76.94754,98.68481,176.17258,21
793,2,194.16527,79.23402,96.74635,134.59071,188.33676,21
793,3,168.43721,79.442535,53.802544,85.477615,191.60883,21
793,4,77.90402,46.402115,24.72099,34.72342,75.14405,21
793,5,10.184836,9.284738,0.46788436,1.7391418,7.924708,21
793,6,1.0650896,1.4995134,0.0,0.0,0.5275944,21
793,7,0.37998626,0.76942194,0.0,0.0,0.0,21
793,8,0.8328284,1.320593,0.0,0.0,0.10698213,21
793,9,16.595488,11.820564,2.2010221,4.0651946,14.018227,21
793,10,91.82983,60.072292,33.11116,34.4911,87.84081,21
793,11,200.36874,68.389534,103.16367,129.75145,220.36627,21
793,12,236.24684,66.42174,177.99237,184.69966,219.28293,21
794,1,174.38358,100.06362,66.00732,94.51456,162.87727,21
794,2,184.1905,83.42385,97.66711,110.5259,170.1002,21
794,3,157.2906,82.851105,46.806187,58.860435,174.27675,21
794,4,66.82467,42.508366,20.39499,26.337719,63.37218,21
794,5,9.30804,8.817422,0.42370498,2.309188,7.2282143,21
794,6,0.9491841,1.3082818,0.0,0.0,0.19854178,21
794,7,0.39435506,0.7955859,0.0,0.0,0.0,21
794,8,0.78821063,1.3296245,0.0,0.0,0.13733031,21
794,9,14.723189,11.43183,1.1351583,3.83328,12.04997,21
794,10,95.76094,65.65595,29.622011,31.65584,93.20104,21
794,11,194.90791,72.85051,110.64184,116.686134,220.55373,21
794,12,237.86275,70.67124,169.90735,193.70995,218.79607,21
795,1,104.903366,93.18957,27.42111,31.311811,91.46582,21
795,2,82.797356,58.17087,25.150114,41.67305,60.248775,21
795,3,93.29647,70.995316,20.808067,27.625282,92.8449,21
795,4,49.682392,33.603962,18.857662,20.62307,39.28858,21
795,5,15.725797,6.0140285,9.523702,11.39494,14.6266575,21
795,6,9.27871,2.6385195,6.5583377,6.9091916,8.8692,21
795,7,7.5845795,2.2305357,5.149836,6.0559697,7.019968,21
795,8,3.2033906,2.41666,1.5481954,1.8995256,2.5823038,21
795,9,10.637393,6.2485757,5.3850794,6.0309725,9.355453,21
795,10,47.875107,40.61368,10.565028,14.221747,49.195244,21
795,11,137.32632,62.91356,69.12642,82.21613,130.40695,21
795,12,130.51042,66.1533,68.26866,77.3614,117.918816,21
796,1,100.2922,77.847565,23.93366,33.06219,91.82907,21
796,2,77.765396,57.757507,20.433949,30.267962,55.235264,21
796,3,92.093216,71.17269,21.47278,34.582195,83.110146,21
796,4,43.601868,31.811178,18.903746,20.374783,39.768562,21
796,5,12.807812,5.5913935,6.9098806,9.0269375,11.701792,21
796,6,8.80586,3.1233423,5.386626,5.8577456,7.8842897,21
796,7,6.3729105,2.3641002,3.8052504,4.638154,5.544892,21
796,8,1.5623964,1.3405834,0.6743347,0.73065025,1.0256226,21
796,9,13.996989,6.6935287,7.8870454,8.465276,12.453525,21
796,10,48.34579,36.224327,14.0080385,17.82299,47.5288,21
796,11,133.75519,61.38757,72.82428,83.11602,122.76989,21
796,12,136.91841,61.16816,79.22972,87.12194,127.77791,21
797,1,305.68423,99.538536,185.44316,208.00824,291.52496,21
797,2,224.21165,69.84073,140.52538,179.48715,210.79745,21
797,3,221.30441,76.011215,125.22965,167.23677,225.15909,21
797,4,81.94632,35.77186,46.770634,56.63804,68.87076,21
797,5,18.791252,11.877895,7.6754684,8.255788,17.471575,21
797,6,3.9591544,5.4907436,0.0,0.049167465,2.6002617,21
797,7,2.6852658,3.3162045,0.0,0.0,0.087799385,21
797,8,2.6419454,4.771398,0.0,0.0,0.41230804,21
797,9,40.156517,24.237396,14.154938,15.306448,35.034786,21
797,10,115.67023,43.06616,64.7691,82.847176,110.94275,21
797,11,210.8433,49.75696,156.50575,166.9725,208.16531,21
797,12,291.8959,55.92025,226.8565,249.66342,286.5833,21
798,1,306.87177,97.17738,187.42723,224.32796,308.95667,21
798,2,229.8823,72.67941,158.04659,181.13916,212.246,21
798,3,225.55127,73.382675,140.57109,183.74486,218.94576,21
798,4,91.82709,38.830673,53.05619,58.9903,78.398964,21
798,5,18.585611,11.0224085,6.8460917,8.692389,17.198092,21
798,6,3.1207268,4.414783,0.0,0.06009261,1.002573,21
798,7,1.8350834,2.4672494,0.0,0.011700558,0.26430517,21
798,8,3.060707,5.2950463,0.0,0.0,0.62584007,21
798,9,42.139126,24.183117,10.775892,22.459013,41.323795,21
798,10,121.54889,42.349915,76.64768,81.40143,114.442764,21
798,11,225.43626,50.092865,165.3444,186.05939,210.70851,21
798,12,303.7673,63.002098,235.1664,253.78659,300.14685,21
799,1,194.70328,71.20806,98.829956,134.90375,191.61966,21
799,2,189.91185,69.80893,110.8762,128.01773,186.79747,21
799,3,201.30269,82.34983,86.56854,129.80597,211.29955,21
799,4,89.727356,49.273586,37.39637,43.127136,86.04269,21
799,5,16.20412,13.099485,3.8798256,5.726491,13.308301,21
799,6,1.5193692,2.0885444,0.0,0.0,0.9429728,21
799,7,0.6513077,1.2356302,0.0,0.0,0.0,21
799,8,1.650952,2.109933,0.3164717,0.36615348,0.4565292,21
799,9,16.49517,11.073283,3.0207946,3.739696,14.540916,21
799,10,107.97933,73.405716,33.982494,45.56177,88.52555,21
799,11,203.52625,59.059258,138.62163,152.0966,199.01682,21
799,12,236.4747,59.45263,172.96494,184.8111,232.73264,21
800,1,203.6466,79.955246,102.80716,135.7372,192.40746,21
800,2,209.09073,79.63659,122.97945,145.58548,195.65913,21
800,3,201.993,89.6015,88.87689,114.207016,205.92387,21
800,4,91.765854,51.700172,39.438072,46.747013,85.355446,21
800,5,16.773846,10.933372,6.04902,7.124298,15.020089,21
800,6,1.4224561,2.1156306,0.0,0.0,0.55381525,21
800,7,0.95058924,1.9220365,0.0,0.0,0.0,21
800,8,1.6304216,2.4005299,0.0,0.0,0.5719642,21
800,9,16.773329,11.768994,2.9903665,3.2764246,13.613261,21
800,10,117.027145,74.27997,37.189507,49.626595,100.58798,21
800,11,209.97003,59.944073,137.1291,173.30429,192.10753,21
800,12,245.51286,53.1321,177.34508,189.02463,241.97241,21
801,1,84.48723,65.90807,32.45572,44.404396,59.36433,21
801,2,93.99547,62.67754,27.98553,41.877213,77.7846,21
801,3,113.53784,66.596565,48.293884,62.27885,90.35047,21
801,4,100.582054,40.88553,56.793594,63.888134,89.77818,21
801,5,74.84957,28.92668,42.52744,51.96118,68.96219,21
801,6,72.88514,24.27341,45.44937,49.282387,74.282875,21
801,7,76.391815,22.696077,44.683365,67.17209,72.38163,21
801,8,58.68548,21.594929,37.054382,41.828423,51.691395,21
801,9,45.81522,15.881122,26.586695,31.112228,46.766403,21
801,10,56.141327,32.25353,24.79386,29.428741,43.618305,21
801,11,120.809044,60.047024,56.918587,66.24849,107.11334,21
801,12,100.32716,50.534695,39.026608,47.159935,100.483894,21
802,1,85.93595,69.877914,26.110382,37.32613,53.113976,21
802,2,91.62618,63.79649,28.477154,34.958645,69.39119,21
802,3,109.718735,66.14085,47.060383,65.11795,87.7359,21
802,4,83.5191,38.15807,44.083572,47.310036,80.00803,21
802,5,60.175148,24.98596,31.664307,34.4886,56.09143,21
802,6,43.004303,14.567632,26.970142,27.599094,39.81859,21
802,7,61.468987,16.155699,43.67265,51.37477,60.509766,21
802,8,42.128345,13.987182,28.959145,31.24524,38.589676,21
802,9,33.841633,10.881388,20.18437,23.79159,33.3579,21
802,10,53.655426,33.050304,19.355366,27.761013,46.461685,21
802,11,120.49266,60.93214,50.070152,70.96297,117.9422,21
802,12,107.38224,54.764442,36.078983,45.285988,106.45173,21
803,1,175.86545,102.97253,53.667313,83.68051,171.01544,21
803,2,154.4523,82.074486,75.623024,80.452934,131.90314,21
803,3,156.58644,89.03325,30.466122,57.21992,164.60231,21
803,4,57.194378,35.937954,18.487474,22.04978,53.302677,21
803,5,8.136629,5.924806,2.2024634,2.5331244,6.936804,21
803,6,0.99046326,1.3032141,0.0,0.020223306,0.36250338,21
803,7,0.29323086,0.5808067,0.0,0.0,0.0,21
803,8,0.50850797,0.81431353,0.0,0.0021921252,0.11562849,21
803,9,13.480546,9.62995,1.2700338,3.7190251,11.9106455,21
803,10,82.234085,61.600918,22.656185,25.137955,78.67664,21
803,11,193.9888,65.64752,102.58827,114.38172,221.29251,21
803,12,237.1396,66.239685,155.70923,172.06863,235.93425,21
804,1,135.71503,100.07553,38.240265,54.68124,134.18103,21
804,2,120.09318,74.92128,41.821888,68.9061,87.15434,21
804,3,118.51893,76.748314,11.047573,48.248287,117.23052,21
804,4,45.19084,33.512394,11.710356,16.920158,34.21895,21
804,5,2.734038,2.7068,0.21425928,0.35650072,1.5710009,21
804,6,0.4748112,0.63307744,0.0,0.0,0.05476185,21
804,7,0.21624406,0.3553289,0.0,0.0,0.0,21
804,8,0.27931404,0.6382008,0.0,0.0,0.0,21
804,9,10.311012,7.722749,0.86039865,4.990921,10.726086,21
804,10,57.400837,43.98407,16.645786,20.283901,53.338184,21
804,11,166.06818,57.62762,95.21585,102.28316,182.62976,21
804,12,198.44322,80.22447,114.448746,136.03952,179.21695,21
805,1,271.89288,79.68418,194.28574,203.80351,269.8082,21
805,2,244.8288,75.84306,121.863144,192.7031,265.34723,21
805,3,210.0961,76.16815,141.22975,151.63876,211.3941,21
805,4,80.816086,37.345562,38.12745,50.908756,76.90519,21
805,5,17.321842,12.156604,6.250181,6.721225,14.372986,21
805,6,5.2109323,9.573315,0.0,0.0,0.8843962,21
805,7,2.0353823,2.7417119,0.0,0.0,0.21357886,21
805,8,2.8849015,4.7197676,0.0,0.0,0.0,21
805,9,45.53553,28.68481,17.012955,17.485737,40.9128,21
805,10,115.55893,32.90894,75.41584,84.95961,111.64029,21
805,11,214.39569,57.15933,144.47356,152.77922,220.82527,21
805,12,287.4327,64.98185,221.7197,231.18361,275.52448,21
806,1,278.93185,79.72012,188.11253,199.92072,266.6065,21
806,2,229.86021,68.33319,153.0735,158.98967,235.78128,21
806,3,214.18315,84.82691,126.57987,153.88054,207.70349,21
806,4,79.17426,36.431206,41.014366,52.96815,69.44968,21
806,5,20.211372,13.989037,10.370491,11.541622,14.402577,21
806,6,5.217513,8.89536,0.0162247,0.034666568,1.4333296,21
806,7,2.1973875,3.2867973,0.0,0.0,0.08831786,21
806,8,4.3128343,6.66821,0.05036942,0.091177694,1.2849606,21
806,9,45.77647,27.861603,12.220103,21.16685,41.194466,21
806,10,125.3776,30.14291,90.01119,96.52528,128.98712,21
806,11,206.15486,47.541565,151.0236,153.0983,219.49579,21
806,12,267.82162,56.914513,212.62508,229.36636,245.99846,21
807,1,219.03311,78.189926,125.73166,155.78987,208.33133,21
807,2,197.2736,82.9183,95.90116,114.8808,179.16727,21
807,3,190.59482,79.42651,104.89201,114.281815,187.14737,21
807,4,97.523315,53.4415,46.556496,58.78116,92.469246,21
807,5,18.169298,10.382448,6.996503,9.992223,16.050695,21
807,6,1.2475408,2.0444558,0.0,0.0,0.29880834,21
807,7,1.1110357,2.2621338,0.0,0.0,0.02924476,21
807,8,4.3698006,6.264402,0.0,0.08821244,0.98432183,21
807,9,29.826067,20.151106,6.2800784,9.769963,29.985409,21
807,10,114.91428,65.48748,39.709217,58.192825,102.15222,21
807,11,204.29216,55.337162,130.10104,150.39308,214.58372,21
807,12,247.85756,51.04169,183.62444,198.58896,255.17886,21
808,1,214.91402,81.02842,117.58376,155.73306,211.22252,21
808,2,202.07541,89.24296,100.74864,110.18247,192.29062,21
808,3,189.93573,80.006516,100.43226,114.23339,195.58098,21
808,4,91.15204,53.592953,43.74485,46.429905,94.468475,21
808,5,15.727132,8.108064,7.62187,8.7794,14.041481,21
808,6,1.2510246,1.8946635,0.0,0.034604836,0.4191389,21
808,7,1.4623328,2.466829,0.0,0.0,0.52000904,21
808,8,2.5164711,4.187905,0.0,0.0,0.16288987,21
808,9,21.62948,15.458171,4.344958,6.6671395,21.188404,21
808,10,111.28153,72.29618,35.881386,48.373222,96.94948,21
808,11,210.3544,57.53435,131.12506,159.5606,221.69876,21
808,12,255.41962,50.13058,188.58006,216.71481,260.8368,21
809,1,280.68686,80.803276,177.7156,210.01575,285.5462,21
809,2,226.86047,66.04116,161.17094,167.8836,213.98747,21
809,3,212.10202,65.10098,124.39955,175.11038,201.01868,21
809,4,105.31385,40.617664,60.99629,67.82547,105.64586,21
809,5,23.732466,14.080837,8.241688,10.034342,20.756386,21
809,6,4.202954,6.5524135,0.44427383,0.5601076,1.7895286,21
809,7,1.903443,2.5296385,0.041667856,0.06665945,0.73847854,21
809,8,5.2381186,6.5955596,0.0,0.0,1.3242296,21
809,9,46.653503,25.647263,14.910891,24.57443,44.20755,21
809,10,140.5828,54.374268,84.090004,95.88074,122.11417,21
809,11,226.00188,51.37037,167.07503,169.71019,222.27666,21
809,12,295.7608,73.58909,208.22437,236.98782,282.1664,21
810,1,238.5147,81.62412,129.62477,166.99619,253.12817,21
810,2,201.76082,63.928585,142.33144,144.39723,186.1232,21
810,3,199.60626,74.52919,107.63094,141.47911,207.43962,21
810,4,99.25894,46.806107,52.082752,64.503265,89.77867,21
810,5,19.653955,11.209741,8.892548,12.490865,15.352479,21
810,6,2.9606533,4.061148,0.091914475,0.117580764,0.7510797,21
810,7,1.7868392,2.7539268,0.0,0.00938343,0.52977353,21
810,8,7.8349347,8.587649,0.023289716,0.47310245,3.4090471,21
810,9,42.124306,25.524014,9.236263,16.851234,47.92981,21
810,10,128.43523,66.91038,65.40984,81.913086,109.38991,21
810,11,221.37184,53.001987,153.2813,166.47644,226.27786,21
810,12,262.5976,64.6148,185.35854,211.11757,258.2457,21
811,1,143.42522,94.13213,34.814625,59.226963,134.37825,21
811,2,116.315765,76.09048,50.773647,61.8182,94.65842,21
811,3,125.50826,87.31503,15.594783,46.13415,110.69873,21
811,4,44.674164,34.113213,15.208192,16.054747,30.109478,21
811,5,5.351621,3.6592724,0.8633332,1.5851971,4.175272,21
811,6,0.98638105,1.204515,0.0035932395,0.04384938,0.33793145,21
811,7,0.23526083,0.41704574,0.0,0.0,0.039102044,21
811,8,0.6732888,1.2229291,0.0,0.0,0.11469039,21
811,9,11.135948,7.7378674,2.2364802,3.771585,11.27797,21
811,10,65.52119,51.2758,17.807184,24.917257,63.535873,21
811,11,174.96037,61.142536,85.37112,104.924065,191.6726,21
811,12,210.5735,74.38149,130.0918,139.6675,195.3752,21
812,1,120.9761,92.26432,34.016823,39.193424,108.74758,21
812,2,105.129326,64.60576,47.48237,54.646706,81.57928,21
812,3,100.04328,67.05838,15.3281555,31.183071,94.91866,21
812,4,41.20634,30.604488,12.457454,14.007999,29.33037,21
812,5,1.7101517,1.8949239,0.08125149,0.18954058,0.7008547,21
812,6,0.33312193,0.5060064,0.0,0.0,0.0,21
812,7,0.07440676,0.13160041,0.0,0.0,0.0,21
812,8,0.17221296,0.49310625,0.0,0.0,0.0,21
812,9,8.294111,7.18478,0.21481656,2.4263077,7.545123,21
812,10,51.876152,41.05355,12.675979,21.095043,39.97241,21
812,11,155.53595,55.517475,86.023926,92.849106,165.50198,21
812,12,167.4773,66.37837,94.11539,106.99628,149.59166,21
813,1,282.66568,93.6408,191.79068,213.00433,283.36798,21
813,2,243.40758,82.705055,140.65475,159.94026,250.53987,21
813,3,233.2741,95.668396,140.4038,159.9712,236.57173,21
813,4,87.61201,37.60955,37.821205,61.250397,88.37548,21
813,5,19.832409,13.449276,7.31832,8.536015,16.080532,21
813,6,5.3189545,8.985963,0.0,0.0,1.3220053,21
813,7,1.9881328,2.7846994,0.0,0.0,0.39125758,21
813,8,3.1857152,4.464777,0.0,0.0,0.6369405,21
813,9,50.138897,32.20397,16.504625,20.97779,46.154728,21
813,10,122.0957,30.676867,88.3589,91.94676,120.75937,21
813,11,225.85184,53.35581,156.15955,174.53479,231.18948,21
813,12,295.08292,63.69221,232.63742,235.82373,295.91052,21
814,1,271.04642,77.84996,178.88976,211.28412,268.4107,21
814,2,222.64511,69.843666,140.35956,154.11044,219.63599,21
814,3,231.26741,91.522385,140.44035,159.10408,221.17517,21
814,4,79.20303,36.79982,32.523457,48.606583,75.14962,21
814,5,19.597343,12.070981,7.497822,10.103451,15.367608,21
814,6,5.0713124,8.877488,0.0,0.0,0.92342687,21
814,7,1.8182501,2.7826996,0.0,0.0,0.027990438,21
814,8,3.6258748,5.407036,0.0,0.0,1.3010383,21
814,9,49.069817,32.565037,12.596418,20.815218,47.009483,21
814,10,126.824615,32.492207,89.1832,91.70599,120.93589,21
814,11,224.64514,55.86926,156.35464,177.2967,224.20306,21
814,12,284.55414,59.595486,233.47719,236.88307,270.91196,21
815,1,314.60376,79.67015,224.49245,250.866,321.52756,21
815,2,273.64713,67.7692,185.47784,225.53934,264.497,21
815,3,254.86185,61.60043,171.5078,209.4561,266.7662,21
815,4,123.25193,35.083588,74.21053,84.39688,132.4116,21
815,5,37.042316,23.925768,15.01207,16.142838,35.82855,21
815,6,11.3855915,10.761099,2.676417,3.5591125,6.920786,21
815,7,7.240187,7.4462605,0.7430893,2.6483808,3.9399393,21
815,8,13.216225,10.976293,2.4466524,3.521265,9.456598,21
815,9,63.029716,41.371716,19.594213,35.918526,54.20543,21
815,10,160.10852,41.097572,120.54306,126.40623,146.68968,21
815,11,198.18599,47.76467,142.10356,161.62253,215.76604,21
815,12,277.8988,75.553955,183.99405,207.94882,280.83838,21
816,1,224.10066,58.350132,157.02612,161.89787,215.96175,21
816,2,237.00266,63.01226,154.1546,191.37193,232.69011,21
816,3,215.96024,51.786877,150.8418,186.90503,212.82788,21
816,4,118.2037,43.558243,59.482822,73.21063,128.10742,21
816,5,40.150574,25.081615,13.948804,20.055618,32.185135,21
816,6,17.836157,13.983109,6.815788,7.137489,12.7055855,21
816,7,12.966585,10.961777,5.61226,6.8897676,8.070532,21
816,8,20.1501,15.389797,6.73998,8.168839,13.232572,21
816,9,57.46285,39.529705,20.293936,27.554815,48.35667,21
816,10,138.05048,39.342922,101.12291,103.54952,134.5511,21
816,11,160.49588,50.18259,101.78954,121.267,149.86737,21
816,12,224.11172,61.503555,158.40741,170.65486,228.64629,21
817,1,296.17377,89.91027,188.62007,235.73753,291.4157,21
817,2,244.42053,74.5892,157.12906,181.50748,238.81181,21
817,3,206.41158,72.18642,119.90273,139.17213,198.77544,21
817,4,91.44647,37.94747,47.86112,53.60414,81.1964,21
817,5,22.887657,14.654951,10.460247,11.41812,19.551924,21
817,6,5.6268005,9.0052395,0.0,0.0,2.4768548,21
817,7,1.9036369,2.3644516,0.0,0.0,0.6292306,21
817,8,4.176773,6.137465,0.0,0.0,1.0168743,21
817,9,59.183495,37.320732,22.788193,29.132572,58.840458,21
817,10,138.22276,35.880657,100.07797,102.68198,132.48898,21
817,11,219.33904,46.708942,171.39046,181.33514,213.21481,21
817,12,288.64438,61.59612,235.23293,240.52084,263.41785,21
818,1,286.74603,79.707275,184.79297,228.6333,280.0815,21
818,2,255.72723,67.394,190.24953,207.07976,237.50266,21
818,3,227.00337,64.66375,132.74895,180.5917,244.02391,21
818,4,112.19916,33.491768,71.06397,73.29858,110.03955,21
818,5,32.85425,17.096216,15.903932,19.739048,29.233017,21
818,6,8.1799965,11.193452,0.42440185,0.63007593,4.1158924,21
818,7,4.293046,4.095448,0.9351206,1.1940134,2.065428,21
818,8,6.5029893,6.78149,0.005788629,0.18105136,5.0178857,21
818,9,61.733955,33.690495,23.068518,41.116867,55.87396,21
818,10,141.73943,26.625746,107.94576,117.94489,140.57,21
818,11,214.2778,37.054382,173.20168,178.7353,205.21242,21
818,12,278.94388,54.461105,221.88405,243.03389,263.41058,21
819,1,119.78634,89.54801,30.827719,45.49246,99.547615,21
819,2,99.78025,59.796047,45.562096,56.252403,71.96458,21
819,3,111.63538,77.00535,23.746416,35.41222,103.56168,21
819,4,40.453033,27.147884,12.873689,14.672905,37.217648,21
819,5,1.5345244,1.9483641,0.037055254,0.10542634,1.0288169,21
819,6,0.263522,0.43017915,0.0,0.0,0.0,21
819,7,0.039319523,0.07383157,0.0,0.0,0.0,21
819,8,0.21968773,0.52739507,0.0,0.0,0.0,21
819,9,9.7362795,8.3451,1.9053217,2.2465668,8.96018,21
819,10,51.92457,40.459023,13.840563,22.228971,46.138916,21
819,11,159.61629,60.044674,82.92223,85.78316,175.53366,21
819,12,170.89772,68.70852,97.65276,117.217735,151.78091,21
820,1,121.02763,101.48724,21.23019,38.59817,99.39663,21
820,2,92.63183,52.89928,46.115475,50.73766,72.28072,21
820,3,104.30565,73.09394,19.567863,29.201662,104.423256,21
820,4,38.188725,27.485851,10.454549,15.315212,31.650337,21
820,5,3.474065,2.2557,0.9644532,1.3711042,2.8997881,21
820,6,0.30051205,0.34814712,0.0,0.0010936466,0.20538923,21
820,7,0.57841045,0.23570397,0.3112353,0.38444656,0.58229315,21
820,8,0.19540294,0.30159557,0.0,0.0,0.014505301,21
820,9,9.296568,7.3034334,2.3096747,3.4973466,7.4169106,21
820,10,49.14748,38.496746,18.14537,21.30156,38.083313,21
820,11,147.16725,61.579338,71.782,94.99509,149.78682,21
820,12,168.16585,75.61713,98.524,121.79818,148.24512,21
821,1,307.5508,81.51304,231.61288,240.6692,297.18448,21
821,2,251.189,59.343346,181.57932,194.54257,247.41347,21
821,3,231.4272,56.676067,151.25093,184.80174,235.75365,21
821,4,115.19287,37.710186,57.045685,82.128525,121.979256,21
821,5,36.424507,23.333706,14.055906,16.492228,34.837452,21
821,6,11.081091,12.77545,1.239703,1.4383451,5.866956,21
821,7,7.5867405,6.8764434,1.0157781,3.0766397,4.76839,21
821,8,12.139849,11.076552,0.03531264,1.4230071,9.427938,21
821,9,61.464176,39.113525,25.81227,32.68966,50.239502,21
821,10,132.50447,27.50744,96.5294,110.43847,130.52988,21
821,11,182.08838,37.82856,132.18582,161.12474,175.62672,21
821,12,253.352,73.381256,173.63635,181.09264,245.21677,21
822,1,274.8654,61.81523,197.60667,228.36316,268.07327,21
822,2,248.37015,47.365482,181.69592,225.48352,241.80849,21
822,3,235.31152,53.975086,185.09683,196.39847,229.38675,21
822,4,121.599106,38.71234,69.857925,100.42782,131.12617,21
822,5,44.285847,23.204796,21.136791,23.497112,40.80364,21
822,6,13.374593,12.470056,2.1999345,3.3431087,12.9679985,21
822,7,10.647914,8.898873,4.4119534,5.7730293,7.370038,21
822,8,13.402257,11.625568,0.6503608,3.1612356,8.818706,21
822,9,58.666893,38.123634,18.86685,32.610023,53.682457,21
822,10,136.05104,29.99318,107.5485,109.55947,134.06317,21
822,11,185.94675,36.66513,139.04112,157.26775,187.37372,21
822,12,250.58484,68.48434,174.12971,189.27975,246.09883,21
823,1,138.33742,95.83635,37.84762,53.33007,127.436615,21
823,2,103.628845,65.54722,45.984543,50.180473,83.147064,21
823,3,113.934975,85.33642,16.650505,29.030651,102.62507,21
823,4,39.31819,23.966894,16.749817,19.391743,29.671253,21
823,5,3.7145212,2.9285612,0.34463736,1.1296297,3.2966466,21
823,6,0.72178495,0.88777643,0.0,0.0,0.3296686,21
823,7,0.15579964,0.3376893,0.0,0.0,0.0,21
823,8,0.46083608,0.9841687,0.0,0.0,0.06846731,21
823,9,11.219812,9.056013,2.5972934,4.033161,9.729132,21
823,10,55.627174,44.933434,14.354809,16.152008,50.61374,21
823,11,173.00876,62.292473,72.693726,103.7209,184.30313,21
823,12,199.68298,64.84992,140.33208,147.42857,192.28754,21
824,1,132.78616,93.77623,34.015846,53.9079,110.44642,21
824,2,96.58117,56.42848,42.466736,54.98194,81.63206,21
824,3,101.83102,72.43504,20.73691,38.027096,88.72392,21
824,4,36.30488,22.451395,15.176012,16.105309,31.854742,21
824,5,3.1697621,2.4992826,0.9280585,1.1353076,2.5358999,21
824,6,0.36063552,0.48831698,0.0,0.0028169958,0.11713914,21
824,7,0.3325527,0.3663483,0.0483331,0.066925876,0.22267997,21
824,8,0.5463292,0.962239,0.0,0.0016830331,0.08544392,21
824,9,10.070303,8.228952,2.2162004,3.8501709,8.522831,21
824,10,51.968327,41.033062,18.141594,20.698008,40.557297,21
824,11,164.94435,61.314262,68.77011,106.08244,173.69429,21
824,12,190.81369,68.44471,131.34567,147.40219,176.46622,21
825,1,277.73737,102.81669,162.30995,204.33775,253.65031,21
825,2,217.79866,75.6268,136.58073,157.8325,209.22543,21
825,3,213.49805,81.586586,116.54516,163.73116,208.69289,21
825,4,71.72487,30.885626,43.684616,50.07482,60.5428,21
825,5,18.201805,11.945945,8.9999485,9.46251,13.763641,21
825,6,5.1228614,8.204978,0.0,0.061001293,2.6445265,21
825,7,2.1533916,3.058889,0.0,0.0,0.26899397,21
825,8,3.1819386,5.3441978,0.0,0.0,0.4133507,21
825,9,37.973156,20.385294,9.259676,16.816149,36.046394,21
825,10,116.108574,33.10839,73.10315,94.76006,113.07297,21
825,11,208.9427,55.592857,145.89778,153.54382,211.70279,21
825,12,266.11932,60.3562,191.94891,223.40942,272.38385,21
826,1,298.6585,87.26334,189.59875,225.12523,302.49176,21
826,2,226.65886,66.91692,153.95238,178.09131,207.54956,21
826,3,221.3746,73.734436,130.51184,175.98314,232.73529,21
826,4,85.8503,36.823635,45.708477,54.964287,72.65487,21
826,5,20.02866,11.253892,8.094342,10.3847885,16.357069,21
826,6,4.0049596,6.8084936,0.0,0.06095163,1.3727785,21
826,7,1.8799729,2.3881454,0.0,0.0,0.15652275,21
826,8,4.258798,6.035061,0.0,0.0,1.3690435,21
826,9,36.485733,19.929161,16.387146,18.262642,32.886406,21
826,10,118.979454,38.200893,81.30212,84.47189,110.57632,21
826,11,228.5262,58.121696,164.79651,172.28487,217.06429,21
826,12,297.5866,62.65166,219.01305,248.95297,289.19717,21
827,1,287.8611,83.848694,187.23116,227.36281,282.41547,21
827,2,215.65514,62.85183,141.99194,165.68814,214.20796,21
827,3,223.17462,75.95328,126.32056,145.0702,225.02856,21
827,4,83.45131,35.741066,42.441776,55.773487,71.54188,21
827,5,23.526333,13.596585,10.176681,13.3078375,21.133907,21
827,6,5.5086026,9.654095,0.08658643,0.12936866,1.9655734,21
827,7,2.0638137,2.3691463,0.0,0.045665294,0.23649856,21
827,8,7.482867,9.036044,0.11599077,1.0411061,4.06972,21
827,9,42.82609,22.872282,19.125597,21.952208,35.264114,21
827,10,117.85221,33.35594,77.488396,87.86846,112.050674,21
827,11,212.5739,50.8389,159.30154,165.73943,220.29056,21
827,12,277.04935,62.799088,201.38457,224.19514,285.41754,21
828,1,285.24033,111.22196,165.41716,205.06815,255.19759,21
828,2,220.88567,82.09035,142.85419,156.26884,204.35652,21
828,3,193.1543,82.3023,84.49258,146.954,185.47366,21
828,4,78.23839,40.986855,39.73905,49.025764,64.58499,21
828,5,20.906574,14.1059475,8.8262615,11.250296,17.58806,21
828,6,5.042575,8.036603,0.0,0.0,2.7693667,21
828,7,2.4032493,3.3851275,0.0,0.0,0.25318033,21
828,8,4.822786,7.5162745,0.0,0.0,0.361154,21
828,9,40.51339,23.435326,12.3575115,20.125723,37.571655,21
828,10,127.4413,35.87284,94.85441,103.748695,119.82678,21
828,11,197.96796,49.56342,135.08612,156.95686,187.65326,21
828,12,270.11896,65.59549,213.46541,233.31688,254.79642,21
829,1,294.2524,111.448456,161.10397,211.03508,252.35681,21
829,2,228.82399,84.207306,164.64041,170.07127,206.47275,21
829,3,196.54181,86.64899,84.159485,127.942406,187.7916,21
829,4,76.612465,42.774952,37.469437,43.550083,61.7633,21
829,5,21.727491,15.3850975,7.4062,8.838061,14.071337,21
829,6,4.3562775,7.237705,0.0,0.0,1.9311724,21
829,7,2.7418988,4.0146613,0.0,0.0,0.0,21
829,8,6.3503914,8.644763,0.0,0.0,4.153042,21
829,9,45.42043,27.740604,13.592506,18.410362,44.761795,21
829,10,128.27805,37.11948,90.229706,97.99351,126.886116,21
829,11,191.6552,49.19653,133.77838,152.7553,180.57425,21
829,12,268.22183,68.15366,209.56117,214.89885,251.26328,21
830,1,304.20392,117.406334,198.74184,216.32745,275.32928,21
830,2,225.6928,79.269714,147.36955,161.11374,213.20543,21
830,3,214.51794,81.24941,114.10481,137.09856,208.29506,21
830,4,80.44851,44.249237,41.14154,43.594944,66.570404,21
830,5,22.26841,14.384301,8.833878,9.786788,17.849365,21
830,6,5.240876,9.558512,0.0,0.090889946,1.3083959,21
830,7,3.197356,3.4429255,0.0,0.0,2.4089541,21
830,8,6.470632,7.688214,0.0,0.7432574,3.648562,21
830,9,40.896595,23.144386,15.834663,17.611137,38.029797,21
830,10,116.92248,28.564661,87.10462,91.84932,116.76893,21
830,11,216.29582,50.30054,162.21547,173.04512,215.75769,21
830,12,274.60132,65.30934,199.5874,226.71472,276.6104,21
831,1,171.89104,104.75335,46.292328,60.45222,183.56578,21
831,2,136.72275,84.61921,51.732536,66.093666,115.616646,21
831,3,158.79645,100.79783,35.7937,66.6997,149.46942,21
831,4,58.19384,47.82643,12.836121,22.818787,44.595665,21
831,5,9.782437,5.7342343,3.3302274,4.577457,8.456107,21
831,6,1.1875384,1.7710401,0.0,0.0,0.24478988,21
831,7,0.25634614,0.5390812,0.0,0.0,0.0,21
831,8,0.6212136,1.3147041,0.0,0.0,0.076081924,21
831,9,9.625786,8.679886,0.0,0.8224093,7.6121564,21
831,10,77.5725,61.156242,20.271463,26.180092,66.7478,21
831,11,196.66623,70.67639,109.29388,131.34192,197.2805,21
831,12,239.07394,73.84574,144.77216,175.30647,257.7357,21
832,1,157.55428,98.38213,44.989136,59.26649,160.89635,21
832,2,119.21012,77.133484,42.099926,58.153492,117.399765,21
832,3,127.05978,77.45905,31.161928,51.362064,130.27884,21
832,4,51.555,40.566765,12.932233,23.457212,45.379757,21
832,5,10.701757,5.0420203,6.054976,6.4577856,8.253601,21
832,6,0.9097041,1.3422939,0.0,0.0,0.36144325,21
832,7,0.26660606,0.6049035,0.0,0.0,0.0,21
832,8,0.6626124,1.7361618,0.0,0.0,0.0,21
832,9,10.687126,9.357957,0.0,1.8367147,8.070286,21
832,10,85.095955,62.749607,17.75065,34.50484,78.238815,21
832,11,177.5782,60.574627,103.7462,124.07762,194.91861,21
832,12,215.01189,73.97984,122.024124,130.43872,226.22453,21
833,1,148.92743,107.56613,44.949852,56.828667,134.82057,21
833,2,108.74236,68.74569,34.94878,62.78656,92.61647,21
833,3,103.69078,75.614586,14.616011,20.04498,92.35217,21
833,4,36.349663,21.751781,14.160453,16.207222,28.560009,21
833,5,3.8537257,2.96185,0.22045192,0.85269874,3.2348332,21
833,6,0.5818461,0.7381217,0.0,0.0,0.2769239,21
833,7,0.30223733,0.52734876,0.0,0.0,0.057876922,21
833,8,0.62504375,1.4902753,0.0,0.0,0.02740483,21
833,9,11.47022,11.823027,1.0290809,2.7047367,8.987133,21
833,10,61.13665,48.406822,17.333305,24.766237,44.90538,21
833,11,185.9932,62.980446,98.22436,114.29394,214.84296,21
833,12,209.7457,70.1512,137.90106,150.98938,181.05408,21
834,1,155.1886,105.06249,55.25484,72.81449,139.67615,21
834,2,110.86559,74.0411,37.411457,45.447475,99.86796,21
834,3,113.47053,78.47595,17.464909,36.347244,98.096596,21
834,4,38.887154,22.327501,15.5127125,19.895672,28.240536,21
834,5,5.443968,3.8367436,0.05127878,2.2383919,4.7527037,21
834,6,0.9027537,1.309324,0.0,0.0,0.3726572,21
834,7,0.3323983,0.66697055,0.0,0.0,0.0,21
834,8,0.7923523,1.6321121,0.0,0.0,0.0062583694,21
834,9,13.173479,11.515528,3.1663141,4.2424707,11.982222,21
834,10,61.045387,45.390713,16.919746,21.752201,57.180443,21
834,11,187.08266,70.47599,89.49216,114.439384,204.66168,21
834,12,214.36214,65.17336,142.90295,165.91042,192.36337,21
835,1,181.37991,101.19524,65.027664,71.81801,197.41492,21
835,2,147.77942,83.65501,66.54986,78.10371,141.1352,21
835,3,159.42615,95.488785,48.38986,58.96131,148.71965,21
835,4,63.97574,48.358776,15.017403,28.63827,51.14326,21
835,5,13.496945,7.128542,6.5370297,6.7427793,11.633503,21
835,6,1.3175616,2.0036783,0.0,0.0,0.52142996,21
835,7,0.2713848,0.60440886,0.0,0.0,0.0,21
835,8,1.1643338,2.2462182,0.0,0.0,0.032017283,21
835,9,12.102469,10.401687,0.06873463,2.146816,11.100133,21
835,10,77.597755,58.212864,18.9398,22.416183,68.2016,21
835,11,206.38728,68.93458,126.14046,139.57692,211.34874,21
835,12,254.21907,76.27232,152.79402,196.99188,249.54445,21
836,1,170.60573,109.803825,45.428993,65.63518,191.95248,21
836,2,120.50836,65.84707,57.440083,65.14728,107.25397,21
836,3,126.06911,69.90601,37.91163,47.307922,128.66647,21
836,4,52.211052,35.95331,17.839306,30.071465,42.84607,21
836,5,11.827656,5.4109178,6.609234,6.8382225,10.768303,21
836,6,1.0782322,1.5204042,0.0,0.0,0.2904664,21
836,7,0.47851908,0.7899674,0.0,0.0,0.06452725,21
836,8,0.93878955,2.030528,0.0,0.0,0.06961693,21
836,9,13.140836,10.457208,1.463774,3.2601852,9.396338,21
836,10,81.898735,60.098953,20.733727,35.83446,64.64107,21
836,11,183.14923,66.92693,110.67456,118.58913,199.17001,21
836,12,220.73308,79.24329,114.23158,150.48492,220.87245,21
837,1,308.64395,111.47064,177.10405,202.10608,292.06552,21
837,2,227.61,82.97561,131.34778,163.9712,219.95627,21
837,3,221.07191,84.980446,120.95787,135.08128,220.53084,21
837,4,76.98804,37.509457,42.085644,45.552288,64.12883,21
837,5,19.732386,13.579219,6.379035,8.133144,15.131452,21
837,6,4.442579,7.988362,0.0,0.0,0.80939674,21
837,7,4.1026783,5.2792654,0.0,0.0,1.364208,21
837,8,10.212473,8.8451185,1.8927574,4.392724,6.670582,21
837,9,50.72626,31.942331,15.201654,18.627094,49.35357,21
837,10,117.13761,31.34989,88.03382,91.79691,109.30662,21
837,11,204.8069,51.431152,142.65916,164.32195,202.2256,21
837,12,261.9555,68.17587,191.98184,218.39171,239.4108,21
838,1,286.15668,94.633,185.06712,207.4352,271.52396,21
838,2,228.25023,77.25077,152.51321,174.11441,217.04715,21
838,3,223.19193,75.778175,120.43902,167.97766,224.96979,21
838,4,83.44215,37.03472,46.80139,52.12541,74.73614,21
838,5,26.022257,13.4075985,14.3799095,15.7559395,23.06761,21
838,6,7.492489,12.928911,0.2403709,1.0231341,3.9115288,21
838,7,3.638511,3.8968966,0.07945174,0.17165253,2.558579,21
838,8,9.761958,8.307209,1.2931594,3.4480338,6.1345005,21
838,9,46.94779,27.116856,17.429747,18.175629,44.311626,21
838,10,112.29359,26.270666,92.13537,93.39783,104.177635,21
838,11,202.54567,46.9202,143.91289,158.42982,207.19588,21
838,12,265.9146,54.30393,191.61581,225.38857,253.73053,21
839,1,282.0134,70.599525,210.0543,228.32774,256.7263,21
839,2,241.44353,69.96934,169.65218,176.06068,223.18396,21
839,3,225.27695,70.09068,135.85692,167.93367,227.67929,21
839,4,92.83815,30.530117,54.334274,67.889595,94.3022,21
839,5,32.45014,17.337849,15.131084,20.639978,27.274792,21
839,6,8.679286,12.416318,0.44746345,0.70113045,3.6619644,21
839,7,3.4985268,4.7231956,0.056284815,0.13396704,1.1118525,21
839,8,6.4780912,6.3499045,0.2705099,0.3405292,3.7960963,21
839,9,58.324596,30.666622,15.058771,26.307022,58.287056,21
839,10,126.10993,19.704443,99.42318,110.28242,125.69411,21
839,11,196.3283,36.201275,158.1448,167.46555,200.78426,21
839,12,264.15793,56.680138,216.98006,225.23772,255.42451,21
840,1,280.3974,67.66059,199.0457,216.6289,280.03146,21
840,2,230.4878,68.57745,132.98625,158.04185,234.11372,21
840,3,221.7333,63.84115,149.64442,167.9431,224.64503,21
840,4,90.63219,35.51168,52.286694,61.80181,79.72592,21
840,5,34.52727,15.834482,19.28915,22.695007,30.117937,21
840,6,10.850434,15.132626,1.241449,1.3111058,5.3911424,21
840,7,4.6699023,5.2413945,0.5898704,0.847681,2.4367604,21
840,8,12.204177,10.529634,2.3445148,2.787493,9.201131,21
840,9,60.689976,32.132866,17.167305,21.136364,62.38622,21
840,10,125.18921,24.000612,102.7847,104.61976,120.986534,21
840,11,181.35284,38.736855,121.6547,156.77292,173.63599,21
840,12,251.99014,55.659054,202.37325,208.79718,234.60434,21
841,1,278.17633,67.26057,203.49161,222.23277,281.50238,21
841,2,244.31818,46.783516,176.36485,194.46242,256.49774,21
841,3,276.64935,62.658257,200.41138,226.67325,288.39062,21
841,4,120.02267,42.367424,79.77311,99.002075,120.14129,21
841,5,47.955715,18.821272,26.845703,32.664196,46.36529,21
841,6,15.348783,10.446138,5.7234964,7.25276,12.401357,21
841,7,14.322459,10.123972,6.1496058,7.4245634,9.5737505,21
841,8,25.585161,14.147903,9.165429,17.448036,22.63426,21
841,9,72.53491,33.880924,33.469486,55.591534,68.92929,21
841,10,152.74553,46.095657,98.15127,120.01997,144.66048,21
841,11,202.00456,52.965622,152.65074,155.86269,204.36234,21
841,12,254.4553,46.35338,211.97896,219.43639,235.77596,21
842,1,262.63593,62.14828,199.1708,209.83969,260.20605,21
842,2,243.53209,50.18432,180.19565,203.82767,250.83134,21
842,3,216.74245,51.143543,159.3022,170.09734,201.57802,21
842,4,106.59761,32.80453,72.48947,95.97676,102.00373,21
842,5,46.113647,19.378283,22.353582,31.303982,43.16397,21
842,6,16.268257,13.184158,5.013518,5.246678,12.061376,21
842,7,13.173123,10.352082,4.2834206,5.6752357,9.594284,21
842,8,22.501034,14.975145,6.5165405,11.805235,16.942028,21
842,9,59.661343,33.761536,31.282074,33.12522,53.54284,21
842,10,131.83098,36.467762,90.97933,100.01052,129.25482,21
842,11,177.96622,45.261272,126.271355,143.58253,169.74283,21
842,12,235.50105,43.335308,195.05846,200.35158,239.70984,21
843,1,182.463,108.119385,64.911255,68.08763,206.5907,21
843,2,138.54256,69.91334,66.22126,71.15092,138.6575,21
843,3,146.3586,88.66974,44.35538,70.02785,156.15189,21
843,4,51.26529,39.37305,13.278489,19.352875,42.609833,21
843,5,13.449971,7.4831142,5.9701166,6.9980645,11.204657,21
843,6,1.7926154,2.7687554,0.0,0.0,0.5657458,21
843,7,0.54083526,0.9224326,0.0,0.0,0.0,21
843,8,1.3786056,2.5490305,0.0,0.0,0.05724536,21
843,9,17.41876,12.154027,3.3129964,4.4086847,14.314837,21
843,10,74.316505,52.197655,22.389027,28.966768,62.048927,21
843,11,205.78006,73.30811,120.37894,130.94127,196.76242,21
843,12,243.49535,75.78909,130.42952,173.83684,251.07817,21
844,1,177.51973,114.27425,47.466587,62.311565,188.5611,21
844,2,117.77135,58.180607,55.208645,68.56054,114.7632,21
844,3,137.79263,83.13648,43.033543,65.053925,130.08005,21
844,4,43.098892,28.571997,13.221443,19.362495,34.289204,21
844,5,10.413474,6.6252103,2.4986446,3.9701462,9.599808,21
844,6,1.4223917,2.1328123,0.0,0.0,0.34054863,21
844,7,0.87279385,1.4949062,0.0,0.0,0.0,21
844,8,1.5260224,3.025571,0.0,0.0,0.0,21
844,9,16.672817,12.318369,3.983202,4.3727984,12.440166,21
844,10,71.23356,52.4955,23.418228,25.49627,52.780346,21
844,11,192.25955,73.1675,103.07506,125.04129,198.36577,21
844,12,235.57973,89.40471,123.10537,167.1307,222.39934,21
845,1,208.17659,68.98063,124.377,157.12486,211.97954,21
845,2,190.09402,91.56952,84.34421,98.742546,182.67754,21
845,3,189.65524,84.42537,117.71437,121.259476,176.02084,21
845,4,96.972946,56.377777,40.813076,55.952732,84.79116,21
845,5,22.482569,10.951533,9.989185,15.634585,19.968348,21
845,6,2.035857,3.0424092,0.0,0.0,0.3626171,21
845,7,1.2135279,2.2503393,0.0,0.0,0.0,21
845,8,9.145395,11.307178,0.0,0.0,5.9193335,21
845,9,32.401558,18.970388,7.333024,10.152763,33.84203,21
845,10,105.31273,58.8765,41.701668,55.744015,95.44653,21
845,11,205.21138,58.635757,146.78918,149.006,207.80362,21
845,12,253.96826,57.874134,198.1102,212.17194,241.18599,21
846,1,204.11066,70.603714,119.55737,145.66061,202.52948,21
846,2,194.14195,93.89135,80.84473,114.48668,180.38693,21
846,3,183.49072,86.454315,94.768425,110.79586,194.8578,21
846,4,91.79432,60.157135,35.068504,42.319855,80.857414,21
846,5,18.973898,9.400445,9.632791,11.336699,17.87393,21
846,6,1.6310049,2.6043143,0.0,0.0,0.25349593,21
846,7,2.1275532,2.638294,0.0,0.0,0.8031626,21
846,8,6.153632,8.566569,0.0,0.0,1.4367484,21
846,9,25.669085,14.91561,5.975093,7.7621765,24.374723,21
846,10,98.809944,58.439735,38.303734,49.073357,98.58422,21
846,11,216.476,59.18059,141.15388,166.35577,208.6833,21
846,12,262.85782,56.35523,203.02199,219.14941,260.72446,21
847,1,162.47139,106.874405,59.550266,69.22307,172.03067,21
847,2,120.72679,71.75543,38.690422,66.1317,104.54531,21
847,3,125.09264,75.02143,19.699703,58.780197,131.35863,21
847,4,43.536144,24.664198,20.09568,21.138557,32.27494,21
847,5,8.175939,4.9415584,3.2714078,4.3208804,7.575927,21
847,6,1.5463136,2.089142,0.0,0.0,0.64587563,21
847,7,0.5241938,0.85772955,0.0,0.0,0.0,21
847,8,1.7375623,3.8734415,0.0,0.0,0.055839743,21
847,9,17.579952,13.860714,6.229316,6.5728855,14.748593,21
847,10,69.662384,49.024506,22.84087,29.174189,63.49438,21
847,11,188.65625,68.96244,88.839134,116.81299,195.33626,21
847,12,226.03276,63.66323,140.5698,181.8787,219.88892,21
848,1,163.95984,108.2383,52.14689,68.40081,136.89113,21
848,2,118.12327,69.48814,46.544594,69.36988,104.36446,21
848,3,123.0083,80.15558,23.584103,30.325907,102.305595,21
848,4,41.373543,24.892727,16.476143,18.559631,33.108116,21
848,5,7.5919757,3.9375033,3.5408711,4.337726,6.853839,21
848,6,1.4732426,2.0814831,0.0,0.06022485,0.607883,21
848,7,0.5194467,0.7827773,0.0,0.0,0.14492597,21
848,8,1.9159479,4.220694,0.0,0.0,0.27373356,21
848,9,18.309494,15.997597,2.9927938,4.618801,14.330446,21
848,10,69.78577,57.353634,21.971357,30.502338,56.90516,21
848,11,204.63484,70.021675,98.911934,131.15834,230.43333,21
848,12,230.66774,63.689724,162.28241,166.4972,223.65784,21
849,1,198.13826,97.66023,80.08182,95.77326,209.07211,21
849,2,160.77939,79.67855,62.04495,102.00477,141.90883,21
849,3,167.18248,85.8047,79.67405,93.58882,180.45142,21
849,4,65.720215,37.974583,23.131458,34.804585,58.920437,21
849,5,14.114967,7.8016977,6.311086,7.4920487,11.561551,21
849,6,1.8587189,2.756629,0.0,0.043373235,0.8840021,21
849,7,1.5425829,1.9069717,0.22850785,0.2671133,0.782002,21
849,8,2.6884105,4.049434,0.01803074,0.030896243,0.41138852,21
849,9,19.310572,12.536576,3.8620486,4.686441,18.341154,21
849,10,83.65013,53.26673,29.52345,35.137196,77.05526,21
849,11,214.88948,61.770775,131.33812,149.27959,239.83267,21
849,12,247.58966,52.518215,170.25737,202.24062,260.92978,21
850,1,171.39972,109.7558,48.821674,67.99051,176.26607,21
850,2,116.801025,61.76964,54.97158,68.141106,111.98406,21
850,3,134.66081,69.112274,43.499382,78.38999,123.05149,21
850,4,46.70141,25.8278,18.136354,28.333433,34.73997,21
850,5,9.5995865,5.7843075,4.169787,4.6888933,8.1966,21
850,6,1.5535153,2.159153,0.0,0.06463499,0.85174835,21
850,7,0.7371945,1.206258,0.0,0.0,0.2840789,21
850,8,2.0416584,3.6195266,0.0,0.0,0.16834356,21
850,9,15.637479,12.757197,1.1390237,3.2290943,13.695459,21
850,10,73.18257,55.32146,25.145502,31.970509,56.08505,21
850,11,190.10999,65.16608,107.831184,130.33098,199.68149,21
850,12,227.9073,71.09626,156.05005,177.52238,218.26842,21
851,1,240.61319,63.19552,177.23088,208.73573,222.62375,21
851,2,203.77371,40.104103,156.6128,171.45245,199.86685,21
851,3,202.68259,46.70868,135.6067,168.95287,207.70416,21
851,4,98.6651,30.1016,52.90797,81.01095,98.38723,21
851,5,45.676567,17.28905,27.275335,33.604927,41.847725,21
851,6,19.38715,15.800263,6.8818693,7.4622684,12.1708,21
851,7,16.265388,10.606955,6.9274797,7.4208684,11.11486,21
851,8,23.288702,15.857938,4.474889,8.695132,27.959177,21
851,9,66.132065,30.164354,28.984234,37.427418,64.7604,21
851,10,102.81969,25.173706,76.523506,85.82802,95.383606,21
851,11,163.80083,40.449093,110.37613,129.32362,167.65065,21
851,12,210.04446,39.545124,160.05652,182.60124,209.17987,21
852,1,230.73366,53.048885,186.44817,192.26001,217.10773,21
852,2,199.6891,30.16917,169.69167,175.99768,196.32306,21
852,3,186.08841,43.313133,123.635864,153.51477,183.40369,21
852,4,103.83482,28.785341,64.49007,85.55513,104.786606,21
852,5,46.65541,16.688742,26.102295,34.011826,45.72985,21
852,6,19.142424,14.70166,6.329663,7.309194,15.291711,21
852,7,16.60116,9.912658,8.461188,9.094162,11.055871,21
852,8,25.764315,17.508915,6.4661417,8.214441,29.22765,21
852,9,57.765335,24.004044,29.60673,41.60467,56.531803,21
852,10,100.38659,26.477083,76.53767,81.72522,94.40626,21
852,11,153.06502,34.070442,114.62644,124.80332,154.17848,21
852,12,198.79434,39.541016,136.81903,163.5636,203.95697,21
853,1,211.6768,123.44292,83.769585,91.324684,226.28609,21
853,2,140.44879,69.74229,55.038403,75.635284,134.77756,21
853,3,148.71094,76.366234,46.651875,96.87438,123.025696,21
853,4,42.32272,24.235455,15.458898,16.669994,36.441544,21
853,5,15.581889,10.941099,4.5953064,6.0459423,12.93587,21
853,6,2.5459838,3.452186,0.0,0.0,1.0057912,21
853,7,1.8215708,2.8096023,0.0,0.07321653,0.9051343,21
853,8,3.5377338,5.841408,0.0,0.0,0.2585757,21
853,9,23.423813,14.205436,6.878306,7.7630167,18.58726,21
853,10,80.55305,57.54887,24.964556,41.419678,55.858257,21
853,11,205.34029,76.235016,118.81951,131.29837,216.27977,21
853,12,235.02542,63.96909,158.61673,194.17241,228.5245,21
854,1,186.73798,118.682304,66.61583,85.66563,183.26122,21
854,2,120.80052,64.858536,52.26514,65.77018,112.354065,21
854,3,134.233,71.74457,37.812008,57.51421,128.77025,21
854,4,46.534367,23.956232,21.732454,23.722631,40.494465,21
854,5,9.796542,5.667081,4.341447,4.766972,8.21695,21
854,6,2.02141,3.0083148,0.014385161,0.035990823,0.7867036,21
854,7,0.68764704,1.1353072,0.0,0.0,0.11700099,21
854,8,2.369045,4.4609704,0.0,0.0,0.16626267,21
854,9,21.471914,17.119576,5.0826826,5.8452806,17.00323,21
854,10,76.75874,61.83139,25.25861,32.949165,55.008778,21
854,11,201.78857,67.30503,115.565674,117.81588,223.29999,21
854,12,230.21507,62.035206,148.23244,192.16818,224.7641,21
855,1,128.47495,86.12445,36.626083,44.142166,116.66265,21
855,2,80.45278,55.916355,14.550421,38.67774,68.253784,21
855,3,114.23269,85.36547,21.463825,46.59194,97.67102,21
855,4,47.055122,32.691628,13.303015,19.67047,36.77333,21
855,5,12.813579,4.0428157,8.156396,9.646765,12.188947,21
855,6,2.3964381,2.5465584,0.0,0.19255792,1.4719983,21
855,7,3.516296,2.6559339,0.3714639,1.0897666,3.2295408,21
855,8,1.060299,1.93524,0.0,0.009317124,0.35689068,21
855,9,15.582866,10.631313,7.408047,8.131039,11.814021,21
855,10,70.99819,50.911404,15.277487,31.648973,68.82773,21
855,11,181.73038,84.9892,78.81111,103.96068,162.86794,21
855,12,193.41353,69.64723,127.50102,139.747,180.01439,21
856,1,156.11102,103.84756,49.29992,65.878365,141.83488,21
856,2,90.14803,69.41401,14.956934,41.637505,66.786964,21
856,3,94.891846,67.94588,19.708708,37.038475,88.03475,21
856,4,36.7077,27.39191,9.110091,12.107841,27.234837,21
856,5,11.351465,8.476988,4.3862104,4.6681137,9.726124,21
856,6,2.218542,3.397075,0.0,0.0,0.0,21
856,7,3.883218,2.9155848,0.0,0.63485193,3.7464345,21
856,8,0.7457603,1.5892284,0.0,0.0,0.0,21
856,9,10.904196,9.199093,0.628548,2.735141,8.381978,21
856,10,62.98227,44.86167,10.308247,21.68697,58.28663,21
856,11,172.52228,75.80991,85.12266,94.12699,167.55325,21
856,12,178.62749,63.30057,121.59135,132.0918,164.24722,21
857,1,147.34325,94.08763,57.640118,74.20086,124.26823,21
857,2,93.53607,63.970158,28.958958,34.36656,76.38446,21
857,3,119.311195,85.589035,25.723915,49.199642,101.86171,21
857,4,47.734776,33.514843,14.988476,21.280016,42.43043,21
857,5,9.545554,4.212005,4.6075754,6.0675044,8.432186,21
857,6,1.8947885,2.4580157,0.0,0.007907073,0.9509791,21
857,7,3.0220408,2.283423,0.31727988,0.79897773,2.8143759,21
857,8,1.4530185,2.606757,0.0,0.048099246,0.22350354,21
857,9,16.653587,11.882382,6.7965736,7.752381,12.661713,21
857,10,73.74696,57.68864,17.335897,39.341053,65.58705,21
857,11,187.41312,81.57497,80.179565,99.01598,183.52347,21
857,12,218.18541,83.46858,138.49315,159.20311,189.60748,21
858,1,128.14026,77.272224,50.0467,53.394764,123.05189,21
858,2,86.06655,62.77398,17.236616,39.64972,68.88196,21
858,3,134.48013,91.457535,29.837229,49.537056,130.27217,21
858,4,43.27879,33.616993,10.000266,15.648777,33.956966,21
858,5,12.797091,7.889261,5.4001093,6.436929,10.656817,21
858,6,2.3386319,3.567386,0.0,0.0,0.27648887,21
858,7,4.3830748,3.050708,0.47302064,1.3450007,3.8792574,21
858,8,1.1233877,2.5116103,0.0,0.0,0.0,21
858,9,14.850025,10.881953,4.057141,6.0274153,11.977877,21
858,10,66.538025,49.46533,12.806993,26.976635,64.41408,21
858,11,181.07948,83.122475,84.762566,97.87674,177.37196,21
858,12,214.72052,74.93303,152.33734,163.17072,188.14375,21
859,1,153.811,95.08041,53.65805,76.94318,144.03902,21
859,2,112.07551,65.223465,46.90657,58.27585,102.81706,21
859,3,129.99167,84.23876,28.20014,51.650463,101.5446,21
859,4,46.830654,30.52994,14.51297,16.55259,45.92585,21
859,5,9.305209,5.124282,3.238667,5.344082,7.587372,21
859,6,1.9392055,2.689147,0.0,0.040247146,0.34234667,21
859,7,2.4145694,1.9419006,0.31579897,0.39621642,2.1176682,21
859,8,2.5116477,4.930741,0.12449969,0.16053164,0.7958944,21
859,9,19.340271,15.990392,5.9906588,6.9608536,15.99547,21
859,10,78.91563,67.434616,19.482475,30.414736,65.63789,21
859,11,207.7311,86.45648,91.54017,119.16588,221.65997,21
859,12,229.42746,70.163956,159.044,171.82413,207.83266,21
860,1,184.31607,96.91036,60.041737,80.86416,178.26,21
860,2,122.99978,62.190384,56.816166,76.34171,110.023,21
860,3,136.54388,77.512276,47.949715,56.389114,141.65268,21
860,4,51.482445,28.507368,20.595278,24.732174,46.36265,21
860,5,15.827015,6.083558,8.979047,11.126449,12.978878,21
860,6,2.7489617,2.5336661,0.051285453,0.9035946,1.8788157,21
860,7,2.916914,2.6439688,0.1478117,0.82437295,2.418652,21
860,8,4.928766,5.9482474,1.2392411,1.7268215,2.3852115,21
860,9,25.568308,18.375,5.0356274,6.326425,25.27054,21
860,10,87.28916,65.92277,23.146679,44.98474,74.76554,21
860,11,211.84291,80.79506,98.963165,128.59224,249.59058,21
860,12,241.45268,60.70419,163.48842,193.2246,247.67262,21
861,1,124.7013,84.64739,39.68644,45.847668,108.21533,21
861,2,82.47002,58.160606,12.950446,39.444633,65.331696,21
861,3,94.83924,68.3418,19.246466,37.683098,83.3795,21
861,4,41.05431,28.288494,11.355969,13.603912,33.045094,21
861,5,14.231259,7.693425,8.283909,8.588594,13.949677,21
861,6,1.9904004,2.8613129,0.0,0.0,0.3059389,21
861,7,3.0111766,2.4619327,0.20005861,0.37839767,2.6871815,21
861,8,1.1312888,2.25192,0.0,0.0,0.09000982,21
861,9,16.275032,12.224377,6.123013,6.2200537,12.3512125,21
861,10,61.24818,42.567562,11.428637,27.32386,58.922886,21
861,11,164.99316,73.69292,79.998,93.211586,168.83447,21
861,12,178.21194,67.66766,118.17536,136.39215,156.25131,21
862,1,163.75519,90.61316,45.498856,68.51,159.75095,21
862,2,105.36987,55.162468,44.11814,66.43292,90.04904,21
862,3,120.77568,73.016884,37.97852,60.46053,129.33945,21
862,4,51.185402,27.686853,18.622189,32.641453,51.003128,21
862,5,16.595263,6.4644074,10.210405,12.054465,15.4564705,21
862,6,5.389364,3.4784083,1.1910349,2.8517213,5.233446,21
862,7,7.944801,3.483659,4.476903,5.4155703,7.1904016,21
862,8,6.219951,5.255845,2.515471,3.0657406,4.5701804,21
862,9,21.874773,16.061523,5.9105926,6.0101824,20.455633,21
862,10,85.27696,57.46693,21.994394,42.952885,88.94925,21
862,11,204.47702,76.07564,103.764114,119.03002,237.29329,21
862,12,219.7799,56.68955,153.50513,168.67953,224.18607,21
863,1,254.50307,62.77168,180.91467,188.92413,267.03827,21
863,2,213.22394,51.855103,166.97528,171.25198,203.19194,21
863,3,216.4173,54.98668,155.95032,182.54228,205.62581,21
863,4,86.997795,42.70025,48.082066,50.622704,72.42399,21
863,5,26.564741,17.157408,10.505692,14.877293,22.048439,21
863,6,5.2088437,8.917628,0.0,0.20050663,1.7635778,21
863,7,1.7112788,2.3078072,0.0,0.0,0.1561465,21
863,8,7.0522346,8.522418,0.12790647,0.1288905,3.6005857,21
863,9,48.595917,22.777878,27.105072,34.312565,45.257412,21
863,10,128.70334,42.59361,74.452065,89.61351,132.18237,21
863,11,219.6906,53.315464,160.73097,170.80397,208.90504,21
863,12,270.2733,64.41341,193.1259,209.92038,285.53296,21
864,1,244.56389,57.542957,183.30722,190.65352,242.17163,21
864,2,216.97661,51.558052,159.82744,183.59044,205.56183,21
864,3,222.57903,52.89789,177.37154,189.3871,212.87543,21
864,4,90.60719,42.465816,48.672737,55.57382,75.62514,21
864,5,26.715355,15.60563,11.682386,13.333339,23.167286,21
864,6,5.2007284,9.236309,0.0,0.31633043,2.3561673,21
864,7,1.8421315,2.4088705,0.0,0.0,0.104219206,21
864,8,8.097245,8.844025,0.87489367,1.2585297,4.2796993,21
864,9,48.596485,23.484617,27.74147,32.62707,43.991344,21
864,10,126.1536,45.4125,78.33188,88.65917,126.961044,21
864,11,209.66531,47.47334,149.97377,175.68459,209.28748,21
864,12,264.02487,58.878746,198.53369,222.19647,265.85898,21
865,1,249.09001,75.417854,161.43666,176.49368,253.77246,21
865,2,216.54309,63.564575,148.93422,166.49918,211.31693,21
865,3,219.3284,64.65324,130.76144,170.78464,227.41978,21
865,4,109.778275,44.796345,63.067818,68.07805,103.25808,21
865,5,24.734758,11.826556,12.501237,16.842327,22.109062,21
865,6,5.2929373,5.886314,0.5798171,1.3617814,3.0068378,21
865,7,2.0699208,2.91758,0.0,0.05136839,1.0017736,21
865,8,8.740751,9.462477,0.053863935,0.08641207,5.404327,21
865,9,43.798737,25.208757,10.588823,19.979198,43.37876,21
865,10,136.78767,59.973877,76.61571,83.29839,127.02147,21
865,11,221.15451,42.274456,175.03355,182.37985,222.49654,21
865,12,276.80865,61.07972,182.69339,227.16573,279.40164,21
866,1,221.6862,73.18229,130.91556,136.77496,222.32613,21
866,2,197.83992,78.97929,115.49962,129.49734,194.9146,21
866,3,213.88762,85.01483,117.39472,145.99597,216.71101,21
866,4,101.3137,46.2333,51.264793,66.38726,90.97061,21
866,5,22.582674,10.848487,10.342533,13.856758,19.947704,21
866,6,3.3318524,4.2890067,0.0,0.38183445,1.3122411,21
866,7,2.0848644,2.3120947,0.3906295,0.5968984,1.202611,21
866,8,10.007159,10.433322,0.62861747,0.68526506,4.8669925,21
866,9,37.256966,21.318794,8.473636,11.721063,40.85697,21
866,10,122.59313,62.411522,55.76747,83.140755,100.839005,21
866,11,222.21985,50.88548,172.2796,173.71657,230.808,21
866,12,265.2774,60.823364,200.479,211.56769,264.68448,21
867,1,219.7573,62.391773,152.31522,166.67654,207.22319,21
867,2,164.9738,42.007732,111.17427,128.56873,170.08263,21
867,3,148.38785,41.239098,103.38292,114.2834,129.98378,21
867,4,73.05421,28.99601,39.300945,49.776295,68.766396,21
867,5,50.570015,24.18685,21.754715,30.324682,45.220325,21
867,6,20.297115,15.1163025,4.992322,8.515204,16.334967,21
867,7,14.972182,9.447748,7.1796675,7.359009,9.099643,21
867,8,19.173567,16.330294,2.0141098,5.3764915,14.233389,21
867,9,49.496082,27.18994,19.78196,22.534771,47.617294,21
867,10,95.511055,23.583584,75.39465,79.98625,91.183495,21
867,11,119.68468,40.525074,75.61101,77.46664,120.913826,21
867,12,185.14667,44.14637,134.93652,157.50182,174.05815,21
868,1,215.676,46.82318,171.83553,183.04388,210.29747,21
868,2,186.79994,38.958527,156.71634,157.16982,170.74252,21
868,3,196.56638,46.704517,143.35587,160.81654,178.28992,21
868,4,86.36063,29.041119,54.128483,61.96231,78.65104,21
868,5,52.31644,24.182983,21.7838,29.972044,50.192776,21
868,6,20.172676,16.410788,6.8055797,7.8120756,14.019579,21
868,7,15.890756,9.944197,7.2583146,7.652466,9.984044,21
868,8,18.19722,15.102824,4.952804,6.318433,15.078545,21
868,9,50.984283,25.219616,20.067421,22.813534,55.561264,21
868,10,104.14364,21.152378,78.1471,84.71222,102.12992,21
868,11,134.17586,37.02572,94.72475,101.35469,137.41673,21
868,12,176.98483,39.372284,125.38302,139.43782,179.5538,21
869,1,213.98456,91.91975,114.030655,135.36986,210.29199,21
869,2,181.39249,89.307976,79.68851,99.5197,169.3493,21
869,3,182.15137,92.31751,75.0848,107.07131,177.90422,21
869,4,74.91685,43.96989,20.464602,31.414688,68.87492,21
869,5,16.921873,9.02805,7.853618,9.653344,14.948334,21
869,6,2.4358401,3.5649683,0.0,0.039412465,0.6615666,21
869,7,2.1176314,3.0021205,0.0,0.057430107,0.20885542,21
869,8,6.8823433,8.273485,0.1713713,0.22798154,4.822181,21
869,9,25.320057,13.803508,6.8425283,7.7818303,25.897558,21
869,10,92.72961,51.397186,32.60583,54.189835,90.68178,21
869,11,223.50377,64.17501,148.40161,165.84529,216.0841,21
869,12,256.86566,61.950706,193.69162,205.55281,264.28336,21
870,1,256.65112,111.09212,127.62885,161.89093,250.8446,21
870,2,196.20445,86.26495,92.84937,111.20937,189.75677,21
870,3,182.80305,82.52087,82.09593,109.312,190.63211,21
870,4,67.16738,39.480858,20.226688,31.897856,65.90571,21
870,5,24.71446,12.049554,13.226112,13.858124,21.814238,21
870,6,5.7588463,5.313484,1.6314021,2.9215503,4.1865807,21
870,7,6.6911244,4.915415,2.7070973,3.76023,5.8315573,21
870,8,8.945434,10.550646,0.8742998,1.4502592,4.172646,21
870,9,33.118687,17.609385,9.587376,13.763236,34.060623,21
870,10,88.95152,49.98363,49.449482,51.314007,68.72664,21
870,11,214.46933,71.07067,134.75143,148.56996,213.58998,21
870,12,295.83426,70.08709,221.78473,253.24014,287.4686,21
871,1,195.72159,121.35234,74.27661,86.91818,185.36131,21
871,2,124.432816,66.54208,50.001484,67.61827,109.17604,21
871,3,133.89474,71.52687,43.62799,48.419724,139.60246,21
871,4,42.48349,23.832916,18.695133,19.299074,34.47062,21
871,5,12.006374,5.7525754,6.126211,7.0541873,10.818492,21
871,6,1.7930696,2.5972047,0.0,0.036751658,0.4907355,21
871,7,1.0637237,1.7064958,0.0,0.0,0.1489206,21
871,8,3.7884285,5.4513936,0.08874762,0.6405165,0.8052403,21
871,9,23.863974,17.064909,4.9566507,6.452862,22.012403,21
871,10,76.30199,62.205093,21.65978,34.213905,61.232815,21
871,11,212.63219,78.89127,110.55141,129.82115,218.1358,21
871,12,233.57143,53.97176,151.89587,191.76904,242.33104,21
872,1,206.01204,134.38005,83.54496,99.804375,203.00128,21
872,2,128.02623,68.653465,54.33772,66.89423,125.93871,21
872,3,139.955,71.632805,51.320812,88.73344,136.42084,21
872,4,40.171772,26.516798,15.31539,16.112198,32.1262,21
872,5,12.584611,8.977769,2.2840643,5.6778965,12.268423,21
872,6,1.9012985,2.9529617,0.0,0.0,0.56172305,21
872,7,1.4200798,2.1341128,0.0,0.0,0.107842505,21
872,8,3.6516209,6.7516775,0.0,0.0,0.0,21
872,9,23.82753,14.343252,7.9534736,9.28319,17.238983,21
872,10,80.723206,69.09985,22.896484,25.330006,66.206184,21
872,11,219.23695,93.973785,140.40799,155.24246,195.1123,21
872,12,226.10107,82.85121,125.55314,170.66888,203.38037,21
873,1,212.07874,124.61488,87.62433,89.752304,220.37369,21
873,2,157.58447,77.28964,54.01505,86.04198,161.70503,21
873,3,163.12755,82.616425,56.137947,87.22526,167.22346,21
873,4,46.8296,28.495478,15.894406,17.46261,47.53119,21
873,5,19.148891,14.30768,6.3340874,7.7113853,12.950853,21
873,6,3.010059,3.6649127,0.0,0.0,1.7212799,21
873,7,4.2496295,3.7556174,0.0,0.1293357,4.712952,21
873,8,4.2322073,7.0767097,0.0,0.0,0.07099026,21
873,9,23.160885,13.673051,6.8187304,8.191347,18.846327,21
873,10,82.40375,53.641335,24.234894,34.445454,72.19534,21
873,11,209.71786,87.01929,103.79838,127.39749,203.75607,21
873,12,246.9612,68.91057,163.22726,178.49498,238.65884,21
874,1,220.48177,107.60022,111.01853,120.742935,230.81956,21
874,2,161.55017,76.43993,54.393692,99.471085,162.20457,21
874,3,174.95897,85.83561,68.83042,103.42894,187.7006,21
874,4,58.56746,33.706062,20.991095,30.306065,46.88636,21
874,5,23.586851,11.687786,11.013066,13.212498,17.941204,21
874,6,3.840991,4.0120845,0.26875094,0.7300078,2.7991016,21
874,7,5.5593696,4.732456,0.27890855,2.4378238,5.492938,21
874,8,6.835487,8.8893385,0.44942346,0.55271554,2.7020674,21
874,9,30.990057,18.283741,8.167287,11.681025,30.755932,21
874,10,85.54376,52.298183,36.03387,44.637146,68.71118,21
874,11,218.25937,76.39929,137.26083,147.82997,218.05533,21
874,12,262.0429,65.652596,187.39395,216.58934,267.2608,21
875,1,227.2721,115.65175,99.495865,104.737236,231.71985,21
875,2,168.36461,79.595184,74.7469,102.17398,163.68347,21
875,3,170.24718,82.7742,66.77982,99.87545,186.71765,21
875,4,52.970074,32.22818,17.158943,21.279425,48.94777,21
875,5,20.466116,12.862518,9.132024,10.329517,13.332044,21
875,6,3.3519557,4.163927,0.0,0.0,1.4886626,21
875,7,4.301155,4.354755,0.0,0.77224714,3.7038836,21
875,8,5.30587,7.9859285,0.0,0.0,0.6141777,21
875,9,25.27732,13.711578,8.089071,9.507514,24.689331,21
875,10,87.655525,53.78361,34.434277,37.507805,76.83311,21
875,11,211.33679,78.71465,120.50085,133.37454,220.83427,21
875,12,258.34927,72.02365,168.25757,199.68639,257.39975,21
876,1,229.21808,118.0613,98.975464,103.06566,232.08076,21
876,2,174.90657,81.608215,65.94004,113.40473,170.65701,21
876,3,178.89838,90.56242,81.76938,102.903824,191.89005,21
876,4,57.38389,37.858387,19.254335,21.512384,52.40825,21
876,5,22.428238,13.392554,9.213783,12.433421,15.499076,21
876,6,2.6839473,3.4485185,0.0,0.0,1.1833726,21
876,7,5.436209,4.701837,0.13917997,1.2950784,5.4637113,21
876,8,5.1862345,7.712594,0.0,0.0,0.29107314,21
876,9,28.453928,16.198044,8.371599,10.619832,28.202559,21
876,10,94.12922,57.35593,40.247036,45.651768,83.456825,21
876,11,214.41193,76.570114,125.53985,136.37413,224.83292,21
876,12,264.04956,64.89245,187.23901,222.76591,266.789,21
877,1,240.24356,114.44087,117.02115,127.43417,248.51921,21
877,2,148.06042,63.8053,60.87473,97.129814,152.12396,21
877,3,156.79453,67.84806,56.36934,93.33775,161.84645,21
877,4,52.352097,25.267624,25.332607,27.32826,50.501007,21
877,5,20.895754,9.310959,10.507964,12.560006,18.864244,21
877,6,4.4732733,4.1267657,1.0673246,1.3666153,3.337646,21
877,7,6.2723055,5.0760903,2.5591238,4.038785,4.709606,21
877,8,9.352629,8.441786,2.2664628,2.679896,6.347911,21
877,9,37.089348,22.22221,6.9164276,12.126309,41.351517,21
877,10,85.59883,49.886524,41.91345,49.72257,71.972534,21
877,11,210.47766,61.986633,135.75493,138.00377,221.6165,21
877,12,277.14175,61.20178,211.1433,230.80556,280.26236,21
878,1,216.24245,112.53192,100.861694,115.46612,214.61197,21
878,2,145.8812,73.12612,47.567696,93.89931,141.44142,21
878,3,162.61235,75.723434,65.39712,93.034325,162.18285,21
878,4,53.988506,28.195969,21.976807,28.620525,43.96492,21
878,5,20.382406,9.557268,9.439829,11.145536,17.853207,21
878,6,2.8708568,3.4790394,0.0,0.00952016,1.6771522,21
878,7,4.2600822,3.9210956,0.4205426,0.9641615,3.5881872,21
878,8,5.960815,9.008411,0.05482351,0.055617273,1.5178535,21
878,9,28.413446,18.73761,6.8892355,10.170408,29.18312,21
878,10,83.26934,56.268787,27.857128,37.890327,68.88289,21
878,11,217.26132,86.064514,119.20407,128.28885,210.30844,21
878,12,243.99379,64.92412,178.59473,199.4062,239.29689,21
879,1,269.25397,85.90316,184.9534,192.70781,263.8183,21
879,2,205.66672,69.63094,120.57802,166.66087,194.65494,21
879,3,215.90921,79.305984,121.697075,126.09008,206.31268,21
879,4,99.10182,46.386303,50.50066,60.7306,94.30088,21
879,5,24.650986,13.125129,13.475272,15.866088,21.381794,21
879,6,4.951513,7.105561,0.014667544,0.17887357,3.1114326,21
879,7,2.3977811,2.922641,0.034377523,0.17317986,0.95081675,21
879,8,8.744036,8.310452,1.3571965,1.3705657,5.254298,21
879,9,45.64926,26.737377,10.21872,25.033611,41.770313,21
879,10,132.68886,53.52455,83.44632,92.65365,124.07455,21
879,11,226.36642,51.702427,159.34198,178.94336,216.95465,21
879,12,283.95865,63.17748,218.8493,235.70148,270.89404,21
880,1,256.038,89.717316,162.06157,172.20192,241.21562,21
880,2,203.86577,86.24424,115.976364,127.31968,192.16039,21
880,3,206.74872,94.317726,103.89503,135.3853,213.52118,21
880,4,87.12275,42.844784,42.188137,49.41691,84.40619,21
880,5,23.499924,11.605209,10.270009,12.273415,20.495895,21
880,6,5.56321,5.3271213,2.0512102,2.084793,4.3157115,21
880,7,3.0859792,3.3109062,0.07503064,0.690997,2.0180228,21
880,8,9.811241,8.790952,2.4581246,2.7479858,7.8434367,21
880,9,45.82475,27.306194,8.235474,24.906345,43.669342,21
880,10,112.69332,49.93193,52.17994,78.378815,106.59466,21
880,11,221.51497,60.91884,149.04156,172.80606,211.32738,21
880,12,294.47964,67.20828,218.32509,245.8451,285.8426,21
881,1,228.26283,46.951862,167.087,188.76926,221.77101,21
881,2,210.68025,41.53593,155.76938,175.66464,211.39722,21
881,3,205.10405,41.568596,171.77919,180.37288,196.17758,21
881,4,104.21024,26.326963,73.45061,82.82022,99.981384,21
881,5,48.603878,23.168308,27.659986,33.980843,43.88118,21
881,6,18.558304,15.5046625,5.165222,6.375571,13.459875,21
881,7,13.295099,10.116579,4.431749,5.850099,8.368479,21
881,8,17.444696,13.318889,3.693814,7.9798107,11.1934595,21
881,9,55.575348,32.03314,17.787792,36.60822,60.412067,21
881,10,126.406654,23.26404,99.248726,103.694664,121.39458,21
881,11,166.04047,34.269382,137.1523,145.17763,163.37683,21
881,12,198.49435,46.20707,150.71666,164.75977,181.50745,21
882,1,262.85193,64.0559,196.9769,226.41878,245.93657,21
882,2,218.95508,45.083607,167.43785,192.18861,213.01884,21
882,3,199.53711,44.316444,142.167,161.9161,192.34709,21
882,4,97.31325,28.330091,58.707966,75.51237,94.992905,21
882,5,45.643654,25.94962,29.199646,29.690084,39.715645,21
882,6,14.633154,14.875476,2.463127,3.2394054,10.5372925,21
882,7,12.678599,8.838292,3.8031988,6.130156,7.792432,21
882,8,12.907141,9.98625,3.2824492,4.2880974,9.700317,21
882,9,61.076626,32.998444,13.60347,30.826778,62.766323,21
882,10,131.52051,16.03421,117.76422,118.54491,131.1468,21
882,11,181.0054,40.704575,133.99965,158.25336,171.4632,21
882,12,235.56264,50.55501,184.57071,201.9319,222.843,21
883,1,207.09793,67.96694,127.575424,150.9579,201.14168,21
883,2,158.00241,46.398247,105.45302,114.5771,157.25137,21
883,3,159.94795,60.560898,93.28968,109.001045,159.6519,21
883,4,82.00689,43.05761,38.55166,47.472717,67.887665,21
883,5,54.62472,28.721235,22.925201,29.950104,51.25997,21
883,6,17.218803,12.649378,6.4501114,6.843658,11.034827,21
883,7,14.083557,8.678349,5.221188,7.1043797,10.738795,21
883,8,19.939243,12.930378,7.912141,8.792814,16.99262,21
883,9,51.07562,37.204227,14.335851,18.990555,46.788387,21
883,10,101.33762,29.593954,66.4668,82.01407,93.852715,21
883,11,126.530914,33.987762,85.46674,102.83517,131.1678,21
883,12,191.02756,49.979717,138.19972,151.93842,179.70834,21
884,1,235.09598,82.018196,144.86734,177.86545,204.56268,21
884,2,165.71843,48.497166,119.258446,131.3289,152.90265,21
884,3,154.12215,48.897133,101.67487,118.35036,148.53609,21
884,4,80.579796,35.384243,46.97834,49.098656,76.19489,21
884,5,49.844162,26.304739,19.122797,22.068272,46.62674,21
884,6,18.518543,16.062708,6.0784144,6.2265806,14.581494,21
884,7,15.924771,11.302561,6.2432346,6.8320103,10.455574,21
884,8,17.24141,12.417693,5.508448,7.0372415,14.597973,21
884,9,55.072136,38.877483,12.299244,22.547949,44.24506,21
884,10,108.028206,26.717014,75.825,85.79135,101.95723,21
884,11,154.86638,40.664345,114.07513,135.58966,152.30699,21
884,12,173.26729,39.611805,145.78992,147.68169,164.86905,21
885,1,285.62964,87.07963,188.64752,211.52461,277.03842,21
885,2,212.02238,70.039505,131.72647,146.79152,203.8522,21
885,3,221.53986,82.7062,132.73608,138.33669,216.75517,21
885,4,103.202774,55.693733,44.382885,59.848854,92.92111,21
885,5,25.493963,13.577261,12.857884,14.160078,22.02228,21
885,6,5.086015,7.9191985,0.0,0.023552706,3.7200568,21
885,7,3.1335497,3.0796778,0.04430641,0.27010423,2.20465,21
885,8,6.6503377,7.8907,0.25172332,0.25679228,3.0757074,21
885,9,52.329723,29.85904,12.965172,32.738186,42.955517,21
885,10,126.19343,46.05493,79.53343,91.7983,123.14128,21
885,11,233.96341,54.38119,159.69386,203.67805,227.30937,21
885,12,287.1669,56.310173,218.49718,235.4301,287.47314,21
886,1,290.38043,93.38319,179.37794,214.7834,300.94968,21
886,2,208.22182,85.03795,100.839645,135.10919,211.50354,21
886,3,203.61409,85.96187,109.503746,126.45133,212.02318,21
886,4,82.30629,47.339596,31.756338,44.23884,78.641075,21
886,5,27.01113,15.22317,9.899082,15.068752,25.264755,21
886,6,5.1576233,8.147696,0.0,0.22909836,2.8100996,21
886,7,5.4726367,3.5334282,0.5993916,3.1750288,5.536848,21
886,8,8.569041,7.9542255,1.01626,2.679247,4.6717505,21
886,9,51.616135,29.689035,11.42799,36.49777,45.60756,21
886,10,110.52106,41.381165,65.59562,78.12057,107.12387,21
886,11,223.37541,55.84032,151.64423,170.92621,216.64803,21
886,12,293.322,61.647747,243.09482,247.25911,277.1072,21
887,1,197.25421,60.402702,139.18903,142.20885,191.89899,21
887,2,167.59924,37.64813,127.429756,139.90056,161.93524,21
887,3,144.15656,39.282196,100.82975,105.53551,140.64026,21
887,4,76.58346,25.924927,53.281853,55.00046,78.19246,21
887,5,58.5521,23.614183,32.231907,45.095238,56.53058,21
887,6,33.093807,23.806679,9.496019,13.002281,26.264807,21
887,7,23.341763,16.37185,11.673761,12.301754,16.96502,21
887,8,26.424454,20.036165,5.8188114,9.907529,17.62086,21
887,9,47.48116,23.965433,18.273918,26.587362,44.28366,21
887,10,105.60898,25.273975,71.81666,90.35032,100.99839,21
887,11,124.60706,36.848724,78.92326,95.66737,114.637024,21
887,12,176.72386,46.031693,136.1388,138.52322,172.85704,21
888,1,201.22487,47.096127,147.0593,169.36496,193.18303,21
888,2,166.94304,38.283665,127.07227,133.68872,165.44894,21
888,3,175.19743,47.403473,129.81796,142.9411,155.71497,21
888,4,80.95028,31.007189,47.84944,56.39152,74.23492,21
888,5,50.80616,26.317247,23.264341,30.02437,45.746506,21
888,6,18.906593,12.792018,6.7827983,8.877661,13.142747,21
888,7,14.634846,8.745128,6.817915,7.245747,9.514115,21
888,8,19.531473,15.301006,5.839387,6.2382283,17.944254,21
888,9,49.655006,28.853191,15.376339,20.851334,48.61476,21
888,10,100.343216,19.24252,79.179825,83.70115,98.344826,21
888,11,130.19936,35.551414,91.34335,99.75736,128.4609,21
888,12,173.70844,37.92598,138.18617,146.57625,170.75537,21
889,1,261.27432,56.773502,191.50339,217.93556,258.5732,21
889,2,210.6337,60.21058,155.20856,161.33453,204.6991,21
889,3,205.38126,60.746346,130.52815,135.30124,197.11934,21
889,4,87.01831,40.657482,46.445183,55.037743,78.662186,21
889,5,27.141819,14.931514,14.231345,16.248993,22.346079,21
889,6,6.57021,10.553025,0.09329373,0.763913,4.0690804,21
889,7,2.6816306,2.8196244,0.017054742,0.20578888,0.9823698,21
889,8,9.733576,9.868863,1.7647878,3.6052437,4.9548492,21
889,9,48.693066,25.540737,22.270107,29.438665,43.46479,21
889,10,122.291595,41.93799,73.72584,93.27664,119.16131,21
889,11,206.3134,48.361305,154.17169,163.73546,196.51237,21
889,12,255.61942,57.456947,202.60107,213.2208,246.24596,21
890,1,267.59332,66.151665,190.65958,211.37354,268.58456,21
890,2,219.27757,61.89636,155.52458,166.8566,210.58282,21
890,3,210.69295,58.24126,148.80139,159.63252,204.54784,21
890,4,90.83079,48.66908,47.020027,59.004456,68.95904,21
890,5,28.48807,17.456429,13.407638,15.275776,22.505682,21
890,6,7.329816,11.445575,0.111798756,0.9689125,3.384868,21
890,7,3.28977,3.3676424,0.016461669,0.2859031,1.4666679,21
890,8,10.512401,9.450228,2.9355202,2.9821444,6.929015,21
890,9,52.030632,28.129349,16.473543,31.292175,49.12963,21
890,10,114.828766,44.038834,75.499016,87.60755,106.04085,21
890,11,208.84818,45.357452,157.04993,166.48209,204.20581,21
890,12,264.44113,53.98652,212.88005,222.52306,256.3494,21
891,1,196.01688,71.696144,103.283424,131.56026,191.7903,21
891,2,148.6265,39.061626,100.25636,110.947655,146.62436,21
891,3,145.40836,44.48572,97.472595,111.75425,138.43999,21
891,4,72.83531,36.389023,27.478083,47.57864,75.1771,21
891,5,54.23283,28.756128,26.95101,33.484283,48.38323,21
891,6,24.83388,18.18261,9.7079735,13.371916,15.57771,21
891,7,19.248732,13.143239,8.879929,9.424069,16.092796,21
891,8,22.44877,19.460514,5.7768908,5.885498,17.794256,21
891,9,37.54113,28.34268,7.950988,16.123045,26.859016,21
891,10,105.00828,33.11735,84.64762,86.53531,102.934616,21
891,11,120.52029,38.01033,67.48857,75.23778,124.39079,21
891,12,159.56403,48.442364,120.3414,137.51491,153.57939,21
892,1,211.18736,68.961975,123.939964,157.71681,197.2657,21
892,2,152.59341,43.03202,104.379944,111.24498,161.51582,21
892,3,148.029,48.712772,98.37704,106.19251,151.73506,21
892,4,76.82135,39.370365,35.585262,51.066563,63.416016,21
892,5,52.278057,27.4735,26.936712,28.956593,43.6927,21
892,6,18.208387,13.4335375,7.3413773,7.7809997,11.87533,21
892,7,14.950165,8.412825,7.23222,7.5690804,12.074595,21
892,8,20.743845,15.270175,6.6453285,7.558116,19.277412,21
892,9,47.102837,33.882336,15.867509,17.17006,37.314934,21
892,10,95.81078,26.248262,70.61482,75.32338,89.680145,21
892,11,125.10928,35.758743,78.99689,90.7861,129.36276,21
892,12,175.93086,44.932945,131.4551,143.0984,177.04732,21
893,1,258.77786,76.821846,166.21242,199.37129,250.43845,21
893,2,212.23647,84.25131,125.72813,148.67088,186.40373,21
893,3,205.43283,74.51901,124.973175,155.62071,201.5681,21
893,4,82.729,45.140007,33.73279,44.550888,76.020584,21
893,5,34.908607,22.976526,15.038393,18.485212,26.557587,21
893,6,10.029045,16.249878,0.0,0.16312243,5.7322226,21
893,7,5.482162,3.7346306,0.0,3.030802,5.271442,21
893,8,10.343567,9.49205,3.2886062,3.6765387,7.9606056,21
893,9,54.391277,35.66717,11.8113165,25.554352,45.591652,21
893,10,121.85893,46.36049,67.18212,79.80902,119.30319,21
893,11,201.57205,58.70088,138.45947,150.44128,185.60869,21
893,12,256.35538,74.37247,189.13728,201.28275,231.10208,21
894,1,242.40794,57.607403,179.57437,192.12025,235.81412,21
894,2,206.10333,68.846176,125.73917,132.84343,206.66542,21
894,3,219.12361,70.27763,146.74023,158.7002,210.8125,21
894,4,90.22124,42.759567,45.954437,50.038383,90.240585,21
894,5,32.574795,15.0250845,18.433102,20.700695,28.140882,21
894,6,8.730812,14.159084,0.2820554,1.040803,4.592283,21
894,7,5.274614,3.3011358,0.7851906,3.2333925,4.5708914,21
894,8,16.571285,11.711642,6.853089,6.96175,13.047811,21
894,9,52.26413,30.557568,15.3736725,33.575558,47.115765,21
894,10,124.964615,32.53435,93.76688,102.09353,123.28205,21
894,11,219.77547,50.49457,165.22192,169.75142,214.29608,21
894,12,254.91165,55.32583,194.1772,210.63046,229.98227,21
895,1,251.39795,108.26318,117.227684,151.53194,250.5065,21
895,2,179.76369,80.83509,77.86738,82.577995,184.02315,21
895,3,187.57268,75.54899,95.67258,109.661606,200.66257,21
895,4,70.04759,36.604908,34.619904,40.373455,60.15435,21
895,5,30.42466,14.13017,11.396268,17.828259,28.217089,21
895,6,9.612028,9.690652,4.69292,5.105105,6.2872186,21
895,7,8.416905,5.5722437,4.459571,5.9968987,6.5672827,21
895,8,12.359702,11.122818,2.7814367,2.911478,8.139387,21
895,9,41.68519,21.516748,9.107999,23.052061,44.022926,21
895,10,93.88694,46.848434,48.38711,50.46033,77.61867,21
895,11,216.52809,70.327675,141.6473,148.00603,198.45807,21
895,12,290.02957,80.98605,217.09406,233.35797,277.78128,21
896,1,252.24477,108.64723,123.50908,135.52765,259.39258,21
896,2,174.68542,78.14692,76.81571,89.8781,188.82057,21
896,3,187.2885,75.36164,82.469955,105.79801,198.28386,21
896,4,64.6606,33.526943,31.456789,36.887882,55.66875,21
896,5,28.881342,13.229208,12.611255,17.274412,25.081259,21
896,6,7.274703,8.30226,2.6216683,3.021575,4.450258,21
896,7,9.44689,5.0065455,6.3913717,6.5339746,7.665597,21
896,8,12.8357315,9.854104,4.251234,4.835662,8.741933,21
896,9,38.52289,19.607725,8.197684,21.308723,43.964333,21
896,10,89.69795,44.000393,45.39277,53.499405,73.83859,21
896,11,212.89098,68.748116,120.96869,145.42024,200.18137,21
896,12,280.59848,76.34305,221.61205,237.33823,266.9536,21
897,1,260.95123,80.931404,163.5445,202.2268,246.32222,21
897,2,206.81404,78.342316,129.40875,149.71178,199.1431,21
897,3,196.93706,73.574265,125.01956,140.46242,194.49886,21
897,4,81.89955,41.753143,35.86978,44.3464,67.422295,21
897,5,35.76991,23.421618,17.65492,18.450386,25.742266,21
897,6,11.9529,17.884844,0.49272305,2.2183385,7.387102,21
897,7,6.3816776,4.0610566,0.9542417,4.5469933,5.538676,21
897,8,8.675144,8.149421,0.81303036,1.7769694,6.277105,21
897,9,52.222065,33.71223,10.169458,25.502848,45.427567,21
897,10,121.08793,43.217056,64.869354,95.939896,117.88988,21
897,11,193.62534,57.011963,131.26868,146.06294,176.8068,21
897,12,257.87906,76.74151,200.43431,209.9145,231.081,21
898,1,269.2083,85.147446,174.96707,212.22107,249.6368,21
898,2,210.926,71.6213,135.07376,149.96532,199.75467,21
898,3,195.95303,64.81822,131.82489,147.10011,186.22705,21
898,4,80.665054,41.598694,38.52669,40.170574,73.039536,21
898,5,32.287167,21.461744,16.587965,17.196264,23.423765,21
898,6,10.12213,15.059678,0.41515422,0.5025158,5.5802217,21
898,7,5.952667,4.2930856,0.0589037,3.6917143,5.529694,21
898,8,7.541163,7.961872,0.0,0.0,5.7236276,21
898,9,51.897182,33.075733,11.585433,27.656645,48.07664,21
898,10,119.27139,43.141056,68.89105,87.774635,115.66,21
898,11,187.77927,53.724503,131.61603,149.38763,174.0877,21
898,12,257.6468,77.36714,179.12561,218.46863,230.47893,21
899,1,285.833,80.998924,209.84904,226.3966,280.38306,21
899,2,207.25204,70.14289,133.20483,139.95554,191.66733,21
899,3,209.5241,68.73579,141.05368,148.34811,204.47353,21
899,4,86.436966,48.53992,37.121727,50.04359,73.52556,21
899,5,28.093784,18.764065,10.696302,16.27608,20.200891,21
899,6,6.2534614,9.607687,0.25292963,0.8634179,2.4654217,21
899,7,4.68583,3.4725978,0.0,2.4125507,4.8653984,21
899,8,6.7120795,7.760753,0.0,0.0,3.2437577,21
899,9,52.190132,28.219795,17.99031,37.630665,46.78297,21
899,10,115.14152,46.030304,71.69116,87.86516,100.49053,21
899,11,210.62936,49.270485,151.47646,168.59995,209.87581,21
899,12,271.99603,47.321148,218.55814,238.73727,268.57117,21
900,1,291.66177,91.38529,190.80685,215.56976,279.46155,21
900,2,208.21062,83.828384,106.036766,147.08096,189.33159,21
900,3,206.17174,79.066055,139.6953,140.86993,209.50421,21
900,4,80.95636,47.99931,35.315536,46.752666,69.215416,21
900,5,28.556063,18.048344,11.142901,15.096118,22.399235,21
900,6,6.1466174,8.823402,0.38507068,0.9525098,4.1547813,21
900,7,5.2264457,3.7712708,0.101339534,3.424036,4.7993336,21
900,8,7.035933,7.4123535,0.4777853,0.9316572,2.4460068,21
900,9,51.24395,27.989185,14.467528,33.68664,43.604458,21
900,10,106.89875,44.356483,61.79592,73.99011,98.49448,21
900,11,205.13388,47.486298,137.4266,168.33667,211.84673,21
900,12,270.87036,52.445923,221.33662,231.20024,259.36935,21
901,1,251.63376,91.633644,137.67572,163.5599,243.61041,21
901,2,208.64392,84.86729,117.95355,130.10881,196.8827,21
901,3,196.41397,83.868095,100.27185,138.23431,178.68002,21
901,4,83.314804,41.03192,38.77639,44.71614,76.40304,21
901,5,22.938358,11.136461,10.495224,13.858595,20.515923,21
901,6,4.6509466,5.6604686,0.7773551,1.498533,2.3821862,21
901,7,3.6847105,3.1612341,0.6754156,2.2016258,2.755722,21
901,8,9.068436,9.449245,1.0094585,1.3310571,6.8428726,21
901,9,38.61437,20.496836,8.205336,20.671358,40.69549,21
901,10,103.12569,45.422962,49.256218,75.61159,96.88466,21
901,11,212.61932,54.281345,155.40076,161.35297,207.69223,21
901,12,287.56927,58.6174,218.71599,249.58914,291.2837,21
902,1,282.71228,117.42837,146.69766,172.94362,283.39246,21
902,2,198.5083,82.822495,90.31089,100.111534,190.48117,21
902,3,186.58092,65.17882,111.70982,119.84753,195.60208,21
902,4,71.900894,30.252005,39.274284,47.082207,70.01037,21
902,5,33.561226,18.36396,12.386728,20.924828,31.332556,21
902,6,12.678081,10.424837,6.1932545,6.4973946,8.532694,21
902,7,8.16391,5.445718,4.2008796,4.5508385,6.8212004,21
902,8,8.526396,10.046658,0.3329251,0.5232712,4.5080705,21
902,9,49.2391,23.72695,15.769386,39.08479,49.00108,21
902,10,100.16757,47.25144,51.699085,63.6149,89.45151,21
902,11,198.0278,65.661285,128.17456,145.452,177.95154,21
902,12,284.17322,70.49623,208.9568,229.06688,283.14795,21
903,1,288.01437,89.251114,192.46347,203.78351,282.2716,21
903,2,189.72382,88.33375,83.43774,133.65398,166.91513,21
903,3,188.68063,70.997765,109.88818,128.27185,171.13658,21
903,4,64.02576,32.628975,36.13377,39.61792,61.767723,21
903,5,28.818966,20.354918,12.650265,13.857353,20.710466,21
903,6,7.791833,11.905785,0.0,0.0,5.8003726,21
903,7,4.6814284,4.0902042,0.0,0.0,5.104751,21
903,8,5.528119,7.382217,0.0,0.0,0.50523686,21
903,9,49.408073,33.301056,10.702152,27.315899,44.073387,21
903,10,101.46434,47.12594,52.715397,64.6679,88.92618,21
903,11,179.54831,50.622643,115.88933,141.71976,174.34343,21
903,12,255.56601,59.908924,203.47208,208.37927,238.93034,21
904,1,284.82672,99.996506,169.3992,191.61351,292.07632,21
904,2,184.49582,79.325714,82.56538,116.65641,170.52504,21
904,3,189.25635,73.54981,103.71163,120.82465,189.40509,21
904,4,70.487045,33.600555,38.51506,44.010548,66.6934,21
904,5,29.26453,21.365116,13.448691,15.542648,22.981504,21
904,6,9.160405,12.465767,0.0,2.0191443,6.857531,21
904,7,5.3949637,4.3595347,0.0,1.076004,4.965467,21
904,8,5.4559245,7.683725,0.0,0.0,0.07707591,21
904,9,45.694584,30.815397,9.518495,24.755363,36.995567,21
904,10,99.79374,46.960537,51.690674,57.59786,96.08629,21
904,11,178.61922,51.779366,129.47205,140.47722,165.4541,21
904,12,262.2276,68.87164,204.63593,220.48962,247.37172,21
905,1,284.2792,101.42505,169.95393,195.39973,289.50568,21
905,2,189.69452,85.77211,80.906715,108.96187,170.92522,21
905,3,192.93373,75.50708,97.197235,132.25325,179.40155,21
905,4,73.26836,33.795097,35.335213,44.65972,65.40746,21
905,5,28.274824,18.663692,12.487581,13.419931,21.02374,21
905,6,8.643267,10.542846,1.1724095,1.879601,6.044697,21
905,7,4.550066,3.892371,0.0,1.3723031,3.1870809,21
905,8,5.93302,7.773581,0.0,0.0,0.76624477,21
905,9,46.420567,29.768087,10.590207,27.33669,39.759827,21
905,10,99.217514,41.37188,63.108658,69.532745,94.78362,21
905,11,182.9836,53.64914,122.289154,143.22574,181.39476,21
905,12,264.24506,60.057888,212.23082,225.33958,250.2763,21
906,1,296.92505,93.98741,200.22675,211.54303,302.77307,21
906,2,216.43494,76.63951,120.86732,132.64975,216.74498,21
906,3,202.5944,59.15632,145.89177,162.68712,203.51202,21
906,4,81.48612,32.381287,52.831577,53.348343,82.52897,21
906,5,37.919823,18.587412,18.472523,21.782623,32.807827,21
906,6,13.329638,11.3905,5.745567,6.27678,10.117572,21
906,7,11.222179,5.80358,7.025159,7.897093,9.234093,21
906,8,12.60378,11.330838,2.035027,2.477001,8.43297,21
906,9,59.562378,28.091972,14.138558,42.268433,59.27084,21
906,10,116.311325,41.836205,73.54392,84.9812,107.247856,21
906,11,199.97542,50.61377,152.4073,153.27989,187.5242,21
906,12,286.92957,59.901443,234.73305,238.98111,283.6873,21
907,1,299.4563,120.04232,168.46262,185.4719,269.88965,21
907,2,203.94089,102.75714,86.014244,94.04769,177.84618,21
907,3,185.76999,72.072845,119.26823,123.13668,178.81479,21
907,4,69.13107,24.335423,42.339325,50.36683,68.9817,21
907,5,26.742903,19.609226,9.629993,13.154135,21.002268,21
907,6,6.2483253,9.095322,0.0,0.5127255,3.4506083,21
907,7,5.2051115,4.4834113,0.0,0.42976785,5.3676405,21
907,8,4.362857,6.167644,0.0,0.0,0.65172076,21
907,9,43.12718,20.927025,10.558081,30.949797,40.25225,21
907,10,98.875244,46.355297,53.942226,57.327187,95.62691,21
907,11,196.71542,67.753685,122.09081,138.96544,179.30525,21
907,12,283.73285,62.613525,208.48714,231.60628,275.27518,21
908,1,294.58893,115.03538,160.9475,180.0344,304.05847,21
908,2,206.83084,92.54945,93.01971,101.05808,195.17873,21
908,3,191.58769,65.91945,110.07239,129.85936,198.4972,21
908,4,70.615875,26.910835,45.528606,47.095448,67.47493,21
908,5,29.591413,19.75178,11.185298,19.058893,24.41016,21
908,6,8.881239,8.583603,3.1341965,3.339093,6.5962734,21
908,7,6.698269,4.1768003,3.4669473,3.7931287,5.310878,21
908,8,6.0038266,7.917674,0.0,0.0,0.49120644,21
908,9,44.94879,20.394472,12.391813,33.87022,45.45919,21
908,10,101.96524,42.636,55.149666,63.49598,98.469444,21
908,11,190.36151,66.012054,123.23971,136.02025,168.49986,21
908,12,277.01196,65.05958,195.94809,234.37976,272.1712,21
909,1,284.01358,93.61516,173.6322,207.88167,277.1056,21
909,2,207.01253,85.91639,111.17622,144.36177,208.60632,21
909,3,199.26549,77.214676,117.01322,138.91278,194.31314,21
909,4,71.74348,35.74534,36.188175,47.94115,61.988674,21
909,5,29.016579,17.76965,12.698807,15.665272,21.958612,21
909,6,6.615434,7.5909953,1.5909996,1.832222,4.360244,21
909,7,5.8649054,3.8047311,0.9018168,3.9907732,5.812896,21
909,8,9.233988,7.738475,1.2814792,3.7657375,5.106467,21
909,9,47.369682,25.767216,10.17618,34.016685,43.430946,21
909,10,105.23234,40.461143,57.979218,69.161156,100.04932,21
909,11,194.10701,49.578777,135.089,154.57005,196.75739,21
909,12,287.8555,51.506,242.8918,251.86372,281.85507,21
910,1,290.17102,95.01508,176.75342,205.04065,284.98315,21
910,2,213.98828,97.84671,99.58255,124.442375,182.14433,21
910,3,210.16257,82.129295,121.83345,139.39098,194.18913,21
910,4,73.79626,36.02601,35.832153,47.382908,61.819275,21
910,5,29.461115,17.85571,12.886297,17.077667,24.0236,21
910,6,8.680177,10.421628,1.6657627,3.3538594,5.396285,21
910,7,6.294355,4.1268706,1.1415038,3.8671613,5.805917,21
910,8,7.1689105,8.961915,0.0,0.09713806,1.4788332,21
910,9,46.043907,27.35655,9.231802,26.038237,40.767025,21
910,10,109.9684,41.754196,61.990444,77.415375,104.49769,21
910,11,194.0958,54.250744,133.01456,143.81471,194.00049,21
910,12,275.09128,49.310944,217.33496,234.82155,262.34988,21
911,1,297.71347,110.393005,158.70523,200.83208,287.26663,21
911,2,211.2254,96.25468,95.609825,115.21505,182.21999,21
911,3,201.29993,68.972145,138.35806,153.30797,187.93332,21
911,4,68.35755,27.573135,39.823242,44.944122,65.48414,21
911,5,25.558249,16.505589,9.202831,15.122381,21.901611,21
911,6,4.925654,6.837213,0.29390025,1.2388147,2.6635392,21
911,7,3.7902534,2.6592574,1.3078954,1.805253,3.1243238,21
911,8,4.156478,5.1326375,0.0,0.0,0.7097658,21
911,9,37.35875,18.944727,8.0834465,25.133507,35.08038,21
911,10,106.47208,43.933628,62.2598,67.96899,108.58966,21
911,11,196.89993,58.953526,132.15698,137.87744,184.57294,21
911,12,275.60767,56.87018,211.4344,241.12494,274.27115,21
912,1,293.81906,102.9553,174.87697,193.4568,285.38788,21
912,2,214.26863,96.77488,99.60755,119.201805,186.16911,21
912,3,206.17854,65.37867,140.96008,157.59534,202.69748,21
912,4,70.624146,30.586994,40.286217,41.390305,61.806747,21
912,5,26.67518,15.7562275,10.357347,17.779543,22.305958,21
912,6,5.568135,6.960067,0.8064382,1.3896024,3.4063873,21
912,7,5.1457376,3.2263958,2.5176625,2.7289307,3.7959628,21
912,8,4.89997,5.9184475,0.0,0.0,1.6005403,21
912,9,38.346806,19.605858,8.176598,25.053028,36.803986,21
912,10,108.84039,41.999367,69.411766,72.44101,110.06426,21
912,11,200.43346,53.936123,132.61546,150.02544,186.85533,21
912,12,272.60333,59.583214,202.36992,229.69685,263.28134,21
913,1,269.6654,85.50405,169.9701,205.54271,258.98447,21
913,2,198.64893,71.16781,126.36798,144.0527,193.94176,21
913,3,188.34116,65.83342,118.274574,136.24966,183.39749,21
913,4,79.756805,40.818657,35.668877,47.619934,74.20508,21
913,5,34.515644,23.555817,13.775575,19.018894,24.349173,21
913,6,12.836776,18.681925,0.64933455,4.43453,6.657948,21
913,7,5.385591,5.0854764,0.7467787,1.807523,3.943788,21
913,8,8.320948,7.952187,0.13093537,0.19850865,6.591797,21
913,9,51.161846,34.008167,9.650907,26.169863,46.175056,21
913,10,114.954346,41.861908,58.55748,92.25762,114.371765,21
913,11,186.86464,57.018272,123.77638,143.38327,174.59192,21
913,12,251.49982,72.23418,181.94792,213.90991,223.85313,21
914,1,270.63443,69.3091,194.012,209.8038,259.70584,21
914,2,208.8497,59.314785,135.4275,154.78256,197.7677,21
914,3,206.92094,55.4764,154.58861,159.89868,200.36137,21
914,4,93.35455,40.885483,52.357807,69.48616,86.46416,21
914,5,29.621248,18.36178,14.399849,17.15058,22.602278,21
914,6,7.469467,11.218186,0.7965678,1.5431354,4.018191,21
914,7,4.1315837,3.3749766,0.39726475,1.3914784,3.3483772,21
914,8,7.699253,8.110524,0.37351507,0.41485938,4.6782494,21
914,9,51.23112,28.017492,13.119709,37.31621,47.392143,21
914,10,121.12579,43.50489,84.55054,94.01366,105.688774,21
914,11,203.62541,43.29252,153.00037,158.76414,206.62932,21
914,12,272.28082,50.602615,225.1416,230.04254,260.51266,21
915,1,276.46713,91.74195,172.2731,199.34454,260.8755,21
915,2,198.3344,78.85387,105.26535,139.47758,185.39627,21
915,3,186.14952,65.15103,133.1953,145.83267,173.8993,21
915,4,74.36291,37.25541,33.633778,42.663002,74.58983,21
915,5,37.397736,26.030352,11.577601,19.292843,27.332663,21
915,6,12.94685,17.685587,0.0,5.5517282,8.040303,21
915,7,5.3963385,6.8149443,0.0,0.0,4.080908,21
915,8,8.9849,9.205494,0.0,0.0,5.6966486,21
915,9,51.321213,36.72344,7.9039955,24.652023,47.11553,21
915,10,112.80748,45.001663,62.66617,79.906586,110.87059,21
915,11,174.51903,54.469345,106.88781,133.55344,165.95935,21
915,12,255.7701,69.59106,184.35841,208.99072,236.14482,21
916,1,297.78262,79.022354,187.5494,237.74084,301.4088,21
916,2,220.6283,77.418205,125.85563,171.51216,207.3384,21
916,3,188.0487,56.46411,117.79025,147.88489,187.92003,21
916,4,76.4674,35.06519,48.326035,50.34285,63.15852,21
916,5,35.63249,20.836548,20.13118,20.514399,30.894287,21
916,6,14.993428,17.711664,3.6466668,5.914192,9.054377,21
916,7,9.55948,6.5644407,5.3884335,5.584774,7.719551,21
916,8,12.366486,12.410602,1.7232078,2.2783642,7.756279,21
916,9,53.0066,31.546566,10.71507,30.5774,49.59267,21
916,10,113.79221,45.67427,68.06881,81.73505,108.21511,21
916,11,183.97577,48.45557,117.69754,159.83281,173.82433,21
916,12,257.7664,63.69102,191.81773,207.0014,243.77486,21
917,1,279.84723,113.94224,144.63861,167.4742,284.2391,21
917,2,165.77895,66.67534,70.100655,117.53544,172.20508,21
917,3,172.75613,66.04455,82.02183,104.32848,194.29156,21
917,4,58.025112,27.234997,24.495749,33.83608,53.966576,21
917,5,28.571589,14.903504,12.657563,15.583071,26.21427,21
917,6,9.3578825,8.17837,3.57877,4.022597,6.9518857,21
917,7,8.862084,5.49748,4.5347743,6.24348,7.5151668,21
917,8,11.93354,9.155179,3.404779,3.564781,9.882244,21
917,9,47.01311,23.742159,9.787149,20.163876,56.337605,21
917,10,92.946915,42.342293,48.63131,53.361267,85.0369,21
917,11,207.3035,58.805332,139.39578,163.50746,207.02077,21
917,12,297.95163,69.20203,231.60722,241.67734,305.03766,21
918,1,298.25223,114.70002,167.6706,172.49974,295.8485,21
918,2,188.6083,82.76143,83.084045,116.7682,187.64098,21
918,3,180.91418,60.251686,99.41621,127.85282,182.15524,21
918,4,63.693058,29.140322,30.372305,41.812054,60.181175,21
918,5,36.801735,18.873453,13.832273,24.08042,33.103626,21
918,6,12.001162,10.290716,3.6459558,4.212164,9.229155,21
918,7,10.571114,6.1199274,6.1902595,6.815049,8.136209,21
918,8,14.52993,11.554658,4.597962,4.9389267,11.997253,21
918,9,54.099297,24.221733,14.366192,41.46827,61.0658,21
918,10,107.53951,40.51151,59.61917,70.39085,104.64496,21
918,11,196.27632,44.92064,140.811,151.47128,206.21352,21
918,12,296.8127,69.19282,220.13884,243.7247,280.97302,21
919,1,177.91609,98.51689,41.088142,66.75304,201.47134,21
919,2,113.72517,63.215263,42.75811,55.610153,111.4847,21
919,3,129.95642,72.43258,45.34073,66.55034,143.8507,21
919,4,64.243645,30.309153,30.615328,40.967995,61.29402,21
919,5,24.006907,9.4749365,12.262161,15.187686,25.088863,21
919,6,10.562136,4.778551,6.3361006,7.056841,10.13128,21
919,7,12.6217985,6.4082747,7.5075808,8.244811,11.660458,21
919,8,9.816214,6.6807437,3.519032,4.4449916,7.690811,21
919,9,35.473125,25.747469,8.632766,11.342727,35.712036,21
919,10,88.99703,62.8568,31.502708,45.01922,69.82791,21
919,11,211.40329,75.1345,101.40755,131.05655,241.0916,21
919,12,247.83247,69.84281,157.63852,190.11171,239.5514,21
920,1,188.17287,114.0016,37.659317,63.995327,186.34358,21
920,2,129.29935,75.50885,44.641937,60.603077,148.65175,21
920,3,136.46236,71.09266,55.89808,58.23305,125.45619,21
920,4,70.29821,30.385662,39.834614,40.133766,69.3935,21
920,5,29.608183,12.260369,15.884971,16.631561,27.719982,21
920,6,10.433698,4.838564,5.442023,6.0803967,8.900863,21
920,7,11.735893,7.7776847,6.0672154,7.5140185,9.710211,21
920,8,10.854442,9.171695,3.720595,5.306182,8.687098,21
920,9,38.767406,26.403128,8.63223,10.318035,40.62188,21
920,10,89.855286,57.721436,38.39919,45.32551,82.294914,21
920,11,219.44406,74.30813,105.22906,142.76549,237.68097,21
920,12,283.13443,76.30132,205.4992,229.29858,296.47314,21
921,1,257.60925,62.690556,200.7373,209.68457,244.73409,21
921,2,227.81001,60.472855,144.17212,181.66974,228.38676,21
921,3,230.12012,65.961784,142.86801,179.72209,227.17046,21
921,4,98.53011,45.688255,46.9137,62.374325,91.05923,21
921,5,41.13279,19.977795,22.47503,24.37328,34.99842,21
921,6,13.699758,18.382298,0.7626813,1.2464213,7.955078,21
921,7,6.8264966,5.6973543,1.6429738,2.7650623,4.7670097,21
921,8,17.262564,13.218214,5.485219,6.4426847,14.541196,21
921,9,63.803165,34.89796,18.537392,25.789722,67.600845,21
921,10,134.99326,27.101128,109.75553,117.52448,124.62363,21
921,11,199.16664,43.415077,153.13393,154.85352,199.89232,21
921,12,244.36447,45.716248,200.71478,206.57912,228.99088,21
922,1,280.21948,78.04865,189.71559,234.56535,268.9073,21
922,2,212.03613,79.05086,125.977425,145.77238,204.03815,21
922,3,191.56924,58.30686,111.86662,161.4589,180.65279,21
922,4,76.59121,37.699604,37.86797,39.14693,71.30999,21
922,5,40.62544,24.590128,17.559792,21.786983,37.03747,21
922,6,15.7002945,20.15732,0.9801723,4.5640097,8.762805,21
922,7,8.439898,6.616995,4.3413515,4.6970778,5.7348824,21
922,8,11.969548,9.427983,2.9274938,3.6472197,10.042318,21
922,9,55.522053,36.15739,11.396748,24.416187,48.565334,21
922,10,115.6479,37.14812,64.88288,94.32046,115.010445,21
922,11,179.04869,55.165634,115.11018,140.54913,168.2023,21
922,12,264.03677,55.921116,187.96205,226.20305,251.79558,21
923,1,269.0231,63.269867,196.80612,217.35977,269.45398,21
923,2,222.76881,61.88183,137.21902,177.85582,217.16791,21
923,3,231.86673,66.0703,139.59265,173.79518,237.16356,21
923,4,99.929405,43.32986,49.509197,64.02164,90.10384,21
923,5,45.17205,21.65234,25.99673,26.844141,38.27165,21
923,6,15.174596,19.360937,1.0405109,1.537631,9.106049,21
923,7,9.533013,7.3140683,3.64635,5.0970964,6.377358,21
923,8,17.04004,15.432436,4.4054947,6.182645,12.936853,21
923,9,67.75371,36.563892,19.337175,25.239422,67.84517,21
923,10,131.02298,25.261515,100.01796,112.12392,125.05186,21
923,11,187.6461,41.305595,145.12401,154.28401,178.96684,21
923,12,234.30954,46.838444,166.71915,195.67754,231.04745,21
924,1,298.89264,100.74559,206.54207,236.84163,277.53806,21
924,2,200.58977,76.72103,130.93465,134.6913,181.42862,21
924,3,183.81584,49.462482,116.081055,130.46635,194.14682,21
924,4,67.56179,37.144142,24.088425,39.54469,62.134514,21
924,5,44.404793,26.727661,18.733007,23.670025,38.576797,21
924,6,16.839478,19.693121,1.624306,5.53016,10.066299,21
924,7,13.999942,9.019166,6.672388,7.34598,9.628866,21
924,8,12.779219,10.676812,0.0,5.1481667,9.881984,21
924,9,62.37391,39.70831,13.154829,22.400406,55.583,21
924,10,102.15914,39.066883,67.064644,74.848564,94.7715,21
924,11,158.33957,55.632008,101.31904,115.00588,153.67882,21
924,12,281.61237,61.476936,213.26538,222.78052,285.8118,21
925,1,184.17448,68.81727,102.46814,115.3223,172.4518,21
925,2,137.54803,30.681679,96.48764,112.430695,137.87578,21
925,3,129.76648,33.510002,88.57983,102.54095,130.5173,21
925,4,71.79175,33.31986,32.19248,40.053978,65.713455,21
925,5,52.98403,20.118963,30.786818,36.811996,52.059216,21
925,6,23.021372,16.57946,9.789226,11.321563,16.279556,21
925,7,19.048794,13.798995,8.633836,9.86585,14.106376,21
925,8,20.735699,19.17212,4.9509864,8.033428,14.726161,21
925,9,43.634945,27.624123,14.954498,20.598473,37.429573,21
925,10,93.824814,26.057957,68.64717,72.28198,88.53021,21
925,11,119.638336,34.890774,65.90277,76.559944,124.744545,21
925,12,153.9509,45.92096,115.59542,130.50362,140.2982,21
926,1,251.7943,63.83212,186.78485,189.71507,226.93129,21
926,2,187.7534,34.48844,160.6908,167.1144,179.67984,21
926,3,159.11769,41.622246,106.23939,114.56592,164.83495,21
926,4,86.075745,30.951818,51.90957,55.371395,81.53099,21
926,5,57.05735,25.615263,31.289701,35.444237,54.945892,21
926,6,20.708525,22.12966,4.6971745,5.3440247,15.630793,21
926,7,15.598028,10.192636,5.796864,7.4572396,12.498614,21
926,8,20.448364,17.415735,5.2767625,6.2309294,14.511711,21
926,9,64.92448,37.05025,18.559147,28.651031,60.926014,21
926,10,124.10365,19.109762,101.486206,105.886215,124.72192,21
926,11,163.87349,43.10042,117.26694,137.5726,165.86281,21
926,12,200.28171,42.015015,157.60399,164.66196,187.24612,21
927,1,236.9525,118.00654,79.27745,115.51251,252.90952,21
927,2,157.90448,78.99966,52.10505,99.1119,152.59897,21
927,3,161.30428,75.99851,59.2462,73.58116,151.5675,21
927,4,81.00916,42.31484,42.846233,45.405926,67.80789,21
927,5,28.103678,11.233428,14.540615,17.391216,25.589746,21
927,6,8.836957,4.1640406,4.9421525,5.3769407,7.687847,21
927,7,10.567633,7.7994194,5.404151,7.0698237,8.284425,21
927,8,11.315941,9.897484,2.689304,5.3062735,8.063934,21
927,9,43.53018,27.762957,9.53416,9.951997,50.7238,21
927,10,98.40514,53.05596,51.745434,60.774017,81.62678,21
927,11,239.15292,71.70388,142.67117,162.5192,237.95053,21
927,12,326.6886,82.23957,247.72368,260.37314,326.86545,21
928,1,220.8258,126.21602,58.195,91.162,234.29582,21
928,2,132.53366,82.06283,35.547043,65.522316,115.351,21
928,3,143.57913,78.22785,75.06398,76.56188,131.4102,21
928,4,77.261314,33.59285,41.846153,51.400078,69.83317,21
928,5,33.082993,15.301319,16.469189,19.77181,31.361477,21
928,6,10.728964,5.3881397,5.814766,6.1093993,8.542293,21
928,7,9.860233,6.5129333,5.513245,6.267205,7.6690044,21
928,8,14.06442,11.093957,5.945885,7.4534817,10.617605,21
928,9,43.155037,30.475475,9.162912,10.105581,40.931507,21
928,10,91.43718,46.076267,46.568413,53.99382,96.31532,21
928,11,233.0871,82.76168,104.1503,184.49672,239.24118,21
928,12,291.16434,95.65146,171.72139,210.22293,307.30353,21
929,1,142.62642,61.787514,67.6452,86.2965,136.45795,21
929,2,117.455894,31.005531,85.418434,96.90125,116.1058,21
929,3,119.96747,42.756668,71.44922,80.276215,112.20548,21
929,4,67.58119,32.25513,21.51389,39.052273,62.59539,21
929,5,57.84529,27.882492,23.606485,36.852192,58.737923,21
929,6,28.652334,25.677454,11.701741,12.150938,18.982903,21
929,7,23.384905,22.46836,9.254128,10.640343,14.638892,21
929,8,18.930492,19.64576,6.0878444,7.6887856,11.698832,21
929,9,37.37088,21.853088,14.024079,20.40149,34.18742,21
929,10,87.85892,37.397583,45.54183,50.96123,85.69234,21
929,11,106.68401,41.061462,47.931915,75.269615,106.39112,21
929,12,132.10287,44.427395,76.093216,89.77579,147.83066,21
930,1,196.42462,68.93973,123.663025,135.57317,198.90677,21
930,2,147.13092,35.60684,103.38741,119.60855,150.75627,21
930,3,124.21969,47.0055,73.95273,88.09302,127.70043,21
930,4,75.20089,30.310074,37.43807,57.445263,72.38909,21
930,5,67.54386,30.273375,35.48793,45.40359,59.805546,21
930,6,28.30288,27.184769,9.297358,9.573132,20.92788,21
930,7,17.73231,8.273498,9.04408,11.413451,14.378647,21
930,8,20.704258,19.954004,1.8314197,3.9881423,12.941296,21
930,9,52.156902,29.90048,18.349096,24.248287,50.91649,21
930,10,109.021355,32.35272,71.322845,76.8603,104.64494,21
930,11,135.4649,30.77704,96.44602,114.44223,129.82138,21
930,12,181.70166,43.448456,130.76212,140.8728,183.78003,21
931,1,284.0766,73.6225,195.61517,213.15144,279.33005,21
931,2,215.59552,69.92706,132.82204,152.27965,206.99973,21
931,3,211.26852,57.720196,125.18933,164.22554,225.18529,21
931,4,92.871994,37.55211,51.24223,59.7774,94.7145,21
931,5,49.585514,23.030622,24.085835,27.69716,45.699272,21
931,6,17.005655,19.610037,2.2670014,3.0445395,9.218963,21
931,7,13.2851095,8.570009,6.4661403,7.2248178,10.462619,21
931,8,18.025593,14.334233,5.9699697,6.1653404,16.657663,21
931,9,69.10734,38.34428,21.056604,26.967546,66.28635,21
931,10,132.68199,32.91934,90.237465,97.42141,136.9764,21
931,11,190.51073,45.30603,147.41187,156.38881,176.22702,21
931,12,245.17854,51.988827,180.72568,208.85298,247.22223,21
932,1,303.73532,92.37118,170.92566,238.88008,293.29987,21
932,2,209.90462,90.35187,117.73657,140.01389,183.8889,21
932,3,172.8127,47.59742,120.23404,129.87784,169.15991,21
932,4,61.419968,31.4782,32.29661,33.992344,54.02668,21
932,5,39.925236,22.645308,17.240952,20.004768,39.011528,21
932,6,16.42163,18.09104,3.9286873,4.7269773,11.894479,21
932,7,12.82593,9.938612,6.2598495,6.6905456,8.621153,21
932,8,12.543877,11.128547,2.5887942,3.780742,9.623884,21
932,9,57.518414,35.195484,12.496996,24.727287,54.805126,21
932,10,99.87819,36.886654,49.401978,78.72922,93.36976,21
932,11,160.7654,58.576675,99.003876,115.675255,152.94359,21
932,12,255.2282,56.06789,189.01266,213.55157,241.07558,21
933,1,159.62025,64.15917,83.122505,94.71473,157.59062,21
933,2,122.129265,25.346392,96.864944,99.182434,119.018684,21
933,3,121.473946,52.868164,79.68932,81.554214,106.09874,21
933,4,62.266026,27.34147,23.147253,37.622726,64.819405,21
933,5,59.599262,26.662996,29.580585,41.759796,57.059227,21
933,6,28.299683,26.226114,11.05581,12.679201,23.208641,21
933,7,24.550026,16.725061,10.397082,13.629768,19.963646,21
933,8,19.685856,18.406265,6.488367,7.9044404,14.398095,21
933,9,39.679115,23.115458,13.378697,19.466583,31.75568,21
933,10,93.894875,37.281876,49.174507,56.509575,91.3092,21
933,11,112.37047,38.565937,55.08049,77.461006,123.864,21
933,12,152.59363,46.357864,83.83093,114.8725,150.7945,21
934,1,189.71237,65.020515,113.96227,129.60387,175.18597,21
934,2,144.02481,27.804493,117.67136,118.852516,145.00012,21
934,3,139.21663,50.491142,84.275345,94.87511,132.79509,21
934,4,94.973885,39.999985,37.873943,71.857,94.425476,21
934,5,92.97108,43.932087,49.28338,55.672733,80.7637,21
934,6,43.893234,26.77371,13.767894,18.404806,46.593845,21
934,7,30.68008,17.160997,13.674385,17.0879,26.991816,21
934,8,33.112762,34.0119,3.8262131,8.626551,21.701588,21
934,9,73.7863,36.033382,29.338295,41.921436,81.111465,21
934,10,127.90052,46.010418,84.67393,91.28009,119.29498,21
934,11,145.85712,35.946693,105.55927,119.04178,141.45929,21
934,12,186.34727,45.2842,132.32352,144.7459,178.02992,21
935,1,171.25456,96.758125,37.857353,68.14451,178.99951,21
935,2,94.03266,59.431583,31.543945,41.627693,78.81677,21
935,3,117.380066,60.410805,41.696507,66.029755,96.91298,21
935,4,60.675537,23.967371,36.3658,38.381783,54.106388,21
935,5,27.033709,13.382645,13.919905,15.655886,23.347923,21
935,6,12.237149,7.18184,6.8902936,7.3687134,9.469654,21
935,7,9.168498,4.822299,4.548669,5.2986517,7.3691893,21
935,8,14.199003,8.053134,7.5100484,8.65333,13.536703,21
935,9,38.51237,26.478611,9.58762,13.058319,33.32982,21
935,10,83.87296,54.375927,33.222496,44.222473,75.989624,21
935,11,193.10637,70.215,79.15081,127.34975,197.80205,21
935,12,227.75897,62.434975,152.10434,182.47964,224.22076,21
936,1,204.17215,116.72071,45.200577,96.90876,188.88127,21
936,2,111.653305,66.14267,48.093784,60.273247,90.303505,21
936,3,133.74588,67.961075,61.98926,63.846493,118.221085,21
936,4,67.65452,25.378698,41.392834,43.928913,63.028656,21
936,5,30.982183,14.237024,14.945227,20.829308,31.452724,21
936,6,13.921849,7.1368732,7.661802,8.915813,11.792038,21
936,7,10.803183,4.5078726,6.8776736,7.381515,9.498454,21
936,8,15.670829,8.741993,7.788039,8.813927,13.667306,21
936,9,48.347095,29.835087,12.151343,21.070917,42.580456,21
936,10,96.44247,48.355736,52.678772,57.032818,92.064095,21
936,11,205.66785,73.085754,100.02428,131.67511,211.58043,21
936,12,266.21924,58.2043,185.23283,220.93668,258.91165,21
937,1,281.27808,141.08316,96.534256,136.75163,284.3575,21
937,2,156.92546,73.14515,52.04702,97.57721,151.88177,21
937,3,172.62271,75.27622,76.3775,84.05224,165.97984,21
937,4,75.563835,36.49758,37.036194,40.741276,69.911,21
937,5,29.329245,13.198425,13.991524,15.810747,26.985767,21
937,6,11.131587,5.1921444,6.385758,7.2457533,8.861026,21
937,7,10.231924,6.472754,5.722444,7.040506,8.230861,21
937,8,15.56763,11.082894,6.114277,7.005869,10.9716015,21
937,9,54.567436,30.546282,11.098995,19.3759,56.957123,21
937,10,98.531845,39.98902,58.752563,75.488075,88.11362,21
937,11,236.42455,65.79453,151.76263,187.9831,241.44238,21
937,12,324.0361,88.31111,219.57462,264.0878,322.21808,21
938,1,265.96216,116.12107,100.23308,142.20392,262.11023,21
938,2,146.78963,65.71873,59.701572,91.64564,150.06984,21
938,3,156.51653,60.871265,81.663795,99.75007,163.41908,21
938,4,70.20524,31.660463,34.477104,39.326694,66.22349,21
938,5,30.882423,14.205138,16.298069,17.22684,29.968945,21
938,6,13.660738,7.864952,7.1207643,7.800943,9.966425,21
938,7,11.100076,5.6048145,7.5562935,7.7541084,8.812195,21
938,8,16.946543,10.921477,7.3467216,7.4837165,12.665413,21
938,9,56.86003,31.510553,14.670874,21.064648,56.68887,21
938,10,106.971596,35.532482,68.68449,73.313,105.207886,21
938,11,218.43036,61.7383,143.04605,158.73796,221.08728,21
938,12,289.36508,76.857025,205.97078,230.94421,274.14792,21
939,1,287.22977,77.7315,198.07182,220.43376,267.40436,21
939,2,212.95993,71.23083,132.71153,156.10394,212.24739,21
939,3,202.40434,57.93563,104.94516,156.45152,221.32254,21
939,4,85.936935,33.960766,49.347755,52.09922,79.26113,21
939,5,52.94254,23.588236,26.07355,31.475834,50.976906,21
939,6,19.866226,21.727701,3.3387191,5.035429,12.220897,21
939,7,15.693019,10.597214,7.041624,7.89805,13.411899,21
939,8,18.941658,14.680717,6.070628,6.2756233,15.386307,21
939,9,68.318665,38.5284,18.702576,27.3577,65.203705,21
939,10,134.03653,39.964447,86.44991,98.4126,134.15941,21
939,11,184.81508,45.26223,141.37494,146.96323,177.31839,21
939,12,237.76776,52.79943,176.2328,198.92068,226.19043,21
940,1,310.05948,108.75341,188.3333,233.10298,288.8048,21
940,2,189.43092,86.59967,105.58146,127.22431,166.76836,21
940,3,168.69623,46.281803,116.38504,123.89507,170.60278,21
940,4,63.86374,33.03277,32.79652,36.667625,57.47677,21
940,5,44.820248,23.79,19.194597,23.305971,46.638474,21
940,6,19.088425,18.789207,5.637192,6.1735277,16.284992,21
940,7,13.303076,8.0721855,6.462701,7.329583,10.995513,21
940,8,13.522882,11.288818,3.7151206,4.878024,11.949278,21
940,9,58.542747,38.501522,14.66785,22.431301,51.436436,21
940,10,96.867134,40.08451,43.50828,72.13165,93.170654,21
940,11,142.60329,58.726192,83.02829,92.28798,133.7389,21
940,12,239.00768,60.850895,185.47658,189.04305,215.75978,21
941,1,302.15082,86.73759,190.09859,227.17241,305.6332,21
941,2,216.05974,84.585976,125.546646,151.18701,212.06499,21
941,3,175.13228,56.665737,100.88012,118.835686,180.1146,21
941,4,77.2173,39.386734,29.495705,43.01898,72.41627,21
941,5,38.52838,18.052828,16.570648,23.71388,37.127045,21
941,6,16.298418,19.276522,3.3341026,5.639924,10.006096,21
941,7,10.862234,9.342614,3.9502754,5.2353287,7.188235,21
941,8,13.675187,15.554169,1.2724198,2.0182984,9.660314,21
941,9,54.307884,31.675165,15.127422,21.653118,54.175446,21
941,10,105.86857,49.016605,55.156857,74.90012,96.40127,21
941,11,157.88568,46.266357,103.71576,117.501976,148.93951,21
941,12,228.64462,61.683628,166.87871,182.96718,221.38042,21
942,1,281.73825,74.66887,170.11905,222.2337,278.38077,21
942,2,211.35919,84.01929,104.711685,123.69498,214.73526,21
942,3,153.5481,46.358685,106.58168,114.424385,154.60187,21
942,4,69.21006,32.52191,33.579254,38.896732,69.74972,21
942,5,44.866173,20.670376,21.203064,27.726597,39.726093,21
942,6,23.312613,27.262121,6.5377607,7.935068,15.120669,21
942,7,15.162429,11.246645,4.793242,6.634949,12.556485,21
942,8,17.840183,20.518108,0.74711263,1.4455154,12.060861,21
942,9,51.37136,33.564445,6.2210054,16.742043,45.097027,21
942,10,98.70315,37.49025,57.114273,70.45263,92.3901,21
942,11,134.27179,47.645844,89.510216,95.11807,122.02696,21
942,12,215.88284,51.79108,164.82782,176.08095,207.02762,21
943,1,245.1649,68.69034,176.65353,180.80742,222.448,21
943,2,183.77945,43.078465,131.58636,157.29875,176.7322,21
943,3,155.9044,60.827873,84.54655,111.03332,156.17932,21
943,4,78.313675,36.906403,38.16385,53.3562,69.3394,21
943,5,85.13381,39.935917,40.50264,51.431774,77.53279,21
943,6,29.252697,25.038685,6.3783097,8.446436,25.644722,21
943,7,23.027584,21.217794,7.0973167,10.426303,13.868072,21
943,8,26.356167,30.338211,0.11892033,1.2137012,20.351477,21
943,9,80.10484,44.710518,31.650928,42.276695,77.05638,21
943,10,137.25885,35.04656,105.31162,107.38075,124.95772,21
943,11,140.43161,52.497566,85.49688,108.14455,133.37648,21
943,12,207.1428,51.665695,154.85197,161.94414,195.46039,21
944,1,250.36565,68.6225,172.86324,198.9399,225.38983,21
944,2,180.6257,41.618053,122.386,146.90038,171.85652,21
944,3,158.21498,62.839558,91.9602,117.957924,153.62677,21
944,4,77.4149,37.812717,38.187088,49.28323,69.98633,21
944,5,87.24904,38.57994,43.174316,52.416668,74.69802,21
944,6,31.477001,26.545364,7.314546,9.491127,27.848385,21
944,7,25.286367,22.171465,10.540108,11.222971,16.03627,21
944,8,28.897898,32.513855,0.58096975,1.988061,20.005838,21
944,9,81.28593,42.96804,33.269444,38.216236,78.43039,21
944,10,136.56892,36.20997,99.257225,111.03821,127.58161,21
944,11,139.74312,49.542744,83.6019,108.05001,136.05702,21
944,12,207.33269,55.35114,146.31479,154.7078,200.14258,21
945,1,319.17477,95.35842,221.37463,227.83586,309.0845,21
945,2,216.05872,81.945244,123.887566,146.00604,213.51944,21
945,3,188.80725,57.914078,121.14384,148.36298,186.8672,21
945,4,77.36545,35.886322,35.21148,53.62529,69.31238,21
945,5,45.38574,21.612255,21.278145,26.038282,45.18302,21
945,6,15.665125,14.799337,4.1797166,5.2407293,11.847368,21
945,7,12.950381,7.7908044,6.316598,6.8777757,11.370041,21
945,8,16.39492,13.441285,4.230451,4.619537,13.356393,21
945,9,61.07265,33.797447,17.1896,34.24339,56.549404,21
945,10,130.69951,55.660385,75.871284,90.89745,121.41739,21
945,11,179.89763,40.648666,130.62172,136.28468,181.62949,21
945,12,271.07745,49.292446,209.16724,232.49007,259.6523,21
946,1,316.71933,87.262115,207.53522,241.55238,315.5022,21
946,2,221.72319,85.69268,143.00461,155.743,203.75648,21
946,3,183.50302,49.054394,129.24138,131.39098,177.87973,21
946,4,76.076126,39.039696,40.546318,46.75669,66.60589,21
946,5,47.446156,23.10508,17.875774,26.239956,45.413147,21
946,6,16.263655,18.046928,3.8298473,3.8755505,10.176616,21
946,7,13.191914,9.7623205,4.813671,6.323332,11.055986,21
946,8,15.230535,14.201049,3.1009893,3.5320883,12.013641,21
946,9,59.29067,36.525604,14.048531,30.167814,54.732124,21
946,10,130.86043,55.373596,79.452484,86.81155,130.73315,21
946,11,182.64346,43.869186,125.20457,143.06367,184.67734,21
946,12,269.70416,52.264038,214.54593,229.33655,277.70483,21
947,1,149.2758,61.892727,69.85179,84.30595,150.3135,21
947,2,123.01003,27.538244,93.19141,99.78451,124.40018,21
947,3,117.218735,43.997524,74.261116,79.459816,112.76282,21
947,4,67.50891,29.254951,27.207247,47.94243,63.68464,21
947,5,62.64615,27.013632,27.212196,35.70091,60.434883,21
947,6,29.479166,22.819805,10.7394905,11.146324,28.09889,21
947,7,29.23609,22.181265,13.070212,13.520969,24.809845,21
947,8,20.380371,18.240463,6.7272263,8.45272,16.682491,21
947,9,43.14958,24.788755,14.922507,21.80485,36.943897,21
947,10,88.80643,31.94024,48.733315,65.269485,85.18171,21
947,11,111.49747,35.513996,56.49835,89.81788,111.36738,21
947,12,149.35667,47.48995,82.9377,94.934326,150.39154,21
948,1,319.7498,97.64775,208.66681,245.85904,284.40558,21
948,2,227.3142,72.05484,159.32028,175.01488,217.72717,21
948,3,198.65306,63.776844,141.1387,153.28455,186.74896,21
948,4,88.319595,44.656887,45.725513,61.15933,77.22605,21
948,5,41.75309,20.004095,23.118446,29.129002,38.559784,21
948,6,14.783911,16.863447,4.9556828,5.289551,8.022054,21
948,7,10.905436,6.619488,5.719198,6.2424326,9.432669,21
948,8,12.695701,11.755819,2.4064126,2.8076828,9.677383,21
948,9,56.41978,33.743744,12.571632,26.440092,52.244816,21
948,10,121.72182,58.070496,78.06908,84.48855,107.144005,21
948,11,174.8861,49.355293,119.38715,131.22035,162.06631,21
948,12,261.80316,65.70473,185.4183,200.39609,262.68268,21
949,1,313.03864,109.43228,203.8732,227.16243,267.11145,21
949,2,197.47382,87.294945,107.30619,147.84,159.85739,21
949,3,178.21654,50.565037,122.71426,135.36926,187.57344,21
949,4,72.06887,32.364986,39.59195,48.09671,70.7044,21
949,5,53.98648,26.437994,23.144522,27.428923,45.348404,21
949,6,22.617147,22.648056,5.092008,6.4935455,16.317131,21
949,7,17.12966,9.653445,8.157108,9.001445,12.263467,21
949,8,18.194883,15.292576,4.5083833,5.4495683,18.362497,21
949,9,65.74244,42.373543,17.735533,22.267887,63.71619,21
949,10,107.46947,38.80048,54.478374,75.5594,101.11753,21
949,11,141.41872,49.9357,82.40015,97.62893,145.19443,21
949,12,250.00218,66.001686,184.55777,192.84651,252.63676,21
950,1,281.33835,90.34498,184.94424,209.1807,251.25604,21
950,2,193.48679,91.82033,95.23175,127.35263,174.6328,21
950,3,150.52055,45.205128,101.1656,117.63835,148.36919,21
950,4,63.663986,29.866102,30.71763,31.708591,62.705276,21
950,5,45.248344,22.38043,16.95705,25.289799,44.13867,21
950,6,19.87219,22.644419,5.3753924,6.129291,14.6540165,21
950,7,13.317713,10.114792,5.611466,6.997291,9.836533,21
950,8,15.934368,16.37781,2.2034268,2.8908439,11.838163,21
950,9,55.141376,35.074493,10.006772,18.179792,49.964596,21
950,10,94.58942,36.207752,48.668274,71.1838,91.13848,21
950,11,132.89832,48.72493,83.77209,91.610664,127.3184,21
950,12,213.30211,55.668972,158.32306,163.13748,199.34792,21
951,1,296.33383,91.29935,179.8984,231.45645,303.43298,21
951,2,205.42955,79.99185,125.588165,129.13748,181.11055,21
951,3,170.88162,48.938118,111.30077,132.99911,160.96829,21
951,4,70.21596,36.975105,31.045391,42.028595,66.26484,21
951,5,44.81907,23.707949,19.538088,22.96341,48.23268,21
951,6,18.770046,21.58374,2.3990104,5.2827573,9.755323,21
951,7,13.862074,10.471029,6.014721,7.330641,10.751768,21
951,8,14.041593,16.55139,0.4517907,1.702708,9.854645,21
951,9,52.087147,32.81282,10.405285,25.042757,42.861626,21
951,10,105.53382,45.552773,65.978516,71.16685,95.73836,21
951,11,151.9768,42.68147,106.98324,117.16753,143.40216,21
951,12,229.10059,45.14806,165.76091,188.7188,230.7295,21
952,1,134.13025,52.913,71.312355,81.24926,125.16813,21
952,2,114.987526,33.499172,77.928276,93.483955,117.466934,21
952,3,98.67689,40.698574,55.483932,71.062454,93.06302,21
952,4,69.743935,40.82108,23.835155,29.762775,72.794365,21
952,5,56.16891,27.403093,27.744976,33.136353,55.987434,21
952,6,22.963766,14.134708,8.577732,9.267109,21.341236,21
952,7,11.7479725,6.732596,5.579634,6.2918043,10.493705,21
952,8,19.106192,16.518114,8.339956,8.933077,13.0257435,21
952,9,35.821808,24.254477,10.877425,12.203094,32.534546,21
952,10,96.80845,27.72496,63.823715,65.84712,95.91971,21
952,11,127.71609,37.909527,90.70695,94.27785,126.1856,21
952,12,135.48352,44.9518,83.18449,103.48515,133.23335,21
953,1,234.22444,55.66111,160.66548,184.79973,232.08052,21
953,2,178.5929,38.915993,123.73969,154.83391,178.6022,21
953,3,151.15433,57.114323,72.70981,110.67508,142.39923,21
953,4,81.321236,38.01423,46.353374,53.10817,74.966,21
953,5,93.233536,44.278576,49.39061,55.1833,81.81021,21
953,6,43.314445,36.55172,8.234987,11.303614,35.679848,21
953,7,30.414745,21.45606,10.6915045,17.421173,22.950706,21
953,8,32.91405,35.24989,0.7532401,1.1595099,24.852993,21
953,9,87.78243,46.148872,34.945503,44.392483,88.95001,21
953,10,133.61891,39.226414,84.67939,104.72027,123.24252,21
953,11,143.9747,48.82434,97.71888,100.22349,136.09882,21
953,12,203.46384,52.603893,136.20042,168.6495,198.01476,21
954,1,240.40071,58.406677,174.60136,193.41328,226.48895,21
954,2,182.38289,43.105125,118.995026,160.74191,179.80302,21
954,3,159.15324,66.22471,74.64138,111.83664,145.17848,21
954,4,80.19855,40.335472,46.771896,50.764874,74.34554,21
954,5,81.0294,35.943207,45.43252,51.800846,68.66161,21
954,6,36.001385,31.34845,8.650833,12.570074,30.420835,21
954,7,27.154917,19.850182,10.4733515,14.221994,21.090923,21
954,8,31.15112,31.984222,3.1172252,5.2523537,18.439339,21
954,9,82.25785,44.035828,35.762657,42.483532,78.962654,21
954,10,133.42253,37.94656,80.58402,94.84713,127.035416,21
954,11,137.15543,47.219185,85.81069,102.058815,130.67337,21
954,12,195.09491,42.070366,141.01944,173.06645,201.72385,21
955,1,237.65231,67.76993,170.74527,175.5257,216.30417,21
955,2,182.09373,42.885387,129.42908,159.17354,183.07477,21
955,3,150.46204,69.06972,74.3168,100.70245,130.54068,21
955,4,82.77932,37.655117,47.724316,61.43126,75.11637,21
955,5,83.61958,40.44041,49.01976,49.29942,73.636154,21
955,6,41.484707,38.851505,9.969356,11.9444,26.983753,21
955,7,29.91561,20.482824,10.89793,12.799996,26.43591,21
955,8,32.32071,31.761726,2.1066036,4.638674,23.490051,21
955,9,81.838844,41.19565,33.54615,44.495033,80.631615,21
955,10,128.34113,43.26458,81.30913,82.712616,124.30745,21
955,11,137.23466,45.905045,91.28589,100.77967,123.864136,21
955,12,186.07814,40.590027,130.14212,166.92014,186.70886,21
956,1,228.34929,60.85804,150.71652,179.4216,221.75021,21
956,2,177.39717,43.352043,105.44197,154.9209,182.24138,21
956,3,147.53793,61.05795,83.11197,104.203896,128.10654,21
956,4,82.706985,39.126892,52.824425,55.077255,75.74251,21
956,5,94.78801,50.10054,52.983276,57.172035,86.71348,21
956,6,46.49197,42.673393,7.649576,9.409022,36.288277,21
956,7,31.185919,22.538631,9.292709,12.10175,26.675077,21
956,8,33.51076,37.141155,0.0,0.67586315,23.611794,21
956,9,86.24815,48.19931,34.002743,43.457626,85.61941,21
956,10,133.22488,43.705044,78.74076,93.13441,122.65644,21
956,11,143.78697,49.10753,95.920746,102.99001,134.3789,21
956,12,191.72961,46.70471,126.24502,163.56638,191.92816,21
957,1,268.43677,91.38473,160.83282,199.86316,237.21434,21
957,2,192.82033,79.14128,126.29108,140.85107,183.19139,21
957,3,149.63,43.982525,100.044075,112.499435,148.04329,21
957,4,67.674995,32.901405,36.243927,41.113743,63.946167,21
957,5,56.9464,25.99517,22.17798,33.596333,48.10632,21
957,6,24.206247,27.26986,5.9575133,7.5119467,16.16637,21
957,7,16.574196,11.070855,7.185086,8.040392,11.767704,21
957,8,20.142252,19.333994,2.9659677,3.4600744,16.145334,21
957,9,63.450592,40.03052,11.587677,26.387857,64.48334,21
957,10,105.53158,35.443367,61.002583,77.767654,105.23041,21
957,11,131.9374,47.478054,85.76876,96.68321,120.08348,21
957,12,202.39787,50.725918,149.3884,156.44351,203.00204,21
958,1,251.00311,80.322784,161.5184,172.34459,232.83961,21
958,2,187.14035,69.43347,104.26717,133.45454,188.08762,21
958,3,141.3991,45.05753,84.265366,106.76277,132.69746,21
958,4,65.77009,32.20713,28.478214,36.755577,63.288956,21
958,5,53.350616,24.155273,25.155848,35.81687,52.04395,21
958,6,31.732338,30.053593,10.572393,13.4525795,20.518152,21
958,7,20.71218,14.374646,7.3878813,9.751071,16.218672,21
958,8,20.251566,20.062418,1.4507589,1.7990116,15.11661,21
958,9,57.297775,35.239777,8.330329,18.407703,56.48743,21
958,10,106.13801,38.2849,49.30932,83.92668,104.01637,21
958,11,117.61443,42.091274,74.78874,82.83802,114.1183,21
958,12,188.04057,40.851707,150.57751,156.67679,187.78214,21
959,1,301.7824,106.36326,179.70993,213.53424,294.40723,21
959,2,197.78534,68.69121,114.036,136.48738,202.5781,21
959,3,188.24814,47.63678,128.82896,133.46404,194.46153,21
959,4,64.5002,30.480167,30.852541,40.133896,63.36566,21
959,5,38.91655,19.387705,17.871862,23.51772,34.68184,21
959,6,16.566479,11.764572,5.51418,7.1547685,12.9675865,21
959,7,12.928373,6.1987596,5.5976276,7.349896,11.147141,21
959,8,17.645517,11.188788,6.9852595,7.649591,15.66617,21
959,9,63.572247,31.32039,27.62667,35.950523,63.96854,21
959,10,121.83274,33.751896,80.87336,96.03975,120.231964,21
959,11,191.81381,46.780636,137.41795,145.22945,187.46297,21
959,12,279.80542,57.555294,231.06638,243.88675,261.54053,21
960,1,287.31348,82.394806,204.98824,212.9255,272.59164,21
960,2,205.36493,74.95446,116.21744,131.22186,215.81151,21
960,3,182.00551,49.30464,132.9691,147.06218,173.94528,21
960,4,67.10348,32.40123,29.205294,39.270676,63.675674,21
960,5,50.999245,22.561306,24.441803,28.431381,46.047047,21
960,6,22.342344,19.249983,6.335253,7.3666234,14.784688,21
960,7,20.301863,11.66929,6.808421,12.488291,17.317717,21
960,8,23.00294,16.032661,7.6853223,8.789957,17.771832,21
960,9,68.51431,36.77497,22.51685,43.006966,65.005394,21
960,10,129.38614,40.239548,79.20239,102.391464,116.84082,21
960,11,169.696,45.42676,107.62389,128.34534,178.10327,21
960,12,249.54665,46.532394,211.23175,217.42694,245.33704,21
961,1,278.23077,73.35578,203.02325,210.22842,261.6557,21
961,2,210.7556,58.458103,139.1745,178.14148,202.35463,21
961,3,181.4215,57.222176,122.87681,130.0526,189.87976,21
961,4,83.911896,32.69648,41.90381,57.781086,84.31007,21
961,5,60.4096,25.33279,32.09622,39.55511,60.72647,21
961,6,22.56553,21.825266,4.6207395,6.5378795,16.050282,21
961,7,18.905281,13.780266,7.6991267,9.069531,13.373077,21
961,8,23.087141,20.83721,6.031962,6.5067883,14.261552,21
961,9,72.81232,38.53762,25.222214,40.97083,66.201904,21
961,10,133.35269,37.389355,97.34067,107.16412,130.36977,21
961,11,175.41096,48.063255,130.4764,142.11804,169.8663,21
961,12,220.49437,50.59125,157.75578,187.05865,214.1953,21
962,1,239.3164,72.31485,157.43224,167.99548,241.76187,21
962,2,168.49911,66.59022,99.56851,117.43038,171.68365,21
962,3,139.64539,51.19267,66.54774,105.8212,149.6733,21
962,4,72.77738,37.336544,35.43305,45.724903,61.669247,21
962,5,66.81193,31.920107,33.12617,36.72211,59.890522,21
962,6,28.282553,25.61208,8.169213,9.291856,18.52969,21
962,7,20.043142,14.961608,6.632002,6.972498,16.974009,21
962,8,30.336876,29.21645,6.6547346,6.669661,18.071377,21
962,9,62.34014,36.223595,16.784111,25.740679,68.22147,21
962,10,110.41786,37.96083,52.172276,76.57006,114.75549,21
962,11,131.85754,51.75209,81.53192,95.47112,127.72254,21
962,12,174.90718,51.99812,96.22664,128.4485,178.07855,21
963,1,281.17175,92.46759,201.23682,220.67441,271.51984,21
963,2,218.69975,90.09666,113.18356,138.13148,214.34756,21
963,3,159.46948,48.281513,108.19905,125.786736,153.73148,21
963,4,65.45513,33.695583,27.992495,36.608425,67.11723,21
963,5,47.55159,24.074305,19.624992,30.11147,48.718147,21
963,6,23.177382,27.68952,4.6259804,6.994015,11.513659,21
963,7,16.73169,12.261055,6.194925,7.222053,14.550739,21
963,8,17.260502,20.545626,0.23538224,0.5256972,12.563213,21
963,9,57.17362,37.21855,19.031513,23.889175,45.04236,21
963,10,108.289925,47.93239,63.5107,75.63503,94.84635,21
963,11,147.98996,51.067448,100.424385,109.54802,131.11322,21
963,12,226.99454,51.506508,169.39359,184.05923,226.25677,21
964,1,302.26294,81.81264,197.13535,239.92566,285.71915,21
964,2,220.43474,83.62097,132.19238,144.67729,215.7957,21
964,3,180.37991,52.675842,136.07889,146.85481,168.75848,21
964,4,71.387856,36.178783,40.698013,51.893425,62.4746,21
964,5,55.531242,25.35499,22.854008,28.831915,61.15069,21
964,6,22.5002,25.47312,4.2325897,7.1470814,11.746685,21
964,7,15.2904005,12.177636,4.078962,5.7549415,14.061039,21
964,8,20.556454,19.00466,5.2471886,5.4800377,14.800063,21
964,9,64.76066,39.31577,17.247587,30.54859,53.549873,21
964,10,131.11653,51.624107,73.98776,90.97,120.49164,21
964,11,174.80307,46.34982,117.45917,124.65071,167.67868,21
964,12,254.43416,47.003716,204.52257,231.60042,264.33536,21
965,1,150.5714,55.786667,78.1333,94.97146,148.2953,21
965,2,125.90023,29.588833,84.18708,105.11567,114.37383,21
965,3,118.45387,46.062084,73.47613,82.7942,110.456696,21
965,4,81.41108,37.23118,29.532019,54.24829,83.73603,21
965,5,70.69948,28.685057,36.61045,39.00218,74.12295,21
965,6,35.4275,19.750887,12.377522,14.655616,33.76541,21
965,7,26.815502,13.4786,15.256382,15.367217,24.087069,21
965,8,23.388323,22.837698,8.213761,10.135898,14.728777,21
965,9,46.29585,25.87495,19.06457,26.982815,43.14162,21
965,10,103.008675,32.559483,64.87648,78.38951,98.57031,21
965,11,135.61389,35.534206,86.861015,109.033325,142.01828,21
965,12,155.90471,40.026356,106.624954,130.76033,152.42175,21
966,1,285.4733,89.370834,204.77031,219.81993,267.51184,21
966,2,219.7994,91.56772,124.01695,141.08763,188.55115,21
966,3,162.5473,44.85521,119.4334,128.81161,155.38971,21
966,4,64.466156,35.17554,27.279444,35.481926,58.923943,21
966,5,51.167305,25.401672,20.66318,26.529446,50.31818,21
966,6,22.921816,28.019335,3.8571396,5.731248,11.311361,21
966,7,16.347733,14.453131,5.6483097,6.43154,13.709923,21
966,8,17.60371,19.248299,0.14428844,1.5084757,13.681973,21
966,9,57.787907,37.02467,16.238503,29.025928,47.94694,21
966,10,113.85864,40.01701,67.215485,75.88862,103.05718,21
966,11,159.51976,59.170773,96.19488,114.65356,155.89906,21
966,12,231.11784,45.131786,176.68025,198.55821,236.49063,21
967,1,279.59787,75.851974,206.16293,213.14888,282.07083,21
967,2,218.44002,92.54532,128.08025,145.73584,189.98123,21
967,3,166.2514,51.366318,117.58561,135.42929,165.3967,21
967,4,64.781204,31.13419,28.529215,40.444958,66.80452,21
967,5,51.29726,24.397308,20.153776,31.017063,51.511955,21
967,6,23.760769,26.794765,6.2648044,8.794478,14.929827,21
967,7,19.862173,15.957658,6.489359,7.8565445,16.12211,21
967,8,20.217457,20.595032,2.0206358,2.4265695,13.373627,21
967,9,57.648617,35.98938,13.991276,28.973265,47.665253,21
967,10,116.46917,37.65792,64.68536,88.88527,109.486565,21
967,11,152.93962,55.934624,88.89711,108.7667,152.1778,21
967,12,227.88574,42.104965,193.13214,200.57613,225.3685,21
968,1,251.02109,66.16164,183.69185,193.8633,236.39514,21
968,2,191.7627,48.092617,127.12957,166.4621,186.68811,21
968,3,161.38152,56.955402,80.66944,107.25348,158.3639,21
968,4,76.982445,32.737476,33.08143,50.891697,71.39909,21
968,5,72.12636,34.47646,33.095592,38.446896,63.825287,21
968,6,28.097633,25.793695,7.374833,8.398578,20.996733,21
968,7,23.597563,17.841604,10.264579,11.691898,17.154673,21
968,8,26.749622,26.830622,4.5366106,4.881204,19.192438,21
968,9,76.57177,39.20189,30.773048,47.23275,69.02506,21
968,10,128.0609,35.365387,86.545616,95.359024,131.39859,21
968,11,142.54375,44.221313,105.18064,109.02648,134.17668,21
968,12,200.13968,45.636703,133.07932,180.19675,192.25424,21
969,1,240.11337,74.14457,160.41653,170.01395,239.63013,21
969,2,177.45563,59.536873,118.3287,141.43512,173.4687,21
969,3,137.16995,43.16945,79.91893,104.87705,137.28523,21
969,4,69.11712,35.72465,20.235935,42.60224,73.58489,21
969,5,64.53405,29.769276,37.29358,42.906837,54.33191,21
969,6,38.78704,35.436966,14.205248,16.268814,25.558378,21
969,7,23.253683,17.321335,5.397069,8.589144,17.032373,21
969,8,25.565983,23.228245,3.3342307,4.014712,18.283192,21
969,9,60.879997,33.58848,19.444412,29.828838,62.103878,21
969,10,111.65243,38.85832,50.9957,76.112976,118.45648,21
969,11,119.8264,40.8663,72.8404,77.89876,117.4087,21
969,12,175.08087,45.305027,124.34452,147.08658,177.73083,21
970,1,191.87982,85.13729,91.23542,119.65384,180.13496,21
970,2,125.80018,53.144966,45.5361,91.85344,124.948235,21
970,3,108.26167,40.143856,61.370956,79.43362,109.63752,21
970,4,56.463768,27.969084,22.842941,29.439129,58.191597,21
970,5,37.66335,18.643824,19.947266,22.513102,32.246964,21
970,6,21.495499,17.455921,7.100024,7.175265,15.583557,21
970,7,18.430685,7.517446,8.923052,9.450982,18.193296,21
970,8,26.920567,14.870774,17.209541,17.734756,22.433794,21
970,9,51.942806,27.862328,20.504406,24.662405,51.573734,21
970,10,95.52489,31.953686,65.002686,69.10062,92.44696,21
970,11,173.30843,53.052437,103.63008,126.16258,178.16638,21
970,12,206.45828,56.653004,145.46881,162.61871,207.26315,21
971,1,260.63663,106.46051,126.690994,170.46635,243.176,21
971,2,150.71526,58.690147,73.17024,109.095634,149.40157,21
971,3,158.78708,50.501335,94.636505,109.6467,164.53372,21
971,4,84.16588,29.680307,49.868637,60.116817,81.05459,21
971,5,48.341206,16.58674,31.400574,33.66252,47.292603,21
971,6,26.497541,14.046107,12.681499,13.718671,21.780657,21
971,7,25.962502,10.479141,13.200108,14.712187,26.669207,21
971,8,26.50814,11.415218,16.859728,19.35785,22.990025,21
971,9,66.962135,34.68909,28.268188,38.013676,67.13825,21
971,10,112.986946,34.156654,80.43874,87.0592,103.71917,21
971,11,208.3905,49.503582,147.33696,182.08618,203.9768,21
971,12,268.55945,60.88762,208.6622,224.12404,261.1771,21
972,1,231.71289,75.7098,138.25398,157.55223,218.13774,21
972,2,178.00671,53.471634,92.39193,145.91595,184.69296,21
972,3,141.25847,53.41397,76.91287,104.78371,123.39578,21
972,4,81.20208,37.317924,33.693737,57.82438,78.53977,21
972,5,90.45723,51.48263,44.902653,52.873817,76.652275,21
972,6,50.09689,46.338814,12.089056,20.143934,39.280056,21
972,7,28.727522,24.210545,7.565558,12.664986,22.190666,21
972,8,31.056381,32.52311,0.93818164,1.5853152,23.734173,21
972,9,84.81571,47.958652,23.742147,47.90603,77.69679,21
972,10,129.72023,50.639877,82.16791,89.76929,125.32103,21
972,11,139.05408,46.4018,87.767815,96.76943,130.97318,21
972,12,180.3049,44.181812,125.36971,152.66081,178.4439,21
973,1,208.53542,63.378094,128.76161,147.0558,209.39688,21
973,2,167.52557,45.546803,89.29242,139.6962,170.37643,21
973,3,138.13113,45.58824,90.31263,106.53649,133.29604,21
973,4,81.96212,34.445656,45.05703,55.20743,82.539505,21
973,5,98.00406,50.666252,53.83074,61.355305,78.46739,21
973,6,52.028988,43.526802,12.526587,19.747004,49.2926,21
973,7,34.675644,24.579258,12.807588,15.30068,27.938946,21
973,8,35.823994,38.510544,2.668608,3.5193424,23.708431,21
973,9,93.24277,49.593803,38.657635,47.513763,95.46706,21
973,10,127.46225,44.73528,86.46752,94.1831,114.15014,21
973,11,145.35992,43.927765,103.31005,114.36027,139.90508,21
973,12,180.2944,40.37947,128.35056,161.69824,177.21092,21
974,1,267.3295,101.40862,144.74554,177.41454,246.1356,21
974,2,156.55922,64.548706,54.90933,107.27827,162.17276,21
974,3,166.69228,52.33697,87.14169,116.06552,166.19296,21
974,4,73.8558,38.681988,36.506485,47.34661,64.211044,21
974,5,35.665447,16.767445,16.404488,16.887352,35.40997,21
974,6,16.306274,11.460374,5.614027,6.778325,12.063343,21
974,7,14.843758,5.8293576,8.795533,10.038767,13.301767,21
974,8,18.41959,11.182427,9.226051,10.042984,14.510833,21
974,9,56.984417,30.336174,18.775011,28.139112,56.59273,21
974,10,114.67547,33.76973,76.40529,80.09971,106.62308,21
974,11,206.9571,50.195477,162.16403,174.69565,207.85522,21
974,12,278.9392,83.809425,188.62177,231.23582,247.87964,21
975,1,238.50656,95.285126,136.31534,142.24352,223.84409,21
975,2,137.92139,54.90305,58.105827,89.88213,132.91756,21
975,3,144.37859,52.405174,71.271324,94.34831,146.40889,21
975,4,69.550606,32.090992,39.688793,47.659126,62.089973,21
975,5,36.419403,17.482618,17.041464,21.26858,34.107162,21
975,6,18.214193,11.528984,6.3764873,7.706984,16.285408,21
975,7,18.706718,7.5688524,9.876137,10.885637,17.271294,21
975,8,20.249699,10.960323,11.201663,12.218832,14.861454,21
975,9,56.55317,31.003775,17.099213,27.247353,58.78947,21
975,10,103.64186,33.679886,73.00508,74.13081,99.608055,21
975,11,188.54865,44.08509,123.75695,157.60132,189.3599,21
975,12,251.3588,66.79552,184.50218,206.35426,243.79585,21
976,1,226.92236,96.33507,119.060715,149.24422,199.7669,21
976,2,135.39705,57.03356,58.705032,87.878654,144.49733,21
976,3,153.80406,61.39819,74.13895,106.47337,153.69228,21
976,4,78.77159,38.775856,36.523727,45.796448,78.01378,21
976,5,37.140694,16.940733,20.475315,23.862814,32.430656,21
976,6,18.93954,13.644381,6.471739,8.30489,14.181068,21
976,7,16.267801,7.631718,8.153275,10.987033,14.454893,21
976,8,20.129553,10.583375,11.574453,12.567727,15.623382,21
976,9,60.761444,31.388552,19.755234,32.008083,64.22231,21
976,10,108.12777,31.166702,71.441826,87.17342,97.85514,21
976,11,207.85866,66.25126,131.0362,143.1477,197.61417,21
976,12,264.87427,75.44933,166.99744,210.06395,269.21326,21
977,1,194.75946,95.368645,99.80342,112.46386,172.68353,21
977,2,103.32402,43.382607,49.42325,75.44551,113.86287,21
977,3,117.425934,46.834118,71.43648,73.03284,118.64478,21
977,4,74.80597,33.795353,34.3123,36.82462,78.444885,21
977,5,38.94224,17.064342,20.024986,23.86961,37.621235,21
977,6,24.25996,18.47306,7.9829683,9.775292,18.596739,21
977,7,23.474705,9.972566,10.431339,11.693861,24.311548,21
977,8,22.271807,10.322302,12.921509,14.063054,18.91471,21
977,9,60.90113,31.752296,24.272179,28.18872,61.72928,21
977,10,97.59788,30.215858,55.61615,81.40168,94.972,21
977,11,168.57219,58.961098,103.19729,111.67693,162.60391,21
977,12,219.41486,63.022167,163.09253,172.513,214.06444,21
978,1,269.35178,76.06723,193.06932,223.18454,269.10944,21
978,2,206.00363,93.00358,118.79285,132.73119,173.64552,21
978,3,152.74423,46.794,95.61129,128.58951,147.95828,21
978,4,65.820885,31.558601,25.11408,48.744698,68.41802,21
978,5,48.287243,24.08444,18.316185,33.87497,43.43104,21
978,6,27.033188,29.72535,7.7017746,9.328207,17.004807,21
978,7,20.847364,16.488316,8.296921,9.572747,15.69524,21
978,8,18.375462,17.510927,0.999838,1.9634415,14.064888,21
978,9,52.87266,35.535206,6.2613373,17.931833,45.97754,21
978,10,109.07194,38.257458,56.676636,73.31877,113.552505,21
978,11,126.079704,48.372784,70.250916,72.20382,125.83045,21
978,12,205.83098,37.013397,163.9291,182.64392,206.23239,21
979,1,247.48128,86.31795,154.70726,193.37604,232.73936,21
979,2,191.9948,75.36593,98.643456,137.38397,199.92339,21
979,3,142.84863,46.90834,77.94967,113.95989,147.25879,21
979,4,65.77728,29.533466,26.776657,38.53996,70.8204,21
979,5,57.421906,28.42611,21.899551,35.728905,52.072662,21
979,6,32.96376,32.333504,10.43938,13.648433,21.595144,21
979,7,23.367748,19.67133,7.3430367,9.373114,16.597837,21
979,8,17.326063,17.107904,0.0,0.0,15.548359,21
979,9,56.957977,37.814568,8.092921,18.900871,53.42553,21
979,10,110.17434,35.715797,63.22826,77.75339,118.336975,21
979,11,119.03189,45.954826,66.2739,77.055756,119.87695,21
979,12,205.52469,36.658184,168.5935,182.96646,206.70654,21
980,1,227.44104,81.3163,111.74287,176.307,222.38283,21
980,2,179.65073,57.63632,95.941216,123.64539,194.43901,21
980,3,130.78337,46.542324,66.52144,88.99201,138.00354,21
980,4,76.26398,41.413128,35.345825,38.00566,76.45212,21
980,5,92.02612,55.698826,43.584274,48.273552,72.71778,21
980,6,48.038364,44.23222,12.6340685,16.277277,43.103218,21
980,7,29.069464,26.2212,8.125237,9.1904125,21.404903,21
980,8,31.682838,31.865496,2.2699506,3.4263668,19.55998,21
980,9,85.41861,49.839622,33.161034,39.51911,75.7161,21
980,10,120.44777,49.617527,78.80557,83.84564,106.67327,21
980,11,136.10924,51.623405,67.98981,99.940704,138.37903,21
980,12,189.92873,53.40929,133.42998,142.5016,177.78287,21
981,1,242.87952,87.153725,137.80658,156.58128,235.61758,21
981,2,174.08728,55.03321,98.71432,143.76251,179.16855,21
981,3,131.62279,44.412678,70.28513,97.6123,130.0756,21
981,4,72.45727,38.592487,26.459051,41.900738,74.033646,21
981,5,76.13149,40.978115,41.253826,45.10937,66.20983,21
981,6,44.259502,39.684433,15.791672,18.225533,36.930225,21
981,7,27.860744,22.91885,6.396716,9.741656,19.760891,21
981,8,32.098816,29.983994,4.8290997,5.562332,22.322683,21
981,9,69.9724,38.11156,27.619942,31.249147,68.62433,21
981,10,115.379234,47.566322,66.7424,69.02779,108.82327,21
981,11,123.61078,44.022358,76.75923,86.463036,114.67935,21
981,12,173.7813,50.000797,117.46305,142.73164,173.18907,21
982,1,276.85083,91.97043,176.04271,186.23355,280.6934,21
982,2,210.36018,86.417,123.079185,155.74332,197.72362,21
982,3,162.2387,52.298893,117.29576,132.76234,148.05054,21
982,4,65.84544,30.049412,29.114326,44.604427,67.69144,21
982,5,50.903053,28.224483,17.684582,31.544207,47.72606,21
982,6,30.960037,31.579126,10.503241,11.644236,22.825113,21
982,7,23.821903,19.15643,6.9763694,9.78372,19.507683,21
982,8,21.730587,19.74032,1.6900244,2.6593442,15.3887825,21
982,9,57.77263,35.755768,12.962221,23.802094,53.738754,21
982,10,114.52135,35.760605,62.569664,79.52891,113.528755,21
982,11,139.41124,55.18944,54.5607,103.633804,148.61497,21
982,12,221.54497,42.149364,181.10893,189.53986,212.45998,21
983,1,263.70367,83.55992,172.76234,197.04366,250.8534,21
983,2,198.8219,69.873024,137.52818,145.75313,184.32353,21
983,3,150.00415,50.802635,100.93704,118.26532,143.49666,21
983,4,68.378494,32.567963,33.690693,40.663536,71.32543,21
983,5,59.66575,28.774963,26.448055,40.822334,58.091988,21
983,6,35.891964,28.905577,12.156317,17.550152,28.265373,21
983,7,30.40832,23.33894,10.084005,11.794003,27.229004,21
983,8,25.043114,20.748827,3.4679594,3.9019036,19.74083,21
983,9,61.8598,38.505405,10.256618,25.971268,58.317917,21
983,10,114.77535,33.726368,69.42492,87.159,112.94941,21
983,11,128.43826,51.31969,66.5621,82.04393,126.80496,21
983,12,205.71506,41.351055,154.21352,181.22762,201.20625,21
984,1,186.42053,59.294395,124.11199,129.41374,175.10843,21
984,2,160.64667,49.92621,98.04452,121.26912,161.47667,21
984,3,132.08441,42.772854,91.28001,95.19814,127.085106,21
984,4,85.53724,38.69209,47.51264,59.048016,89.476074,21
984,5,100.46017,55.47133,61.567688,68.264244,80.6278,21
984,6,56.321003,42.952785,14.395023,22.711163,57.17247,21
984,7,40.193554,28.526304,13.894404,17.936064,31.10236,21
984,8,35.066437,38.435223,5.6604776,6.7702346,16.989697,21
984,9,99.16432,52.956112,34.10369,57.583862,92.29957,21
984,10,126.866196,42.443787,84.944374,96.83714,114.884705,21
984,11,145.58537,44.673843,102.3647,110.54789,142.45265,21
984,12,174.0577,44.076748,128.2648,145.35925,180.82224,21
985,1,183.21286,60.693542,114.05617,119.48732,174.01192,21
985,2,161.64456,67.53657,68.982605,110.80795,163.15773,21
985,3,128.22429,51.078808,71.27869,92.06475,121.13954,21
985,4,88.753746,48.934242,38.946907,58.31211,77.02571,21
985,5,100.39538,57.511272,56.881096,60.269783,82.395996,21
985,6,64.57439,51.635162,14.938359,20.334904,60.53056,21
985,7,45.32993,37.802593,14.957644,22.996956,30.793486,21
985,8,40.304237,42.437904,6.0426188,6.8358974,23.749195,21
985,9,104.07236,63.129364,27.185013,45.571465,87.07194,21
985,10,136.4947,53.818207,82.27563,101.57844,120.76219,21
985,11,143.65811,48.880928,84.59082,113.59821,138.0798,21
985,12,166.70227,52.51827,122.62167,132.3021,156.78978,21
986,1,183.78064,64.4103,106.595566,129.99727,171.74504,21
986,2,154.19461,52.47211,105.17366,113.87342,147.1693,21
986,3,130.78777,42.2,76.332405,100.6591,117.99962,21
986,4,98.50202,46.392212,39.763657,75.45446,94.96374,21
986,5,112.669014,66.087746,61.312767,72.48531,90.88833,21
986,6,63.074066,42.44694,12.904113,23.791887,60.497948,21
986,7,42.935955,27.203913,18.553003,21.397041,37.944283,21
986,8,42.257065,44.410713,6.315628,7.7616415,20.75096,21
986,9,97.02299,55.97642,27.154133,56.704483,87.39151,21
986,10,136.85945,46.006535,97.91571,103.80951,123.01741,21
986,11,153.6125,48.662327,109.132774,115.98268,147.0803,21
986,12,180.23015,46.002865,136.11818,145.6181,182.08678,21
987,1,176.05696,56.651615,123.566185,132.7016,188.76933,21
987,2,149.04555,63.672493,64.32775,118.66828,136.78633,21
987,3,128.36967,52.17033,80.308624,80.87761,113.627144,21
987,4,111.256905,55.11202,42.833767,87.64997,100.500046,21
987,5,119.52928,72.66839,58.590088,69.28156,91.62482,21
987,6,76.03169,54.51929,17.875687,25.522219,76.45328,21
987,7,42.61385,26.55953,17.10268,19.341045,34.761063,21
987,8,46.37957,44.10384,8.451866,11.245928,25.956245,21
987,9,106.810814,62.792877,34.34462,60.968872,84.02417,21
987,10,145.94412,51.976498,97.36314,108.15961,132.80438,21
987,11,155.21092,56.222702,98.52729,122.48128,153.3038,21
987,12,169.94144,53.996117,111.39375,130.60829,163.00116,21
988,1,280.64603,68.62576,196.40483,225.15468,275.70343,21
988,2,213.27263,79.95785,129.99104,131.7294,192.4749,21
988,3,184.91647,58.83754,132.54819,138.94034,188.54787,21
988,4,73.109024,35.002907,42.769974,52.235405,70.67903,21
988,5,58.76479,25.897652,26.807224,35.344154,62.732964,21
988,6,25.22932,27.374165,7.426767,9.323082,15.616015,21
988,7,19.671476,15.447254,4.9876494,8.597292,16.378635,21
988,8,22.046059,20.592567,5.931234,6.2142963,13.718679,21
988,9,69.813545,44.68738,12.147725,33.962803,62.46028,21
988,10,131.87283,53.38306,73.93146,78.23393,119.416046,21
988,11,161.60774,48.998787,106.07241,123.63077,156.149,21
988,12,242.62077,48.79742,196.96826,205.70644,232.45631,21
989,1,266.43988,69.52475,179.78299,209.98276,252.01326,21
989,2,208.03421,79.11568,121.891655,134.53683,197.46199,21
989,3,176.10707,64.51552,117.14231,136.88193,173.73984,21
989,4,66.80511,33.76198,37.732315,43.132954,64.57779,21
989,5,54.984474,25.904434,19.9114,35.54078,51.868256,21
989,6,28.232426,27.539566,10.164546,12.266829,19.661192,21
989,7,23.416386,19.161715,6.384676,7.028543,20.433502,21
989,8,23.732738,20.400335,5.7862086,5.9179115,14.76658,21
989,9,64.9378,39.50507,12.516358,32.07971,59.907326,21
989,10,119.4476,39.292175,70.082985,81.47429,122.25322,21
989,11,149.99492,48.383945,93.88144,103.38384,155.32414,21
989,12,219.32639,47.774242,169.93857,173.92014,213.47693,21
990,1,291.21225,81.642456,192.74706,218.76187,290.92804,21
990,2,196.4186,81.41034,98.80428,113.69331,191.2953,21
990,3,197.19878,47.800373,139.89981,145.15417,196.45877,21
990,4,76.798775,39.908226,36.87763,46.1025,69.26945,21
990,5,41.697117,18.705217,22.630644,28.594168,35.43085,21
990,6,17.371695,9.900317,5.498747,8.640949,14.324214,21
990,7,18.435654,8.2633505,8.432219,11.39127,19.727594,21
990,8,22.180984,12.287719,8.988863,9.516026,23.16747,21
990,9,64.13929,31.5453,22.278385,36.066322,65.0165,21
990,10,126.163956,40.25236,79.50583,92.277176,124.001816,21
990,11,204.87659,44.253555,143.40637,160.30699,202.73244,21
990,12,278.63657,71.14837,207.74016,223.35524,289.8697,21
991,1,267.98734,52.468533,200.7223,207.39024,276.62952,21
991,2,208.51457,70.971565,118.209465,135.58333,199.6796,21
991,3,191.79802,52.07815,139.91678,159.25003,180.14426,21
991,4,77.83106,28.984646,49.98653,52.544456,76.237206,21
991,5,52.96028,20.637161,32.891098,34.23782,50.85881,21
991,6,28.265896,15.268414,11.702046,13.244074,27.846956,21
991,7,32.079315,18.708845,13.188096,15.9511,27.457499,21
991,8,30.72581,18.328863,11.515412,12.975085,26.83366,21
991,9,75.18485,32.969032,31.35837,50.050022,79.65444,21
991,10,131.63173,39.125145,93.44177,103.264824,131.29764,21
991,11,171.66183,39.939785,117.61719,131.5408,173.7906,21
991,12,230.60843,53.522488,178.29018,194.15858,222.77261,21
992,1,194.56355,72.3244,127.57013,136.49284,179.61119,21
992,2,165.83087,57.486206,119.46797,132.9817,158.08382,21
992,3,141.70546,37.813614,104.129196,107.44181,142.37831,21
992,4,123.76125,51.111206,55.37021,92.97245,127.89464,21
992,5,132.04573,70.5906,63.386253,76.51403,110.259186,21
992,6,78.032364,46.95665,24.646582,29.011257,82.37372,21
992,7,40.890163,21.04115,18.340239,21.806206,38.482853,21
992,8,42.572414,39.968124,10.41176,14.084857,29.171669,21
992,9,102.44259,59.45127,33.683407,44.951683,101.671715,21
992,10,155.11778,64.21594,97.20206,106.08822,134.29816,21
992,11,179.18666,52.347286,124.19388,141.3828,173.88466,21
992,12,191.67693,54.55992,124.34053,137.06866,186.89972,21
993,1,187.64445,65.34373,124.19877,132.41772,176.42856,21
993,2,162.52759,60.21353,111.739655,130.03734,158.21593,21
993,3,138.28996,39.353237,101.85314,106.77182,126.168785,21
993,4,129.28024,56.22026,53.67601,100.582794,144.48131,21
993,5,140.84511,76.24352,72.75087,78.71319,118.079254,21
993,6,85.661156,53.392612,28.015331,34.48645,80.947784,21
993,7,39.791485,20.0376,19.524408,20.319195,36.742146,21
993,8,48.31487,45.147213,12.528908,14.127366,34.556107,21
993,9,101.549644,55.91117,37.76754,54.09454,101.46175,21
993,10,156.85664,63.211746,96.614174,102.69929,141.58809,21
993,11,181.54266,54.09663,122.16243,135.77707,174.17484,21
993,12,184.9624,54.86458,120.37192,132.15506,186.118,21
994,1,289.34366,67.130806,226.64406,236.18729,266.89786,21
994,2,215.0134,80.54313,119.49699,133.0411,218.08716,21
994,3,192.91263,60.081337,135.41682,157.76077,186.62262,21
994,4,73.691185,37.815987,46.012848,51.277256,66.95554,21
994,5,53.061443,25.886257,24.087856,28.368954,49.722397,21
994,6,29.5564,26.293093,8.651456,11.20837,20.064777,21
994,7,24.964079,19.121368,6.9996104,10.278922,16.686045,21
994,8,25.621803,21.075687,6.4861383,7.820269,16.27822,21
994,9,76.06188,44.08034,16.716742,42.88467,74.198906,21
994,10,136.26524,54.37147,72.908226,93.518906,130.56078,21
994,11,172.2107,43.411194,132.26874,135.6034,167.55992,21
994,12,250.52258,61.361843,176.0748,209.43536,245.28955,21
995,1,281.36823,73.5196,203.58691,221.93149,260.95554,21
995,2,212.54994,77.564644,117.94627,128.21301,220.38766,21
995,3,187.35014,56.365204,127.94312,133.71718,188.53914,21
995,4,68.02829,33.978184,32.826252,51.539875,62.82222,21
995,5,52.01991,26.932182,22.965544,24.990103,45.802547,21
995,6,33.405804,27.540041,9.853868,15.183537,27.935257,21
995,7,29.530094,23.909155,7.537623,12.615623,19.50907,21
995,8,27.087925,21.512445,6.6942534,8.132106,17.652975,21
995,9,71.26469,37.753895,18.965641,48.39796,69.63009,21
995,10,134.28477,55.17292,76.97287,95.657265,112.07961,21
995,11,163.40709,47.051083,105.24311,109.9474,176.02293,21
995,12,239.26944,59.308094,177.4486,198.42851,226.1556,21
996,1,264.68512,64.14967,207.11154,215.8691,256.023,21
996,2,202.35477,69.052734,129.56915,134.37651,204.23958,21
996,3,173.41298,57.01686,124.317856,140.82175,167.01134,21
996,4,63.18207,29.840572,32.13883,42.43101,59.528168,21
996,5,54.724834,26.031881,23.533932,33.78778,54.33084,21
996,6,34.708393,25.27691,11.925717,17.545982,31.308266,21
996,7,31.353626,24.271801,8.724199,11.986197,23.987204,21
996,8,26.324314,19.917158,6.2897005,7.52364,18.202868,21
996,9,69.47855,36.887314,19.625208,36.41232,69.14644,21
996,10,125.71307,40.486115,79.594635,97.2787,115.76273,21
996,11,147.59921,49.684006,90.14212,102.21755,157.52164,21
996,12,208.13135,47.953087,157.3299,169.41661,190.39775,21
997,1,246.0487,75.24727,162.49188,169.71654,248.0339,21
997,2,178.5958,64.44147,113.769806,130.13126,161.38481,21
997,3,152.84903,66.34624,98.11608,104.59741,136.07108,21
997,4,63.15931,31.277592,31.235544,31.79061,63.76439,21
997,5,58.341022,29.74616,25.304527,29.860987,55.29389,21
997,6,36.874866,23.06006,12.56662,21.693792,32.37487,21
997,7,35.47357,25.021175,14.678142,17.52962,26.856676,21
997,8,26.972012,19.866192,5.1915092,7.60543,21.387514,21
997,9,64.326035,36.39501,10.771763,33.092033,63.116665,21
997,10,112.74076,38.803123,72.97193,86.297134,100.27098,21
997,11,118.38641,54.247627,46.45094,72.724365,136.70537,21
997,12,181.35748,50.972496,129.23395,138.44109,181.15332,21
998,1,211.36559,86.611374,95.61933,141.15924,202.03918,21
998,2,163.18887,56.365776,78.746574,110.88778,177.32738,21
998,3,121.08617,41.558994,70.77005,90.814255,121.90093,21
998,4,78.919876,44.09189,35.230267,44.465874,73.60251,21
998,5,88.031425,54.855225,33.86375,37.58685,70.71691,21
998,6,56.123505,46.578323,14.425652,20.950064,48.238644,21
998,7,35.62636,29.81633,10.57757,12.86238,29.261543,21
998,8,33.552525,33.10754,1.8869946,4.7150087,18.474077,21
998,9,92.548096,51.458508,38.47511,45.345783,87.71628,21
998,10,126.76561,56.115593,81.59099,83.96334,118.54771,21
998,11,122.530716,41.670082,65.91702,89.192566,117.09863,21
998,12,161.54524,48.54848,115.665794,122.846886,160.0806,21
999,1,219.92468,86.260216,118.7097,141.17586,227.76414,21
999,2,169.30847,62.74916,94.78099,122.519226,183.62439,21
999,3,119.85997,40.40855,70.76492,93.6985,117.342354,21
999,4,81.51749,41.59703,42.863834,54.385136,80.533806,21
999,5,92.87683,62.46362,34.478813,42.743088,78.62182,21
999,6,65.06264,47.60367,18.806736,30.090939,50.96521,21
999,7,50.551727,39.109314,19.813793,22.131975,41.605885,21
999,8,40.243942,37.87807,5.1435914,7.528819,23.842342,21
999,9,102.13879,53.05504,39.734776,58.41896,104.2422,21
999,10,137.01462,62.73929,74.79245,77.77081,121.68831,21
999,11,124.10114,46.63275,79.8857,89.39335,111.929306,21
999,12,158.89514,51.20621,107.76571,117.05025,158.51813,21
1000,1,175.05994,55.774906,99.42113,129.12212,170.85962,21
1000,2,152.73848,63.77117,65.00287,121.763565,149.12448,21
1000,3,121.405624,56.028313,73.43744,79.51242,107.491356,21
1000,4,101.73129,58.721638,35.287697,70.07621,92.85062,21
1000,5,110.67898,72.80111,44.03089,64.77691,87.73049,21
1000,6,71.15354,53.565228,13.814692,26.02846,68.30899,21
1000,7,49.068672,36.994972,16.704355,18.542236,32.687023,21
1000,8,52.86653,48.751022,7.5784097,12.661198,28.556927,21
1000,9,112.11788,63.53282,34.32415,63.66712,100.11072,21
1000,10,153.1487,61.59029,81.48147,112.936874,134.81857,21
1000,11,142.43939,51.439224,67.18839,112.278,147.47356,21
1000,12,160.50464,53.03842,99.79404,125.58267,150.70421,21
1001,1,185.28172,62.290028,105.00571,119.97918,181.13945,21
1001,2,159.21576,60.524452,70.05171,112.19923,171.66953,21
1001,3,123.37094,51.97088,73.857925,81.877266,109.495705,21
1001,4,88.26458,50.675728,35.71026,50.999157,82.86264,21
1001,5,101.69484,62.896202,47.68602,57.417263,86.76709,21
1001,6,66.04134,52.222878,15.10068,24.315535,63.7492,21
1001,7,44.72269,38.538486,15.418675,17.70436,32.853195,21
1001,8,46.7774,46.065006,6.973708,8.838077,28.131033,21
1001,9,113.47483,65.1531,31.856142,61.04779,100.78988,21
1001,10,144.75916,58.913807,86.47932,105.18623,126.85008,21
1001,11,140.67209,46.644287,84.19936,106.85197,137.47444,21
1001,12,167.46042,44.72207,129.46162,145.85461,171.42014,21
1002,1,226.5419,93.79803,119.49631,148.70999,237.78984,21
1002,2,171.27618,70.69127,75.90932,105.49286,168.12456,21
1002,3,127.438126,58.621334,69.61342,76.156624,121.908295,21
1002,4,84.38577,36.9773,34.628105,59.773148,85.59262,21
1002,5,84.1057,49.22298,35.014023,45.263206,73.57797,21
1002,6,59.08423,40.44463,23.47508,29.74533,47.687454,21
1002,7,49.409832,39.178764,21.641562,25.167332,35.51266,21
1002,8,37.912697,31.25751,7.7866874,9.387776,25.698612,21
1002,9,91.2536,46.615677,24.741848,57.6197,86.49817,21
1002,10,128.30994,51.35689,82.08744,89.4512,106.504265,21
1002,11,123.06281,53.261887,70.78009,81.70901,114.99773,21
1002,12,148.18387,48.828056,102.2242,115.957405,151.4192,21
1003,1,218.47879,66.48191,140.59267,173.51001,215.2965,21
1003,2,162.5483,57.27492,85.08955,103.704865,166.93652,21
1003,3,125.215485,55.175037,76.10947,98.48127,116.17124,21
1003,4,92.37898,49.44291,29.85218,42.66568,89.202095,21
1003,5,101.50307,64.644394,44.466347,47.476627,87.69289,21
1003,6,93.273674,49.886868,37.785934,54.714302,88.59413,21
1003,7,88.48742,49.4908,46.978954,50.690662,79.162,21
1003,8,62.820015,45.39423,15.915499,23.737473,52.508316,21
1003,9,141.39359,71.6842,53.783108,70.77363,159.11467,21
1003,10,162.68115,53.180557,97.15305,124.78907,152.59984,21
1003,11,125.03367,49.756535,67.33473,84.226875,127.92819,21
1003,12,155.99889,48.620922,87.585144,116.49683,160.50241,21
1004,1,255.74605,79.715256,175.15715,208.22067,237.83578,21
1004,2,189.66785,66.41431,126.737564,138.25137,178.3161,21
1004,3,141.62921,52.096947,78.388504,106.283875,139.12317,21
1004,4,75.00113,41.134098,35.728756,41.00699,68.44561,21
1004,5,69.04051,32.67609,29.606623,39.906937,62.46873,21
1004,6,44.812824,30.563398,17.83207,21.361717,34.921173,21
1004,7,38.57407,31.565544,12.822784,19.450243,28.25827,21
1004,8,33.15115,26.047865,5.5884423,7.5345664,22.319004,21
1004,9,77.6199,42.2861,14.6497555,46.82677,74.21676,21
1004,10,126.8817,42.915676,66.384544,92.11409,128.27405,21
1004,11,123.03318,51.228283,55.60594,75.34067,133.25932,21
1004,12,190.67819,50.686428,139.3596,149.33598,184.20691,21
1005,1,251.2657,95.00982,141.93631,156.57169,245.71152,21
1005,2,174.39359,73.01613,105.86685,128.37292,165.5512,21
1005,3,147.39314,63.260452,87.24224,108.85462,133.43204,21
1005,4,79.99639,37.77739,31.462301,54.691544,83.740585,21
1005,5,77.95032,40.233997,36.269573,45.619812,69.318115,21
1005,6,57.908783,39.239357,26.172045,29.99168,45.013115,21
1005,7,53.858135,44.782818,17.568962,25.652473,35.261505,21
1005,8,43.565117,34.19557,8.647925,13.3364105,29.73788,21
1005,9,95.93671,45.408154,25.659956,70.41642,88.01071,21
1005,10,144.53152,47.3679,91.0561,102.028465,140.9349,21
1005,11,135.1092,67.876205,62.38765,66.53812,135.83147,21
1005,12,177.45148,56.733,110.69752,147.90733,177.77129,21
1006,1,231.49991,80.06802,138.9288,167.37968,229.93842,21
1006,2,160.94626,62.91112,101.59666,112.41301,165.68488,21
1006,3,120.46584,54.26872,76.08951,93.37815,109.613014,21
1006,4,88.3942,43.6842,21.800962,58.321846,86.905785,21
1006,5,89.20925,52.502598,41.995655,46.977432,77.400444,21
1006,6,72.90086,47.752155,26.19061,32.222,68.95993,21
1006,7,69.91083,53.281612,34.795616,36.69594,49.441906,21
1006,8,51.82055,38.202007,8.401799,22.912155,37.563313,21
1006,9,115.094505,56.702145,33.346924,62.00439,120.81483,21
1006,10,136.81302,49.00394,94.492355,98.1292,125.72423,21
1006,11,115.39031,46.741577,55.49255,78.03017,111.74796,21
1006,12,152.47957,41.53681,96.93029,115.022964,159.17798,21
1007,1,236.504,88.797424,123.39141,152.67496,226.38457,21
1007,2,173.5572,64.64577,99.75456,138.9765,163.10645,21
1007,3,135.4864,52.225117,60.05651,101.31488,133.15018,21
1007,4,79.65116,37.526478,30.563026,52.24676,77.31483,21
1007,5,77.11584,42.51355,32.65357,42.387432,64.30922,21
1007,6,53.711384,38.060604,25.44538,26.533007,44.800888,21
1007,7,43.134747,36.295795,16.337624,19.551098,29.34135,21
1007,8,36.080402,29.465073,6.01781,8.318908,23.295372,21
1007,9,84.24921,40.39137,20.802744,52.48713,81.0392,21
1007,10,126.60913,41.1226,77.2517,87.19699,118.06778,21
1007,11,123.723694,51.343746,63.238205,85.75462,122.360405,21
1007,12,170.66016,51.21062,109.291534,131.9909,182.64268,21
1008,1,268.89725,57.04655,202.36566,219.83769,270.56842,21
1008,2,206.85648,53.342407,142.9463,161.58629,205.47365,21
1008,3,183.65884,56.520832,138.77402,149.07231,173.0058,21
1008,4,74.55623,29.47988,37.001118,51.11283,75.62431,21
1008,5,64.543015,28.50928,37.956802,41.92417,57.920654,21
1008,6,43.477886,22.982307,18.065863,23.09948,46.649055,21
1008,7,48.23221,35.606552,18.362232,21.329903,35.316635,21
1008,8,33.357727,22.813097,9.581526,12.140378,31.806704,21
1008,9,83.43041,41.763317,23.874146,42.323578,82.23983,21
1008,10,132.63396,37.391518,90.0692,101.641975,115.61349,21
1008,11,140.26643,48.676655,87.27775,99.77404,125.29384,21
1008,12,206.31606,50.723724,153.82956,163.29272,202.17386,21
1009,1,246.56667,61.254505,184.60292,204.22324,246.83594,21
1009,2,175.31548,50.743397,120.151184,133.58878,168.48647,21
1009,3,149.07668,52.959103,103.1148,105.688126,133.3097,21
1009,4,59.527565,24.268871,33.487827,37.54835,56.425056,21
1009,5,57.129105,28.088707,21.58714,36.12806,50.946835,21
1009,6,40.97968,22.78965,17.585072,22.60062,40.395535,21
1009,7,47.530266,32.326424,19.535976,21.827717,37.008053,21
1009,8,30.474897,19.739359,7.459226,10.465314,29.930027,21
1009,9,73.5015,37.8592,14.524151,42.806293,74.770164,21
1009,10,118.09843,39.05182,69.96406,83.003174,108.14623,21
1009,11,114.10016,43.31652,58.614,70.66927,106.65622,21
1009,12,186.36868,50.416042,124.31539,139.59872,181.90512,21
1010,1,121.017,43.075436,70.67867,91.782776,113.96869,21
1010,2,117.95052,32.955055,84.31455,86.783966,110.283554,21
1010,3,103.38998,36.249332,61.376823,71.85658,98.3409,21
1010,4,83.21087,32.267063,41.70561,57.836227,87.397095,21
1010,5,63.58675,26.834269,37.129498,40.421707,64.8479,21
1010,6,34.623116,14.311897,18.761356,25.262894,30.15742,21
1010,7,24.20978,11.059032,13.954178,16.585775,20.112808,21
1010,8,20.30228,18.533978,7.9570227,8.330633,14.395533,21
1010,9,35.51768,17.074831,18.339014,21.131552,33.563465,21
1010,10,92.57354,26.232454,59.27214,75.89244,92.63722,21
1010,11,123.890755,26.645748,92.93116,98.330475,121.83398,21
1010,12,120.77024,28.645601,86.648224,97.343025,120.4653,21
1011,1,177.40024,65.20993,102.303665,126.59316,180.62627,21
1011,2,144.43074,59.29522,66.47545,109.30947,138.36859,21
1011,3,107.82672,52.165836,60.615353,65.60837,94.298836,21
1011,4,95.85231,53.008858,37.01975,65.78474,86.565254,21
1011,5,107.87064,76.49289,39.605858,60.570023,86.47241,21
1011,6,74.40561,52.09819,19.427746,28.85956,68.089195,21
1011,7,53.595848,33.953743,19.758806,26.867773,43.143642,21
1011,8,49.19567,46.983807,8.209962,12.2091675,27.471422,21
1011,9,114.22097,64.104,36.94378,68.447975,102.00367,21
1011,10,153.18684,68.45665,74.459694,104.80984,138.93417,21
1011,11,128.60365,46.964012,59.318367,104.62014,122.6412,21
1011,12,152.0843,53.270515,86.49206,109.13908,141.32054,21
1012,1,178.54373,68.19636,109.44142,128.7867,174.82727,21
1012,2,144.38687,58.51949,65.363556,115.84605,141.59933,21
1012,3,104.850525,44.137066,56.07035,72.09147,98.824005,21
1012,4,88.03363,50.524414,34.63682,50.003353,82.45767,21
1012,5,104.067955,76.83923,33.258,45.964466,80.42207,21
1012,6,68.931625,48.4482,19.585407,30.84176,64.66977,21
1012,7,53.966118,35.61742,17.89714,26.979197,47.204853,21
1012,8,47.184654,46.293243,7.6042876,9.997993,27.394087,21
1012,9,112.08019,63.816265,40.328735,62.244484,98.87362,21
1012,10,143.67348,68.609695,74.145386,87.39235,129.45074,21
1012,11,119.30824,40.919304,62.600117,88.51803,116.7456,21
1012,12,148.69402,53.863693,96.13473,110.23927,138.13992,21
1013,1,245.73616,71.478424,180.36638,185.34506,248.24196,21
1013,2,175.337,55.83475,118.503624,134.6793,172.23503,21
1013,3,149.58957,55.982933,103.46717,111.88459,131.1294,21
1013,4,69.458885,32.552082,32.40768,45.485706,62.060715,21
1013,5,65.81889,32.000675,24.278162,43.932983,57.62951,21
1013,6,52.32625,29.67085,25.022316,29.294628,46.462986,21
1013,7,59.74184,44.770245,25.890932,32.177284,44.92856,21
1013,8,39.341747,23.869255,7.9611626,18.113571,35.39798,21
1013,9,93.9145,48.99803,19.159634,51.574165,97.26396,21
1013,10,129.95505,38.883835,89.28738,92.49431,118.11189,21
1013,11,108.93198,46.237217,59.225533,72.236824,106.830444,21
1013,12,174.42836,43.000755,113.29432,142.49184,165.57864,21
1014,1,239.886,81.84808,153.73999,176.13101,225.7314,21
1014,2,160.60175,61.216557,88.15833,109.36367,151.63104,21
1014,3,126.38334,54.5605,78.71329,91.322495,113.47272,21
1014,4,78.416046,37.351437,18.285688,53.99198,81.82454,21
1014,5,79.19938,44.43266,37.2254,49.676144,71.5646,21
1014,6,69.35315,41.617744,28.898376,33.524906,58.808113,21
1014,7,68.38142,49.741493,29.800995,34.280525,51.48221,21
1014,8,51.231655,35.153282,8.493852,25.457521,37.291065,21
1014,9,112.66256,56.927544,32.739975,56.159218,113.67272,21
1014,10,136.62282,42.638786,91.7487,96.313065,122.64082,21
1014,11,110.08805,48.79855,53.20288,71.06491,99.77631,21
1014,12,156.64584,43.515247,91.54981,118.496284,161.15587,21
1015,1,174.24495,63.012486,109.97591,119.25005,193.29381,21
1015,2,144.48582,59.653427,65.98727,96.31265,143.81207,21
1015,3,111.38609,53.281925,64.446075,66.539825,93.79241,21
1015,4,104.125465,55.997337,45.084,73.44777,96.730156,21
1015,5,112.27657,80.377365,44.660576,66.46215,82.641205,21
1015,6,80.20107,54.208557,25.207527,29.189228,73.064964,21
1015,7,48.054394,26.83077,18.853338,24.300245,45.03057,21
1015,8,51.001396,48.604404,7.8680067,13.123276,30.052216,21
1015,9,113.586754,62.49987,41.976257,69.16495,101.90364,21
1015,10,157.02097,68.243454,80.259155,104.423256,146.21237,21
1015,11,135.80933,49.02321,65.4385,106.02834,141.74199,21
1015,12,154.68336,56.895428,80.52391,108.324936,147.23795,21
1016,1,198.5575,72.97611,108.40883,132.76582,202.29433,21
1016,2,149.97032,61.601025,58.65941,110.08183,157.3123,21
1016,3,116.91124,39.53181,59.217026,96.17244,114.130264,21
1016,4,95.31486,60.43936,42.97,60.29808,80.70942,21
1016,5,116.162575,90.18136,48.841717,51.547558,82.28706,21
1016,6,88.438255,57.062374,26.841301,34.735634,75.11105,21
1016,7,64.96744,39.2127,21.628508,31.847727,57.919617,21
1016,8,55.201427,55.89843,6.8147388,11.8429985,31.91774,21
1016,9,123.34575,61.77894,52.292828,66.45198,111.18353,21
1016,10,164.74072,74.54586,89.17306,98.74987,146.36247,21
1016,11,130.81029,48.25395,89.21826,105.039795,127.53659,21
1016,12,162.23709,57.39604,102.405045,109.49928,148.28696,21
1017,1,213.31335,79.34937,130.03632,149.37854,222.86848,21
1017,2,153.6239,60.134228,54.22576,121.09837,159.00952,21
1017,3,138.95769,50.678513,70.63818,103.925255,138.12433,21
1017,4,96.96736,63.660603,27.544397,76.30165,89.12193,21
1017,5,116.631676,89.79037,42.030426,46.34038,84.89165,21
1017,6,97.54046,65.20206,25.23933,37.286076,108.15822,21
1017,7,71.52153,46.353664,27.238842,35.688858,65.26335,21
1017,8,58.987663,55.764122,5.9308324,13.232347,52.86858,21
1017,9,132.25145,63.121643,53.86309,69.7694,139.99355,21
1017,10,167.56258,69.03856,91.3785,97.21753,155.94243,21
1017,11,137.64333,56.644737,77.59632,91.92067,129.51059,21
1017,12,169.05528,50.536392,92.209915,130.08151,171.84453,21
1018,1,219.1081,76.9431,115.04917,171.69879,213.35208,21
1018,2,151.3399,63.485268,64.592026,107.367546,147.8614,21
1018,3,134.6981,42.33979,77.26186,108.821724,137.96127,21
1018,4,111.072136,71.866745,41.065895,74.07667,100.94105,21
1018,5,132.75624,94.24516,55.79174,58.897453,99.96251,21
1018,6,108.637535,62.406944,32.36579,61.438324,114.087944,21
1018,7,84.93622,47.146065,33.1482,44.790173,76.78253,21
1018,8,68.12482,60.107002,10.730047,10.851934,59.813103,21
1018,9,143.70045,70.44387,50.94334,76.63187,139.21252,21
1018,10,194.79662,75.95217,108.62703,119.39601,188.62509,21
1018,11,140.45096,53.15163,74.439835,112.059586,148.87234,21
1018,12,175.61569,63.57773,94.03865,122.34942,167.23654,21
1019,1,218.76013,79.54772,138.64966,155.3218,235.54903,21
1019,2,155.80676,62.117207,53.093277,117.535545,155.48257,21
1019,3,132.5759,49.473373,71.94165,97.13397,124.037895,21
1019,4,99.721886,63.884884,28.723886,68.61912,92.90834,21
1019,5,122.26108,88.98888,43.79059,52.130714,94.009834,21
1019,6,102.449646,62.266827,28.987028,50.600178,111.45718,21
1019,7,81.38436,50.94436,32.650642,42.11435,72.271835,21
1019,8,62.590675,56.692802,8.201832,13.929404,49.018234,21
1019,9,139.13153,68.10247,54.66131,68.898705,157.90117,21
1019,10,177.0015,70.12222,100.61783,109.751434,175.43776,21
1019,11,139.20982,56.714252,80.55504,99.39118,127.38454,21
1019,12,168.83284,53.335926,103.49028,116.414955,183.60095,21
1020,1,233.98792,83.66582,117.68661,168.0264,238.50911,21
1020,2,160.41537,67.95472,71.059616,95.32788,158.17085,21
1020,3,139.73344,53.429554,86.25067,103.27493,124.91128,21
1020,4,111.699196,64.67259,43.025215,70.42753,107.86102,21
1020,5,134.73213,91.10779,48.3285,59.30535,128.46794,21
1020,6,112.634705,57.279003,37.778984,78.69081,111.99962,21
1020,7,96.46523,55.41896,40.572556,54.685127,98.0649,21
1020,8,69.19334,55.49831,12.165443,14.161463,59.66366,21
1020,9,147.23251,74.256226,53.554554,72.84742,143.78526,21
1020,10,200.51535,76.84159,122.29439,141.08304,198.69475,21
1020,11,137.97047,56.65131,76.938805,98.63593,138.30061,21
1020,12,176.5281,66.874596,89.57412,114.65968,173.59004,21
1021,1,218.254,72.08491,144.00383,163.87073,235.30447,21
1021,2,181.17076,69.03811,70.86091,122.64223,188.66124,21
1021,3,129.86151,48.885864,87.79811,91.03897,122.5991,21
1021,4,103.48,58.356377,33.884304,68.903305,103.929886,21
1021,5,117.47261,82.83321,47.731613,51.920605,85.09147,21
1021,6,96.53324,69.430824,25.161432,36.04059,103.75958,21
1021,7,76.03963,53.45681,27.810635,31.565186,69.17177,21
1021,8,57.678123,53.11022,5.7277145,18.05043,44.643986,21
1021,9,135.5422,65.2321,57.009212,76.742035,149.75468,21
1021,10,165.98195,70.11382,90.60668,105.126884,166.64229,21
1021,11,141.63824,58.279594,71.336784,94.46399,135.77812,21
1021,12,169.22804,49.57734,101.135124,126.786064,168.96019,21
1022,1,214.65385,78.03008,136.07294,160.56912,215.98781,21
1022,2,157.50217,62.21927,56.540424,113.59951,160.90948,21
1022,3,127.788,51.870647,66.127304,94.13018,114.8454,21
1022,4,103.01523,61.940853,29.699286,66.52133,104.58394,21
1022,5,121.75702,88.012215,45.149155,53.303055,96.17975,21
1022,6,101.66429,63.961254,30.536793,45.91225,112.036064,21
1022,7,85.85847,53.138527,32.847412,41.807476,77.71113,21
1022,8,62.75992,58.4553,6.9405527,16.260351,47.68287,21
1022,9,145.45773,71.54635,57.449047,60.36118,163.40173,21
1022,10,176.30487,70.01626,101.76483,114.008286,167.05,21
1022,11,142.36092,57.343987,78.93062,102.62778,135.09909,21
1022,12,166.82784,54.928303,97.25473,113.38158,173.23827,21
1023,1,176.09328,58.563606,104.49184,125.223976,170.54303,21
1023,2,148.11919,56.93794,64.384384,89.05749,145.40265,21
1023,3,122.83094,51.41827,66.566154,79.52693,108.56793,21
1023,4,123.56583,66.566315,66.05754,75.868805,113.20417,21
1023,5,128.73705,75.04978,54.240406,62.724407,109.31711,21
1023,6,96.026794,57.03772,33.88253,43.22158,85.26574,21
1023,7,53.130817,21.94643,27.963165,33.20391,47.450386,21
1023,8,57.46944,51.610878,10.778726,14.531961,40.77802,21
1023,9,123.22687,61.690643,46.90644,78.196014,128.73534,21
1023,10,174.31277,67.31095,106.665596,111.626915,172.40628,21
1023,11,159.71657,50.194603,100.09593,117.96901,164.989,21
1023,12,175.12097,59.609413,101.43092,133.00586,164.38705,21
1024,1,201.43822,67.61598,146.18097,151.0563,217.50212,21
1024,2,151.8546,66.51468,66.365746,99.282364,148.04073,21
1024,3,126.787025,43.116856,81.945915,90.89236,118.87356,21
1024,4,120.864586,70.11035,44.447063,84.831505,115.917465,21
1024,5,147.22063,99.07745,54.262325,59.133694,134.57501,21
1024,6,124.48324,61.20902,40.96533,81.67397,118.750786,21
1024,7,95.48712,42.74656,40.018944,55.29725,89.52309,21
1024,8,73.96342,57.529358,15.635083,17.808537,67.134384,21
1024,9,155.5804,70.075645,69.479614,92.39134,141.97647,21
1024,10,210.88277,81.08508,128.85898,147.89879,191.60416,21
1024,11,147.80594,55.58871,83.87503,96.666466,150.045,21
1024,12,177.29317,64.34347,99.01653,114.928795,174.55489,21
1025,1,227.99597,73.84008,154.63077,164.50887,224.23119,21
1025,2,163.57188,61.75309,64.40135,115.80914,158.74747,21
1025,3,121.26227,50.534176,78.871574,92.26886,111.620865,21
1025,4,102.40072,58.24644,32.112396,50.765087,101.77369,21
1025,5,116.896255,73.72736,52.211803,58.242393,111.716515,21
1025,6,105.1909,58.3828,34.263317,51.110786,97.48245,21
1025,7,92.70646,51.50025,43.72368,48.045902,84.64441,21
1025,8,64.15814,52.685253,11.392294,21.565056,57.048695,21
1025,9,153.37888,77.9218,52.352566,62.99378,186.50072,21
1025,10,185.03027,65.97597,107.957306,135.03781,171.39233,21
1025,11,138.43407,54.22935,77.80387,88.88783,150.74144,21
1025,12,165.08453,55.212635,84.6592,112.3505,178.72888,21
1026,1,212.42543,69.44156,128.0002,166.23596,208.08583,21
1026,2,156.71176,58.754383,71.26545,107.486664,158.61928,21
1026,3,124.392265,55.404728,77.62371,94.57371,110.124214,21
1026,4,107.34737,63.55408,42.780727,44.15939,104.68464,21
1026,5,123.91593,86.21847,48.073967,56.890244,116.709335,21
1026,6,119.42023,56.528294,53.8553,77.30347,118.924835,21
1026,7,113.91724,58.30449,58.476757,73.4829,102.998604,21
1026,8,75.32354,54.543762,19.016512,23.350328,74.48434,21
1026,9,165.94626,84.29509,52.52471,80.49304,168.163,21
1026,10,203.03018,69.43807,109.058655,155.15167,194.68326,21
1026,11,133.44153,49.437603,86.372665,92.34583,135.66194,21
1026,12,167.9332,58.322792,86.65092,99.568146,178.90138,21
1027,1,195.25786,60.74293,123.09642,143.0485,194.83769,21
1027,2,162.7341,84.97822,68.97927,89.64056,139.06604,21
1027,3,137.49693,60.567112,71.11995,87.7333,132.59317,21
1027,4,160.1569,94.192924,73.90365,85.68363,128.41841,21
1027,5,163.58072,98.27319,46.55941,59.90004,175.56027,21
1027,6,159.48567,69.37993,74.50694,81.53859,156.24336,21
1027,7,124.70597,36.266705,73.99958,92.07133,121.527565,21
1027,8,110.827545,78.40228,26.365076,41.181072,100.71273,21
1027,9,178.54472,72.54378,96.61265,112.71188,171.41362,21
1027,10,259.36783,79.56081,191.11118,196.25797,225.39478,21
1027,11,151.3804,68.47754,63.018642,87.89263,142.58723,21
1027,12,184.4242,70.6045,90.07842,113.41816,184.26117,21
1028,1,210.13876,71.0024,126.18085,149.835,199.34662,21
1028,2,166.0687,85.56207,78.87023,87.22516,144.47595,21
1028,3,137.92073,52.956112,89.1828,98.32886,125.970375,21
1028,4,143.09085,80.189285,70.927155,73.3135,115.006775,21
1028,5,159.67134,109.31474,42.192577,52.013336,133.38965,21
1028,6,150.84831,68.01093,58.893745,78.14845,152.99677,21
1028,7,120.55558,42.976627,75.466774,86.852615,120.8296,21
1028,8,94.43398,67.830734,25.531998,28.862644,101.22787,21
1028,9,178.90263,81.14884,89.685524,106.682816,174.45934,21
1028,10,252.20361,80.81398,157.98036,193.68375,239.33403,21
1028,11,148.68758,61.553257,80.66158,89.431885,140.05211,21
1028,12,188.68568,67.88948,101.1801,121.445175,193.65033,21
1029,1,173.54994,53.6421,115.04788,151.68312,167.12022,21
1029,2,142.14212,66.29174,58.351906,71.89188,153.71011,21
1029,3,127.35305,58.25288,62.594337,83.95171,125.80091,21
1029,4,133.29012,67.640686,54.788498,84.09667,130.73604,21
1029,5,156.8076,86.792694,64.90367,79.347626,148.57385,21
1029,6,121.072044,56.870125,46.999737,69.21073,103.05374,21
1029,7,87.04469,30.804983,53.770294,54.71989,83.889496,21
1029,8,74.29869,61.856964,18.793743,24.444012,64.290565,21
1029,9,142.41737,54.81184,83.18469,106.86141,152.026,21
1029,10,207.73521,77.286125,131.942,149.04066,212.76672,21
1029,11,171.11565,67.22928,78.12669,105.37633,184.86098,21
1029,12,175.93143,72.97134,109.13923,121.585655,157.47035,21
1030,1,195.10037,58.291824,128.51807,152.86046,198.64188,21
1030,2,162.49153,82.39418,72.18155,80.74334,161.21246,21
1030,3,138.2081,66.39226,68.43929,75.55884,134.24162,21
1030,4,148.62502,78.27762,63.746254,87.52945,133.72212,21
1030,5,173.32048,109.7643,53.87818,65.00824,152.26477,21
1030,6,148.44879,66.9538,61.006744,81.72509,133.95514,21
1030,7,110.09835,35.688576,69.19042,82.53793,108.17155,21
1030,8,96.22845,76.179825,23.481556,30.652496,81.83811,21
1030,9,169.03693,66.12103,85.60484,116.77924,157.77754,21
1030,10,257.2187,92.55044,164.3161,185.12828,243.66554,21
1030,11,150.78404,63.931755,65.13439,81.6669,148.26663,21
1030,12,184.89526,79.2065,89.82248,109.951355,179.52666,21
1031,1,200.29146,60.696102,130.49329,149.54897,197.53192,21
1031,2,162.21419,72.234116,77.579605,89.36745,154.05246,21
1031,3,141.99109,50.624184,88.48815,101.67736,137.78064,21
1031,4,138.92735,86.14586,54.01201,75.938095,127.47556,21
1031,5,142.8248,103.41212,42.873775,50.304794,115.06572,21
1031,6,144.1725,62.68063,64.5743,72.41135,142.00172,21
1031,7,121.49622,45.20423,79.87087,84.31527,117.34046,21
1031,8,87.96663,60.23778,21.62261,25.115036,98.759155,21
1031,9,183.54579,94.02898,82.35705,95.40295,169.62622,21
1031,10,232.42435,79.28577,133.4002,185.42944,223.57553,21
1031,11,147.17549,52.29025,79.64617,94.48451,143.31114,21
1031,12,182.69516,61.608376,95.65384,116.83171,184.7593,21
1032,1,188.3658,58.671352,118.52586,134.40451,184.17583,21
1032,2,161.37044,68.739334,82.43839,102.39898,156.07654,21
1032,3,140.46628,57.365784,81.90383,90.31254,125.143684,21
1032,4,140.04036,89.456604,57.768917,62.94363,115.72113,21
1032,5,141.86829,96.86151,34.53434,56.539574,138.0389,21
1032,6,143.15744,59.21039,58.817966,80.90541,149.32883,21
1032,7,122.98284,37.911682,65.777145,90.61169,124.368965,21
1032,8,101.64158,68.97096,23.90641,37.968468,107.42835,21
1032,9,178.3177,90.22151,65.26216,90.31554,174.31438,21
1032,10,230.54892,73.837776,154.58292,178.07959,212.20293,21
1032,11,148.10847,62.044952,64.42397,101.54598,151.40472,21
1032,12,175.95323,62.297363,93.403824,126.60116,171.99178,21
1033,1,201.21466,65.19678,125.42082,162.63565,190.38765,21
1033,2,162.4833,47.20193,96.32965,115.91599,167.47205,21
1033,3,137.83032,49.6036,74.84548,104.130684,126.96681,21
1033,4,88.71094,57.27707,31.856821,45.368378,76.52104,21
1033,5,93.02577,74.06034,33.50149,38.18693,70.45998,21
1033,6,101.210205,36.2309,42.46334,74.70392,113.08893,21
1033,7,103.37924,46.953144,56.41903,65.111305,104.869026,21
1033,8,76.29369,50.646824,23.710632,29.304268,77.23462,21
1033,9,150.23383,85.44809,61.670975,71.625084,146.11584,21
1033,10,161.00917,49.31255,99.20881,133.66718,151.94498,21
1033,11,118.99372,48.10826,76.799446,82.91753,107.91098,21
1033,12,153.5381,55.4111,80.831,114.370605,158.93614,21
1034,1,196.41418,65.13681,116.27852,148.19958,188.7086,21
1034,2,158.86183,48.378998,94.09927,119.6302,160.5039,21
1034,3,132.54497,49.969383,79.55693,97.057106,116.531204,21
1034,4,93.222694,57.18179,37.83746,56.814697,70.74248,21
1034,5,103.02128,86.74495,30.151085,45.014084,76.80937,21
1034,6,108.297134,42.492283,45.953743,67.98553,110.390816,21
1034,7,109.55687,44.799446,52.560684,67.59261,110.21897,21
1034,8,89.791695,58.830933,23.884989,35.888195,85.68939,21
1034,9,151.75423,79.13716,64.78311,88.2574,141.69597,21
1034,10,173.14273,55.348354,96.03859,145.3737,162.6784,21
1034,11,124.9715,46.16968,82.444244,83.109924,116.04426,21
1034,12,156.9333,52.927147,103.73285,118.4585,156.34373,21
1035,1,188.20917,68.98624,116.30156,145.17786,173.13104,21
1035,2,158.4755,58.37341,75.366615,109.69942,165.76123,21
1035,3,131.72723,54.11774,78.029236,91.27669,117.31456,21
1035,4,108.47725,72.67088,40.094677,51.32776,84.32068,21
1035,5,115.80085,96.932625,29.96122,44.607338,96.65192,21
1035,6,120.56721,50.935482,43.368797,73.93452,128.47484,21
1035,7,109.99813,42.719532,59.1746,69.659874,111.95766,21
1035,8,87.83146,57.23755,25.255732,30.74723,86.81792,21
1035,9,161.36465,90.464806,56.081264,65.219444,170.55725,21
1035,10,193.52487,64.10992,123.714264,159.58195,186.52751,21
1035,11,131.74817,54.68144,70.95149,84.02033,129.68883,21
1035,12,158.7377,58.950054,89.86455,112.4562,152.60776,21
1036,1,170.22939,56.153957,104.32041,131.036,157.17757,21
1036,2,143.72911,60.36768,74.16597,100.91386,135.46841,21
1036,3,127.052185,58.915253,67.265144,76.50688,119.57575,21
1036,4,109.02759,70.237045,39.567192,54.379578,90.2418,21
1036,5,119.819336,85.29248,31.546768,43.423218,111.41263,21
1036,6,118.73336,50.031254,57.82779,73.057144,118.08552,21
1036,7,111.727516,37.844227,59.056885,76.158554,114.64786,21
1036,8,98.34483,60.676853,19.26632,41.08004,103.85214,21
1036,9,159.85275,78.98377,70.79966,76.81968,155.18137,21
1036,10,197.3255,56.924698,124.4407,160.65042,193.2981,21
1036,11,138.432,59.53185,67.46247,84.39851,136.73894,21
1036,12,147.31638,55.405537,80.62381,108.28613,135.1413,21
1037,1,194.42549,53.348293,131.09999,144.44492,195.62396,21
1037,2,170.91862,91.735596,76.40923,92.79464,139.24994,21
1037,3,143.00008,60.740353,76.44851,89.63085,143.55115,21
1037,4,165.00496,90.404686,70.31814,74.535835,146.55212,21
1037,5,154.49081,89.399956,43.466625,56.14596,154.72307,21
1037,6,153.75229,66.97527,74.781296,81.344955,145.6943,21
1037,7,133.89394,43.058678,74.30194,92.07098,132.87114,21
1037,8,121.27218,73.40418,38.384087,56.49525,121.43835,21
1037,9,186.87585,70.72707,97.78178,129.62544,167.2558,21
1037,10,256.8295,78.71854,174.94412,191.16774,235.29936,21
1037,11,158.83745,70.56938,56.616894,97.06868,165.73569,21
1037,12,183.10313,75.3087,100.80948,114.08617,181.65251,21
1038,1,177.80037,55.01213,119.77614,132.84103,165.0337,21
1038,2,165.07756,83.7282,72.10342,101.03814,154.26945,21
1038,3,126.047966,49.688282,65.13714,79.97868,137.88632,21
1038,4,146.97333,74.34196,58.59971,82.843025,131.85612,21
1038,5,148.418,86.02808,50.884796,63.39528,147.79286,21
1038,6,146.1401,52.571293,78.67621,97.2467,143.6089,21
1038,7,143.75139,52.069828,90.63122,96.17027,140.46696,21
1038,8,116.90334,64.85125,36.45511,55.721535,111.961296,21
1038,9,186.5939,67.55642,140.10457,144.77072,174.2044,21
1038,10,229.0388,83.30118,145.87082,180.61674,214.27164,21
1038,11,153.73822,68.16439,63.098946,98.0795,147.89128,21
1038,12,166.48093,66.481384,94.59238,98.53689,159.12819,21
1039,1,178.21844,51.311436,120.18083,133.15819,171.64166,21
1039,2,152.34142,62.631504,84.53237,103.644485,154.51003,21
1039,3,123.566025,43.086613,73.73042,82.22012,127.88987,21
1039,4,114.01613,57.06887,38.136597,68.02663,105.86503,21
1039,5,117.134315,70.718445,29.359684,52.78977,109.06986,21
1039,6,114.00457,38.013084,62.650066,77.139496,111.60039,21
1039,7,129.82886,51.120827,72.10912,74.56067,121.211235,21
1039,8,109.842926,57.931454,31.78555,62.598663,104.17912,21
1039,9,168.0099,66.56463,103.86725,120.357544,152.67229,21
1039,10,192.9814,70.14116,132.71048,137.08684,191.09627,21
1039,11,138.2416,57.89198,73.67738,84.837135,132.48222,21
1039,12,151.3306,47.674915,92.22632,106.8237,149.64955,21
1040,1,171.69272,52.282555,117.85029,132.28206,143.13,21
1040,2,156.24265,67.39101,88.08452,105.20392,142.08041,21
1040,3,125.85411,36.365883,82.0553,94.66495,125.87451,21
1040,4,119.41166,48.18104,53.233173,76.71845,114.495895,21
1040,5,126.61543,71.543915,51.80504,72.17951,114.31061,21
1040,6,118.9735,32.74465,71.862946,99.2503,121.45109,21
1040,7,145.57536,57.2343,80.938736,100.59456,146.56732,21
1040,8,114.2027,63.086136,44.571354,60.701015,103.8208,21
1040,9,178.68436,78.32599,111.415504,129.17613,159.9351,21
1040,10,185.24295,78.50993,102.27028,125.78464,166.21051,21
1040,11,149.65105,55.84765,96.726845,102.68248,139.99059,21
1040,12,146.3891,44.38688,97.961205,112.65755,147.02254,21
1041,1,169.20308,54.08776,107.03671,128.3049,166.72937,21
1041,2,156.3703,95.82397,68.586815,72.75787,131.78413,21
1041,3,133.47533,57.184032,64.9128,72.55312,134.19691,21
1041,4,163.1302,79.09489,83.979164,94.780174,157.78052,21
1041,5,153.38184,76.09518,63.078056,68.38146,139.15149,21
1041,6,152.58742,60.47367,84.76991,101.87063,139.25186,21
1041,7,122.63344,42.14598,81.64447,88.96852,112.60243,21
1041,8,106.71173,61.416393,45.417995,55.952076,97.9593,21
1041,9,170.19534,55.862682,107.448845,132.70584,164.65599,21
1041,10,248.92662,88.48212,167.19029,189.70866,217.54306,21
1041,11,159.13249,81.255455,66.60719,95.64082,163.17986,21
1041,12,180.02028,79.58693,75.573715,104.38924,179.29715,21
1042,1,157.68839,69.454834,90.41216,96.94385,131.76375,21
1042,2,141.27594,83.292076,58.852554,78.39763,131.5737,21
1042,3,126.32633,53.8294,58.864124,79.922195,128.03119,21
1042,4,161.59242,69.00701,85.604614,101.28521,162.7984,21
1042,5,145.02362,71.3563,66.46571,68.92734,136.74615,21
1042,6,150.35524,55.669308,94.88418,96.341484,152.91602,21
1042,7,133.7889,44.81558,77.90101,88.557434,124.832794,21
1042,8,112.14359,64.67337,32.56314,65.64544,86.79618,21
1042,9,164.65968,67.5364,91.09459,101.16438,144.39227,21
1042,10,237.15271,106.45528,144.98698,169.52158,208.27002,21
1042,11,157.44885,98.85512,66.02319,74.38736,135.06381,21
1042,12,169.96648,76.86694,86.081314,99.36,160.12473,21
1043,1,157.98636,70.725044,81.61644,92.69145,139.59808,21
1043,2,148.58252,87.64162,50.89013,75.187065,134.803,21
1043,3,136.95401,64.09343,62.061653,71.61491,147.61958,21
1043,4,188.53308,88.66256,101.191864,119.96471,185.1212,21
1043,5,133.97287,57.3895,60.702526,72.96447,132.22853,21
1043,6,134.56844,56.496265,83.938034,94.78321,112.18867,21
1043,7,92.44615,38.11815,53.840546,61.2041,81.718895,21
1043,8,95.73841,51.648438,30.722492,62.106995,93.18067,21
1043,9,142.77548,56.046764,83.687904,95.38156,130.1404,21
1043,10,235.87172,109.55198,147.89294,157.76404,200.28809,21
1043,11,165.5549,99.3609,63.28218,87.03838,143.04182,21
1043,12,173.75082,81.20364,73.19855,106.97558,182.15582,21
1044,1,153.05399,91.795555,74.78659,82.2212,112.30392,21
1044,2,149.69229,79.54953,59.803757,84.41544,145.82874,21
1044,3,139.27136,68.45746,71.88139,72.90879,162.62619,21
1044,4,182.22731,83.50385,106.17098,113.6519,177.03915,21
1044,5,137.76152,63.777164,55.67053,84.83942,129.41484,21
1044,6,145.09737,54.404655,91.043274,102.88298,136.92357,21
1044,7,129.63333,53.67675,78.62148,84.902245,120.115135,21
1044,8,107.195274,56.08293,42.789482,64.26695,97.57285,21
1044,9,158.5098,67.29062,81.24464,95.98996,145.4849,21
1044,10,234.42493,111.81474,144.0415,168.01498,212.693,21
1044,11,160.59787,105.98657,61.54417,81.73556,150.9352,21
1044,12,164.44244,74.88364,66.58947,97.89516,155.02972,21
1045,1,142.30508,84.82032,83.55653,86.49043,99.388214,21
1045,2,145.00122,74.8557,56.060925,75.64822,140.82108,21
1045,3,138.56628,68.576225,59.702053,76.96506,141.2581,21
1045,4,185.44244,90.68604,98.94941,103.91947,185.009,21
1045,5,125.544495,65.06747,47.027905,61.49163,131.66728,21
1045,6,117.95277,42.242054,79.00088,82.429375,106.39844,21
1045,7,99.20264,45.6879,57.359734,63.460064,81.47755,21
1045,8,79.58348,41.190266,32.50974,43.808186,72.744125,21
1045,9,140.74245,55.349003,80.911736,89.629166,129.65993,21
1045,10,210.68132,107.33053,116.85327,148.63298,180.34932,21
1045,11,163.51868,110.01863,52.881783,84.523544,166.85374,21
1045,12,159.19989,73.8488,85.31684,103.392845,161.10983,21
1046,1,141.91995,97.65752,55.36401,68.879456,106.92999,21
1046,2,139.88974,80.120605,49.6744,63.98778,126.49906,21
1046,3,137.79524,77.58078,50.899998,65.67828,96.72591,21
1046,4,185.69888,96.27276,97.54934,109.07175,155.48805,21
1046,5,123.20099,60.34594,49.57126,76.03287,122.43172,21
1046,6,121.165085,35.465847,80.776634,83.00273,117.07127,21
1046,7,113.26208,49.991234,71.69799,75.52107,95.84772,21
1046,8,76.195526,36.851803,33.061802,35.24647,74.61564,21
1046,9,148.7886,55.333847,87.6993,97.31895,143.47792,21
1046,10,188.5282,93.57703,101.03375,131.52899,165.06178,21
1046,11,152.4979,108.13284,59.104652,73.87932,119.346436,21
1046,12,138.2237,85.996605,43.87678,80.659134,120.57686,21
1047,1,129.6492,97.48682,61.049686,67.3159,91.74627,21
1047,2,140.53304,74.12692,46.842537,64.26235,138.54504,21
1047,3,130.88855,75.49202,52.545364,65.13963,96.554535,21
1047,4,168.6218,88.37919,88.98933,99.35516,136.56296,21
1047,5,117.281624,59.761074,51.376884,75.94195,106.845894,21
1047,6,114.391174,43.07289,51.370327,66.17019,120.512024,21
1047,7,103.97855,49.867893,58.537056,68.19011,93.91149,21
1047,8,70.20514,34.745346,27.84021,34.232445,66.103,21
1047,9,129.74446,46.59032,74.52624,79.9708,123.95766,21
1047,10,166.75357,68.97726,102.41296,116.374664,145.76175,21
1047,11,139.87761,107.41899,51.417336,63.360962,94.349365,21
1047,12,138.41643,91.16248,50.382286,68.881294,106.150955,21
1048,1,120.949036,78.16163,41.102505,63.37259,94.85659,21
1048,2,134.09447,72.55571,49.2502,64.53911,126.38043,21
1048,3,146.32771,87.44556,43.96349,67.414925,152.55946,21
1048,4,167.4388,90.71818,79.954575,90.29214,138.00755,21
1048,5,108.22352,57.15792,36.49928,47.889915,112.80763,21
1048,6,90.96521,34.066246,42.297905,57.370758,90.21309,21
1048,7,72.13509,34.30358,34.515186,49.019142,60.905254,21
1048,8,56.88793,26.40636,22.697573,28.911865,61.49834,21
1048,9,105.684395,37.30452,58.90339,72.13236,102.23686,21
1048,10,182.8358,86.10071,94.338005,97.10654,169.05852,21
1048,11,143.98181,106.67245,56.45825,65.39986,138.5235,21
1048,12,147.5304,79.84401,54.5955,74.70786,141.4862,21
1049,1,124.60018,86.62095,40.849174,63.718895,98.91882,21
1049,2,130.01987,73.16473,47.870293,59.261406,127.62973,21
1049,3,142.9985,84.51406,47.91254,60.058754,143.39825,21
1049,4,166.09052,85.09628,72.244415,98.584854,141.8647,21
1049,5,108.1323,55.985973,35.479794,57.728065,109.085785,21
1049,6,97.58647,33.683884,49.07541,68.97915,100.91817,21
1049,7,83.833206,40.16805,45.490784,57.148296,64.890785,21
1049,8,60.17083,27.594946,24.4825,39.26228,54.56789,21
1049,9,110.53831,37.21772,63.374058,78.38991,110.53353,21
1049,10,175.88231,78.47191,93.0449,110.89924,157.87608,21
1049,11,139.06236,106.65121,55.952126,60.344975,116.91965,21
1049,12,138.17915,80.31673,55.316532,79.74034,116.906845,21
1050,1,156.86942,102.497444,75.1293,83.74371,118.9274,21
1050,2,149.28362,75.3963,67.3147,83.77693,118.98124,21
1050,3,134.91106,68.512535,60.396667,65.17819,131.38728,21
1050,4,180.37154,92.30314,89.141426,99.17374,160.8287,21
1050,5,129.44354,60.210598,55.725525,73.99146,132.48787,21
1050,6,136.73158,36.125443,96.31228,102.20325,139.54897,21
1050,7,137.42084,58.117847,76.61628,93.639015,116.296585,21
1050,8,98.82546,50.40175,42.27948,57.691784,93.77432,21
1050,9,164.1155,67.81538,86.849625,97.06861,166.08817,21
1050,10,208.8172,108.43975,115.68662,133.15926,197.86919,21
1050,11,153.07115,108.0343,62.500553,76.65485,121.85077,21
1050,12,144.52946,77.52165,66.21913,82.910484,135.48593,21
1051,1,134.30211,99.40542,45.609123,62.981728,109.80748,21
1051,2,132.84116,75.2162,49.519688,58.95388,120.787,21
1051,3,131.45103,75.41245,60.62964,65.40272,96.54324,21
1051,4,175.04642,96.722206,72.437325,101.53966,154.98898,21
1051,5,120.18756,53.778446,62.243584,80.62165,117.50696,21
1051,6,120.437416,39.253025,65.76234,82.87329,119.668175,21
1051,7,116.06185,51.372864,72.43968,77.402084,97.954,21
1051,8,76.86139,41.128418,29.238733,34.37743,71.964836,21
1051,9,151.46191,57.411236,80.05667,100.37347,132.58896,21
1051,10,181.68806,85.33743,86.51684,125.03818,172.1744,21
1051,11,139.63464,104.60048,61.730778,71.13312,94.84857,21
1051,12,132.64372,84.04587,48.07906,70.39351,101.1805,21
1052,1,130.46902,98.8853,47.647358,67.57699,101.12701,21
1052,2,134.7297,74.071236,47.73749,67.69829,123.16297,21
1052,3,124.73797,68.49895,58.811676,67.4142,86.956665,21
1052,4,158.25714,85.8038,67.089264,89.533424,152.86858,21
1052,5,117.760025,51.16996,67.20096,80.93857,118.36952,21
1052,6,123.340485,42.71023,71.92492,83.272385,128.28835,21
1052,7,121.661575,52.94847,73.36885,80.4659,116.07928,21
1052,8,84.122086,45.19105,34.16103,46.79187,75.731895,21
1052,9,150.39178,60.081593,73.22962,102.74295,132.22942,21
1052,10,169.53453,79.17747,75.95457,114.574844,165.57472,21
1052,11,135.84282,102.95213,61.400482,64.853,89.553345,21
1052,12,135.26268,87.12561,54.921856,74.12623,93.40761,21
1053,1,151.58574,96.84758,68.788765,92.199615,120.35846,21
1053,2,144.21236,66.30899,62.526226,75.33955,140.16763,21
1053,3,130.85966,64.56415,60.421715,74.023155,117.576866,21
1053,4,170.36122,88.243996,76.121605,90.596405,171.27753,21
1053,5,129.25018,58.284588,68.140144,70.78838,131.87805,21
1053,6,135.00272,33.899788,98.18908,99.72742,137.61392,21
1053,7,144.68394,63.96563,75.89942,95.46838,122.19481,21
1053,8,102.428955,50.079994,50.114548,59.991524,96.09591,21
1053,9,169.05191,69.3459,85.413376,109.4343,164.35971,21
1053,10,193.28142,99.6899,102.88351,124.69746,182.84953,21
1053,11,143.65872,99.0934,64.92889,71.63815,109.05284,21
1053,12,139.00883,72.90794,69.41046,76.24122,118.336716,21
1054,1,155.60231,73.34456,78.28637,95.99836,134.93068,21
1054,2,139.79333,66.34401,74.93037,83.67575,147.20938,21
1054,3,122.23005,54.967056,57.66481,76.05139,120.260155,21
1054,4,151.34369,60.753784,74.33692,84.459915,160.46309,21
1054,5,135.4733,60.718796,66.029396,72.377625,124.668625,21
1054,6,152.8409,42.043114,98.08677,105.48474,150.15315,21
1054,7,156.9773,47.48348,94.09463,105.856384,166.8611,21
1054,8,117.918236,61.680454,43.41946,62.63815,106.405014,21
1054,9,170.56389,65.69739,84.82859,111.223946,164.79903,21
1054,10,207.42424,97.3184,129.38553,132.10779,179.80989,21
1054,11,144.29288,86.32304,59.089123,81.72027,125.8898,21
1054,12,151.65535,66.89739,82.16293,103.7952,126.85578,21
1055,1,133.68913,91.78015,62.456367,71.022736,99.08232,21
1055,2,138.38968,64.61043,50.621964,90.00364,123.486084,21
1055,3,119.60976,62.21238,49.874306,65.286156,88.84242,21
1055,4,148.90457,77.918495,71.01267,79.93208,159.38193,21
1055,5,121.536705,44.54713,71.811584,98.58421,113.06377,21
1055,6,129.70549,41.84012,78.55167,88.851395,130.346,21
1055,7,140.86456,59.002247,78.527374,87.0981,133.02338,21
1055,8,101.046745,50.201775,46.240177,55.842537,102.7332,21
1055,9,157.60568,66.05192,72.036575,89.53669,147.76868,21
1055,10,159.55629,74.787094,67.69814,109.29909,157.81505,21
1055,11,125.15316,92.67436,44.606678,47.205437,98.16639,21
1055,12,128.99911,74.93055,67.42142,73.431244,96.790596,21
1056,1,163.73361,62.363873,92.84651,103.61618,141.79524,21
1056,2,149.82747,62.654377,81.17851,97.9501,155.36682,21
1056,3,122.97217,44.793335,71.70496,87.540695,125.4743,21
1056,4,132.951,47.433628,67.75608,100.58003,125.87964,21
1056,5,126.809944,54.594765,52.773632,76.06849,115.55983,21
1056,6,140.00832,33.875774,95.8877,107.77385,143.4788,21
1056,7,158.74251,50.66656,83.37483,110.75927,159.165,21
1056,8,121.33617,64.05929,48.469894,61.023808,116.95417,21
1056,9,176.4905,74.9231,109.09162,126.40005,172.02731,21
1056,10,187.42009,84.57152,91.788246,119.16466,168.64445,21
1056,11,142.25713,57.764828,90.212006,106.07805,134.74811,21
1056,12,147.83437,54.558228,96.55986,102.65497,132.60278,21
1057,1,121.20638,53.352295,78.589386,82.97161,95.625595,21
1057,2,123.32167,47.11453,66.02319,77.95004,125.22823,21
1057,3,101.15321,43.003525,61.331196,62.409813,96.732574,21
1057,4,118.63473,58.01495,43.74015,66.96822,116.093735,21
1057,5,112.46842,42.672985,57.28344,80.13155,110.69683,21
1057,6,137.09436,41.224537,95.01582,97.442924,134.92181,21
1057,7,149.44916,59.376717,57.908638,103.82514,166.13905,21
1057,8,113.77797,45.624363,58.339233,68.54797,117.61979,21
1057,9,157.0216,60.1107,82.4129,85.62305,176.1296,21
1057,10,152.39256,72.21303,56.151592,91.452156,128.85817,21
1057,11,120.08687,80.3748,61.757996,76.97815,102.48547,21
1057,12,118.085045,55.85869,71.081436,78.73988,99.67934,21
1058,1,157.2547,82.44242,77.930824,97.22222,125.84925,21
1058,2,151.01204,61.478977,76.50993,90.30981,176.08212,21
1058,3,115.81119,46.97537,67.7171,83.3752,98.75663,21
1058,4,148.00095,62.329647,68.70485,98.480865,157.09613,21
1058,5,126.37198,53.769104,67.07066,87.83827,124.80972,21
1058,6,144.98201,32.692284,100.335434,117.12631,149.6385,21
1058,7,159.47678,59.93638,74.694824,105.157974,160.15211,21
1058,8,121.92816,52.33637,63.590103,73.55121,122.25853,21
1058,9,170.79546,64.7042,94.97629,97.011665,172.03665,21
1058,10,190.20174,94.33622,88.86638,125.24541,161.03424,21
1058,11,136.26144,84.89314,56.456383,73.22712,118.84056,21
1058,12,141.8122,58.770462,81.40962,89.6467,119.5949,21
1059,1,130.65173,66.10766,68.75676,79.03944,108.18402,21
1059,2,135.94601,54.721798,64.15237,84.248886,137.58675,21
1059,3,110.34253,51.37071,61.71618,66.95471,89.47144,21
1059,4,134.67542,66.82845,55.34562,77.07879,132.34654,21
1059,5,120.29077,44.205246,71.37062,96.86525,116.343414,21
1059,6,137.0933,40.38805,95.50383,101.25949,125.53558,21
1059,7,148.45435,60.934826,60.57985,98.715515,149.31378,21
1059,8,110.2256,46.100933,54.38817,75.0089,106.23413,21
1059,9,160.39981,64.929016,72.85763,94.75617,162.87157,21
1059,10,161.85567,74.93841,67.4468,102.41927,143.43877,21
1059,11,122.801575,90.31466,51.042774,67.31306,105.98166,21
1059,12,122.478874,62.550316,73.1163,75.11932,104.05102,21
1060,1,136.99055,78.390465,67.35063,82.39706,107.696655,21
1060,2,136.60968,57.56114,57.722294,79.41645,145.46478,21
1060,3,111.521866,55.140656,53.592953,64.41065,87.32864,21
1060,4,139.97531,72.51641,58.35102,63.563602,134.75746,21
1060,5,124.31081,50.64551,66.08626,90.532455,121.950584,21
1060,6,131.4526,36.80569,92.61146,100.53502,130.51697,21
1060,7,142.19136,58.80036,54.032124,102.07016,128.42215,21
1060,8,108.11906,45.26114,60.007427,73.82629,100.08574,21
1060,9,160.05972,66.64233,82.37331,86.88887,165.93011,21
1060,10,170.14224,83.46354,80.56835,112.53536,150.1242,21
1060,11,119.22245,90.109024,37.806973,57.47856,100.09976,21
1060,12,123.01009,62.67494,68.85163,75.486916,95.196304,21
1061,1,130.04886,76.215355,63.93611,72.88552,105.829025,21
1061,2,140.13853,63.75396,66.99299,88.77009,138.60019,21
1061,3,114.51094,59.026848,53.324524,65.8759,87.17173,21
1061,4,140.54521,70.85257,61.357037,88.24036,136.92285,21
1061,5,121.85946,44.304913,81.23476,87.19359,114.95444,21
1061,6,130.38591,44.27015,71.6609,94.23275,123.97651,21
1061,7,146.38005,59.440693,70.13296,85.36713,141.61511,21
1061,8,109.769714,53.818874,50.10501,59.79577,109.663376,21
1061,9,160.98103,70.546196,66.61261,92.71944,153.05319,21
1061,10,154.0635,69.564026,59.311275,101.2055,156.4981,21
1061,11,122.1339,91.58992,38.34301,54.591396,105.62633,21
1061,12,119.25897,69.186646,66.11972,69.03854,83.28284,21
1062,1,117.28054,82.60619,47.358128,65.33615,89.325935,21
1062,2,131.2807,67.430786,42.808826,62.921265,126.96959,21
1062,3,146.14774,79.71604,52.78577,69.242905,156.1634,21
1062,4,172.61458,93.088394,66.37419,95.313484,145.42865,21
1062,5,106.81476,57.177586,33.46705,52.481434,104.24794,21
1062,6,91.57582,45.287228,36.355522,54.613575,84.74895,21
1062,7,69.00729,33.756374,38.547863,46.865715,57.45564,21
1062,8,53.247993,28.618828,21.39592,27.442875,44.596886,21
1062,9,94.32855,35.959694,51.39978,70.28761,84.41349,21
1062,10,170.97112,76.06493,92.52765,109.49767,167.29118,21
1062,11,135.416,102.73123,44.372124,59.989494,117.40564,21
1062,12,138.06429,73.88444,53.166367,88.14274,118.3548,21
1063,1,129.53983,105.96081,43.085484,63.97704,91.11961,21
1063,2,140.76164,63.074024,54.53909,78.42506,161.93408,21
1063,3,141.19832,83.2332,66.82924,70.86771,103.2527,21
1063,4,172.07681,104.93245,66.17975,97.71548,133.20482,21
1063,5,112.86647,63.533775,47.855988,64.28064,109.15501,21
1063,6,104.66622,55.910336,34.54117,49.92077,92.72471,21
1063,7,85.269485,44.957703,46.6726,53.62999,78.96821,21
1063,8,59.9474,35.06192,21.468147,27.179401,48.599743,21
1063,9,112.20341,54.039135,70.36157,73.82822,96.57615,21
1063,10,147.5128,57.15033,83.21944,101.82591,155.06955,21
1063,11,137.12764,106.77679,41.061214,63.047966,105.49186,21
1063,12,139.81404,92.60804,57.758495,65.30376,103.937675,21
1064,1,120.170105,92.44304,54.835724,65.64841,79.23141,21
1064,2,138.37772,72.61851,41.14702,74.030716,138.20572,21
1064,3,125.693954,79.22278,55.152782,60.856415,83.66924,21
1064,4,161.34227,96.36655,82.49594,86.91259,136.86188,21
1064,5,122.2581,62.46308,74.416565,77.40466,107.42325,21
1064,6,113.72241,47.20775,58.426033,65.83532,120.54092,21
1064,7,110.73519,50.549545,59.744156,73.00128,106.2456,21
1064,8,79.971245,39.897957,28.413969,42.74051,81.018295,21
1064,9,132.11589,61.978706,78.13718,91.63779,118.52908,21
1064,10,144.79105,62.71398,83.46822,108.22156,135.92604,21
1064,11,129.043,105.65027,48.180515,52.65661,78.476685,21
1064,12,128.03342,91.51338,46.54676,67.571304,86.16507,21
1065,1,117.0603,78.10244,48.937084,65.705605,81.29273,21
1065,2,138.52014,74.02696,48.479282,68.5094,121.47652,21
1065,3,118.810875,72.88855,54.61298,58.250553,85.15662,21
1065,4,153.09538,87.740974,76.24799,78.984055,140.79678,21
1065,5,119.98917,59.47023,74.982376,82.52764,104.14758,21
1065,6,123.15372,48.858597,69.72393,75.03845,126.30593,21
1065,7,120.06754,55.36849,64.16428,76.7668,114.849754,21
1065,8,88.71969,45.995144,29.957052,52.35899,84.17957,21
1065,9,133.72333,62.8324,76.404305,84.06004,120.37952,21
1065,10,138.68562,58.30564,89.23674,96.923965,128.52057,21
1065,11,123.10671,102.10344,44.622635,51.278633,84.406235,21
1065,12,124.66968,84.914505,48.151394,66.047935,84.41439,21
1066,1,109.37528,56.87295,57.513985,64.30321,88.27684,21
1066,2,148.43204,80.7236,66.91761,90.7666,130.68594,21
1066,3,118.60654,67.2211,47.228443,66.4915,93.12545,21
1066,4,138.88824,82.11881,57.124912,80.30634,126.05146,21
1066,5,121.82551,53.92124,75.23305,83.69064,115.02307,21
1066,6,125.06339,50.4625,65.78304,88.82389,110.75848,21
1066,7,130.17108,74.01308,67.283745,83.847885,128.02077,21
1066,8,111.57606,57.40808,52.68851,65.30314,98.205154,21
1066,9,136.63254,59.521015,92.580505,95.3838,117.31709,21
1066,10,124.65138,51.523666,75.460686,93.87846,120.43456,21
1066,11,122.27492,84.104164,50.699577,60.945496,123.00868,21
1066,12,113.37684,70.045784,59.13564,64.833496,95.26808,21
1067,1,92.64834,46.277824,51.909927,55.6645,75.29363,21
1067,2,140.36703,76.78721,71.3406,88.853905,127.21356,21
1067,3,105.75954,58.318047,50.962963,59.394176,91.75899,21
1067,4,122.247,66.231064,56.312653,63.934246,116.400536,21
1067,5,117.81157,56.151733,61.84689,72.68851,120.1355,21
1067,6,112.78414,39.236683,69.836266,83.94803,111.633354,21
1067,7,109.18906,71.15311,50.33172,54.014957,95.31229,21
1067,8,98.06528,47.484127,49.181538,55.01909,87.7708,21
1067,9,116.83888,39.876247,75.78642,82.81134,115.511444,21
1067,10,106.697556,44.1423,61.62487,76.44979,101.262024,21
1067,11,95.48252,60.690525,32.625458,50.538498,85.817154,21
1067,12,93.510895,49.859486,56.413597,61.76077,76.04705,21
1068,1,90.65956,44.74525,47.79703,54.097916,72.60953,21
1068,2,131.74272,92.92557,61.6005,65.99005,114.37526,21
1068,3,115.002975,76.056496,42.577194,60.20677,96.63559,21
1068,4,140.68665,77.43984,56.68804,62.760384,150.42664,21
1068,5,118.54099,58.408653,53.855106,85.35641,106.058754,21
1068,6,120.44742,46.740803,75.014725,85.626656,123.61814,21
1068,7,102.52126,62.34961,41.58344,51.98264,78.45386,21
1068,8,90.61954,40.467007,44.22876,55.39682,86.31711,21
1068,9,118.19846,51.892506,79.1174,83.7204,103.98943,21
1068,10,116.13934,48.990486,67.46217,80.28103,122.133255,21
1068,11,111.01996,82.218155,35.130558,62.09224,86.071846,21
1068,12,108.50377,73.0902,43.716408,50.38514,89.93898,21
1069,1,91.39511,39.651573,47.65901,56.71749,80.43979,21
1069,2,140.41779,93.304214,58.102135,73.462555,123.45557,21
1069,3,107.51138,68.78015,40.288677,58.478073,84.26908,21
1069,4,133.665,79.144394,58.253716,63.63334,128.9014,21
1069,5,116.47456,60.245136,63.58015,75.491,101.774155,21
1069,6,116.60719,40.99659,70.21833,79.82628,119.09021,21
1069,7,107.58927,62.695034,46.143967,62.08513,98.73718,21
1069,8,94.54248,44.216213,51.29243,54.72756,84.18143,21
1069,9,123.98295,55.214535,74.88029,84.33678,116.2315,21
1069,10,118.05871,48.276466,68.56994,82.41334,116.47921,21
1069,11,112.01409,82.49459,45.31323,58.30566,91.4377,21
1069,12,102.31701,66.16814,51.060223,55.041584,80.12521,21
1070,1,85.818665,35.3026,52.87634,59.09364,77.76735,21
1070,2,133.45047,85.148796,63.13325,85.88145,109.12108,21
1070,3,105.32033,62.244656,54.408745,61.49389,93.41183,21
1070,4,121.05221,65.45146,56.23828,59.64344,124.585464,21
1070,5,119.331566,64.648636,49.698082,71.54549,108.32094,21
1070,6,115.75011,42.214684,61.779503,87.383385,113.88253,21
1070,7,100.44682,65.91487,42.035915,45.372677,79.388466,21
1070,8,89.555565,39.36285,47.96536,54.295902,84.642624,21
1070,9,112.6788,42.790043,69.53977,71.31847,108.38537,21
1070,10,103.73116,44.139904,55.392033,68.74969,98.02408,21
1070,11,95.59157,62.178337,30.277822,53.543694,79.71627,21
1070,12,92.86319,50.58889,43.85131,51.96335,83.75913,21
1071,1,85.41644,35.846794,41.035156,54.398182,85.58173,21
1071,2,132.50853,77.50602,57.80802,82.12471,124.9665,21
1071,3,118.659004,72.107445,66.35372,73.91304,99.31932,21
1071,4,120.213005,61.853016,59.056183,72.39316,113.09641,21
1071,5,124.249596,73.11844,55.51071,62.337097,118.857254,21
1071,6,113.3976,45.549545,65.4996,84.37323,114.239174,21
1071,7,98.364395,51.177986,42.235962,55.82331,94.29607,21
1071,8,95.41749,44.33704,53.733284,61.46685,78.41332,21
1071,9,94.72708,39.81964,51.945015,59.94359,92.24764,21
1071,10,93.94279,42.662155,39.475807,62.765087,92.05574,21
1071,11,83.28841,50.84935,28.946587,51.71255,69.511024,21
1071,12,90.1576,43.592106,43.254524,56.055798,83.25953,21
